date,track_title,artist,album,year,speciality,instrumental,chartlist,cancon,local,duration_seconds,Source,Notes
2020-01-21,Blowin Wax,People Under the Stairs,Question In The Form Of An Answer,2000,N,N,N,N,N,275,Serato,
2020-01-21,La Goutte D'Or,St. Germain,Tourist,2000,Y,Y,N,N,N,381,Serato,
2020-01-21,Get Involved,Pete Rock,Petestrumentals,2001,N,Y,N,N,N,305,Serato,
2020-01-21,Mellowmindnuss,Atamone,Nitespliffs,2017,N,Y,N,Y,N,93,Serato,
2020-01-21,Katsudon,Karavelo,The Cookbook Vol. 1,2019,N,Y,Y,Y,N,87,Serato,
2020-01-21,You Know The Way I Feel,Katherine Penfold,Sweetest Thing,2020,N,N,Y,Y,N,236,Serato,
2020-01-21,The Climb (feat. Thundercat),Flying Lotus,Flamagra,2019,N,N,N,N,N,201,Serato,
2020-01-21,View From the Moon,Junius Paul,ism,2019,Y,Y,Y,N,N,100,Serato,
2020-01-21,Get Down (Instrumental),A.Y.E.,90 NOW Instrumentals,2016,N,Y,N,Y,Y,240,Serato,
2020-01-21,Walk in the Sunset,Uyama Hiroto,A Son of the Sun,2018,Y,Y,N,N,N,315,Serato - Tidal,
2020-01-21,Offering,Rob Clutton with Tony Malaby,Offering,2019,Y,Y,Y,Y,N,217,Serato,
2020-01-21,"Warning Talk, Part Three",David Axelrod,The Edge: David Axelrod At Capitol Records 1966,1970,Y,N,N,N,N,278,Serato - Tidal,
2020-01-21,Riis Beach (Instrumental),Chuck Strangers,Consumers Park,2018,N,Y,N,N,N,183,Serato - Tidal,
2020-01-21,High,"Freddie Gibbs, Madlib",Pinata Beats,2014,N,Y,N,N,N,165,Serato - Tidal,
2020-01-21,The Free Up (Party People),Ras G,Beatz of Mind,2010,N,N,N,N,N,222,Serato - Tidal,
2020-01-21,Funky Blue Note,"Morgan Adams Quartet Plus Two, Madlib",Shades of Blue: Madlib Invades Blue Note,2003,N,N,N,N,N,187,Serato - Tidal,
2020-01-21,Montaigne,Andres Vial,Gang of Three,2019,Y,Y,Y,Y,N,349,Serato,
2020-01-21,? (Instrumental),MF DOOM,Operation: Doomsday (Complete),1999,N,Y,N,N,N,157,Serato - Tidal,
2020-01-21,What a Day,Kiefer,Happysad,2018,N,Y,N,N,N,157,Serato - Tidal,
2020-01-21,Luv (sic.) Pt. 3,Nujabes,Modal Soul,2005,N,Y,N,N,N,336,Serato - Tidal,
2020-01-21,Mantranada,Kawfee,Big chillin’,2019,N,Y,N,Y,N,73,Serato - Tidal,
2020-01-21,Black Ego,Digable Planets,Blowout Comb,1994,N,N,N,N,N,422,Serato - Tidal,
2020-01-21,Speak The Language (feat. Lizz Fields),Jazz Liberatorz,Clin D'oeil,2008,N,N,N,N,N,360,Serato - Tidal,
2020-01-28,They Reminisce Over You (T.R.O.Y.),Pete Rock & C.L. Smooth,Mecca and the Soul Brother,1992,N,N,N,N,N,270,Serato,
2020-01-28,Max Brown,Jeff Parker,Suite for Max Brown,2020,Y,Y,Y,N,N,636,Serato,
2020-01-28,Santiago,Tarik Robinson,Unión Latinoamericana (Beat Tape),2019,N,Y,Y,Y,Y,139,Serato,
2020-01-28,3-D Lifestyles,Greg Osby,3-D Lifestyles,1993,N,N,N,N,N,247,Serato - Tidal,
2020-01-28,sugar,yutaka hirasaka,Forever,2020,Y,Y,Y,N,N,238,Serato,
2020-01-28,Refuge,Rob Clutton with Tony Malaby,Offering,2019,Y,Y,Y,Y,N,261,Serato,
2020-01-28,Take it Easy,Kawfee,Memento,2019,N,Y,N,Y,N,136,Serato - Tidal,
2020-01-28,The Red Book,Khruangbin,Hasta El Cielo,2019,N,Y,N,N,N,192,Serato,
2020-01-28,High Above a Grey Green Sea,Colin Stetson,New History Warfare Vol. 3: To See More Light,2013,Y,Y,N,Y,N,265,Serato - Tidal,
2020-01-28,Why Keep On Breaking My Heart,Nina Simone,Wild Is the Wind,1966,N,N,N,N,N,157,Serato - Tidal,
2020-01-28,Emotions,Atamone,Nitespliffs,2017,N,Y,N,Y,N,153,Serato - Tidal,
2020-01-28,Akamara,Jamael Dean,Black Space Tapes,2019,Y,Y,N,N,N,699,Serato - Tidal,
2020-01-28,Certain Cells (feat. Esperanza Spalding & Nels Cline),"Kris Davis, Esperanza Spalding, Nels Cline",Diatom Ribbons,2019,Y,Y,N,N,N,339,Serato - Tidal,
2020-01-28,Ain't The Devil Happy,Jeru The Damaja,The Sun Rises In The East,1994,N,N,N,N,N,224,Serato - Tidal,
2020-01-28,Pete's Jazz,Pete Rock,Petestrumentals,2001,N,Y,N,N,N,337,Serato,
2020-01-28,Cherokee,Kamasi Washington,The Epic,2015,Y,N,N,N,N,494,Serato,
2020-01-28,CMYK,BADBADNOTGOOD,BBNG2,2012,Y,Y,N,Y,N,316,Serato,
2020-01-28,The Blackwidow Blues (Album Version),Buckshot LeFonque,Buckshot Lefonque,1994,Y,Y,N,N,N,368,Serato - Tidal,
2020-02-04,Introduction,Madlib,Shades Of Blue: Madlib Invades Blue Note,2003,N,N,N,N,N,32,Serato - Tidal,
2020-02-04,Slim's Return,Madlib,Shades Of Blue: Madlib Invades Blue Note,2003,N,Y,N,N,N,236,Serato - Tidal,
2020-02-04,Go Away,Jeff Parker,Suite For Max Brown,2020,Y,Y,Y,N,N,299,Serato,
2020-02-04,Coquimbo,Tarik Robinson,Unión Latinoamericana (Beat Tape),2019,N,Y,Y,Y,Y,239,Serato,
2020-02-04,Never My Love,Tom Scott,The Honeysuckle Breeze,1967,N,N,N,N,N,199,Serato - Tidal,
2020-02-04,Sailing at Night,Local Talent,Higienópolis,2019,Y,Y,Y,Y,N,281,Serato,
2020-02-04,Coffee and A Cigarette,Karavelo,The Cookbook Vol. 1,2019,N,Y,Y,Y,N,45,Serato,
2020-02-04,Nature Man and Woman,Badge Époque Ensemble,"Nature, Man & Woman",2019,Y,Y,Y,Y,N,370,Serato,
2020-02-04,Azimuth,G Mills,"Currents, Vol. 1",2018,N,Y,N,N,N,111,Serato - Tidal,
2020-02-04,Treefingers,Radiohead,Kid A,2000,N,Y,N,N,N,222,Serato - Tidal,
2020-02-04,Loungin' (feat. Donald Byrd),Guru,Jazzmatazz Volume 1,1993,N,N,N,N,N,279,Serato - Tidal,
2020-02-04,It's Good To Be Here,Digable Planets,Reachin' (A New Refutation Of Time And Space),1993,N,N,N,N,N,306,Serato - Tidal,
2020-02-04,Resurrection,Common,Resurrection,1994,N,N,N,N,N,227,Serato - Tidal,
2020-02-04,The Doo-Bop Song,Miles Davis,Doo-Bop,1992,N,N,N,N,N,302,Serato - Tidal,
2020-02-04,Lifetime Monologue,Lou Rawls,The Edge: David Axelrod At Capitol Records 1966-1970,1968,N,N,N,N,N,111,Serato - Tidal,
2020-02-04,One For You,Doug Lucas,Niara,1976,N,Y,N,N,N,382,Serato - Tidal,
2020-02-04,within,howiewonder,float,2019,N,Y,Y,Y,N,171,Serato,
2020-02-04,Right Here,DJ Mitsu The Beats,New Awakening,2007,N,N,N,N,N,289,Serato - Tidal,
2020-02-04,I Love Music,Ahmad Jamal Trio,The Awakening,1970,Y,Y,N,N,N,442,Serato - Tidal,
2020-02-04,Twilight (feat. Izo FitzRoy),Kraak & Smaak,Pleasure Centre,2019,N,N,Y,N,N,343,Serato - CJSW,
2020-02-04,Benchwarming,Audrey Ochoa,Frankenhorn,2020,Y,Y,Y,Y,N,401,Serato - CJSW,
2020-02-11,Clin D'oeil,Jazz Liberatorz,Clin D'oeil,2008,N,N,N,N,N,424,Serato - Tidal,
2020-02-11,Two Pit Bulls,Chuck Strangers,Consumers Park,2018,N,Y,N,N,N,100,Serato - Tidal,
2020-02-11,Recoiled,Flying Lotus,Cosmogramma,2010,N,Y,N,N,N,333,Serato,
2020-02-11,Fusion Swirl,Jeff Parker,Suite For Max Brown,2020,Y,Y,Y,N,N,333,Serato,
2020-02-11,Skeletons,Local Talent,Higienópolis,2019,Y,Y,Y,Y,N,333,Serato,
2020-02-11,Storm Chasers,Redline Trio,Redline Trio featuring Steve Hudson,2020,Y,Y,Y,Y,Y,250,Serato,
2020-02-11,sniff,bsd.u,pook,2017,N,Y,N,Y,N,79,Serato - Tidal,
2020-02-11,I Almost Fell In Love With You,Don_Solo,BLESS Vol. 1,2017,N,Y,N,N,N,112,Serato - Tidal,
2020-02-11,Eyes Closed,BADBADNOTGOOD,III,2014,Y,Y,N,Y,N,358,Serato,
2020-02-11,Just To Let You Know,Bunko Stew,Take A 15,2015,N,Y,N,Y,N,141,Serato,
2020-02-11,Pula Yetla,Letta Mbulu,Letta Mbulu Sings,1967,N,N,N,N,N,217,Serato - Tidal,
2020-02-11,Dynamite!,The Roots,Things Fall Apart,1999,N,N,N,N,N,286,Serato - Tidal,
2020-02-11,"Greenbacks (12"" Instrumental Version)",MF DOOM,Operation: Doomsday (Complete),1999,N,Y,N,N,N,237,Serato - Tidal,
2020-02-11,Today,Tom Scott,The Honeysuckle Breeze,1967,N,N,N,N,N,199,Serato - Tidal,
2020-02-11,Give Me Your Love (Love Song),Curtis Mayfield,Superfly,1972,Y,Y,N,N,N,260,Serato - Tidal,
2020-02-11,Freedom Death Dance,Eugene McDaniels,Headless Heroes of the Apocalypse,1971,N,N,N,N,N,259,Serato - Tidal,
2020-02-11,Dolphin Dance,Ahmad Jamal Trio,The Awakening,1970,Y,Y,N,N,N,309,Serato - Tidal,
2020-02-11,Hosoi,HNNY,Hosoi,2019,N,Y,N,N,N,185,Serato - Tidal,
2020-02-11,Bucket List,Mark Godfrey,Square Peg,2020,Y,Y,Y,Y,N,189,Serato,
2020-02-11,Bach,"Soil & ""Pimp"" Sessions",Man Steals The Stars,2019,Y,Y,Y,N,N,310,Serato,
2020-02-11,UC Visions,"Underground Canopy, Bluestaeb, S. Fidelity ",Bluestaeb and S. Fidelity Present Underground Canopy,2020,Y,Y,Y,N,N,621,Serato,
2020-02-18,Runnin',The Pharcyde,Labcabincalifornia,1995,N,N,N,N,N,296,Serato - Tidal,
2020-02-18,Monad,"Soil & ""Pimp"" Sessions",Man Steals The Stars,2019,Y,Y,Y,N,N,377,Serato,
2020-02-18,Ongoing Morning,Sefi Zisling,Expanse,2019,Y,Y,Y,N,N,437,Serato,
2020-02-18,impression,yutaka hirasaka,Forever,2020,Y,Y,Y,N,N,220,Serato,
2020-02-18,Rio De Janeiro,Tarik Robinson,Unión Latinoamericana (Beat Tape),2019,Y,Y,N,Y,Y,191,Serato,
2020-02-18,See Winter,Sascha Liebrand & Wendy McGrath,Before We Knew,2019,Y,N,Y,Y,N,165,Serato,
2020-02-18,crucial,howiewonder,float,2019,N,N,N,Y,N,172,Serato,
2020-02-18,C'mon Now,Jeff Parker,Suite For Max Brown,2020,N,N,Y,N,N,26,Serato,
2020-02-18,Better,Katherine Penfold,Sweetest Thing,2019,N,N,Y,Y,N,264,Serato,
2020-02-18,Me 4 Prez,"Terrell Morris, Free n Losh",Molasses,2018,N,N,N,Y,N,218,Serato - Tidal,
2020-02-18,In Orbit,Haolin Munk,Planestasia Suite,2018,Y,Y,N,Y,N,178,Serato - Tidal,
2020-02-18,In The Flesh,Pete Rock & C.L. Smooth,The Main Ingredient,1994,N,N,N,N,N,349,Serato - Tidal,
2020-02-18,"Pacifics (Sdtrk ""N.Y. Is Red Hot"")",Digable Planets,Reachin' (A New Refutation Of Time And Space),1993,N,N,N,N,N,271,Serato - Tidal,
2020-02-18,Fall in Love,"Slum Village, Abstract Orchestra","Fantastic 2020, Vol. 1",2000,N,N,N,N,N,218,Serato - Tidal,
2020-02-18,Feather,Nujabes,Modal Soul,2005,N,N,N,N,N,175,Serato - Tidal,
2020-02-18,Seagulls,Kawfee,Memento,2019,N,Y,N,Y,N,132,Serato - Tidal,
2020-02-18,Memories,Blue Lab Beats,Voyage,2019,Y,Y,N,N,N,277,Serato - Tidal,
2020-02-18,Running,"Gil Scott-Heron, Makaya McCraven",We're New Again - A Reimagining by Makaya McCraven,2020,N,N,N,N,N,124,Serato - Tidal,
2020-02-18,Fly Casual (Explicit),Average Rap Band,El Sol,2016,N,N,N,N,N,227,Serato - Tidal,
2020-02-18,Knicks,"Freddie Gibbs, Madlib",Piñata Beats,2014,N,Y,N,N,N,219,Serato - Tidal,
2020-02-18,So Flute,St. Germain,Tourist,2000,Y,Y,N,N,N,509,Serato,
2020-02-18,Gift for Mathilda,Still Moving,Still Moving EP,2019,Y,Y,Y,N,N,361,Serato - Booth,
2020-02-25,Scenario (LP Mix),A Tribe Called Quest,The Low End Theory,1991,N,N,N,N,N,250,Serato - Tidal,
2020-02-25,Sommeron (feat. imugi ??????),Kraak & Smaak,Pleasure Centre,2019,N,N,Y,N,N,282,Serato,
2020-02-25,Higienópolis,Local Talent,Higienópolis,2019,Y,Y,Y,Y,N,371,Serato,
2020-02-25,Clockwise Turn,Sascha Liebrand & Wendy McGrath,Before We Knew,2019,N,N,Y,Y,N,185,Serato,
2020-02-25,Running (instrumental),Amp Sessions,The Color of Sound,2019,N,Y,Y,Y,Y,112,Serato,
2020-02-25,Nica's Dream,The Ed Bickert Trio,Out of the Past,2005,Y,Y,N,Y,N,583,Serato - Tidal,
2020-02-25,Sorry,Brainstory,Buck,2019,N,N,Y,N,N,178,Serato,
2020-02-25,Cashmere,BADBADNOTGOOD,IV,2016,Y,Y,N,Y,N,287,Serato,
2020-02-25,Ferguson,Andres Vial,Gang Of Three,2019,Y,Y,Y,Y,N,344,Serato,
2020-02-25,Wandering,@Peace,Girl Songs,2013,N,N,N,N,N,186,Serato - Tidal,
2020-02-25,"1010 Wins, Pt. 1 & 2 (Instrumental)",Chuck Strangers,Consumers Park,2018,N,Y,N,N,N,221,Serato - Tidal,
2020-02-25,Another Life,"D'Angelo, The Vanguard",Black Messiah,2014,N,N,N,N,N,358,Serato - Tidal,
2020-02-25,Tea Break,Avantdale Bowling Club,Avantdale Bowling Club,2018,Y,Y,N,N,N,290,Serato - Tidal,
2020-02-25,Adawa,Jamael Dean,Black Space Tapes,2019,Y,Y,N,N,N,434,Serato - Tidal,
2020-02-25,Take the D Train,Pete Rock,Petestrumentals,2001,N,Y,N,N,N,294,Serato,
2020-02-25,Marakesh,Hein Huysmans Kwintet,Hein Huysmans Kwintet - Septet,1970,Y,Y,N,N,N,450,Serato - Tidal,
2020-02-25,Thank You,Nujabes,Modal Soul,2005,N,N,N,N,N,249,Serato - Tidal,
2020-02-25,Chill 16,"Soil & ""Pimp"" Sessions",Man Steals The Stars,2019,Y,Y,Y,N,N,336,Serato - Booth,
2020-03-03,San Juan,Tarik Robinson,Unión Latinoamericana (Beat Tape),2019,N,Y,Y,Y,Y,180,Serato,
2020-03-03,Baby Back [Bootleg],Karavelo,The Cookbook Vol. 1,2019,N,Y,N,Y,N,81,Serato,
2020-03-03,Lavender (feat. Kaytranada),BADBADNOTGOOD,IV,2016,Y,Y,N,Y,N,200,Serato,
2020-03-03,sincere,howiewonder,float,2019,N,Y,N,Y,N,133,Serato,
2020-03-03,Silver Linings,Audrey Ochoa,Frankenhorn,2020,Y,Y,Y,Y,N,285,Serato,
2020-03-03,Wait to Speak,Sascha Liebrand & Wendy McGrath,Before We Knew,2019,Y,N,Y,Y,N,145,Serato,
2020-03-03,The Silent Cry,Local Talent,Higienópolis,2019,Y,Y,Y,Y,N,337,Serato,
2020-03-03,Gang of Three,Andrés Vial,Gang of Three,2019,Y,Y,Y,Y,N,272,Serato,
2020-03-03,The Road,Clairmont The Second,Quest for Milk and Honey,2017,N,N,N,Y,N,138,Serato - Tidal,
2020-03-03,Cantaloop (Flip Fantasia) (Instrumental),US3,Hand on the Torch,1993,Y,Y,N,N,N,254,Serato - Tidal,
2020-03-03,Envelopes (Chapter VI),Leon Vynehall,Nothing Is Still,2018,N,Y,N,N,N,329,Serato - Tidal,
2020-03-03,Drive Thru,[ocean jams],Automate,2019,N,Y,N,N,N,141,Serato - Tidal,
2020-03-03,Confessions,"Badbadnotgood, Leland Whitty",III,2014,Y,Y,N,Y,N,301,Serato - Tidal,
2020-03-03,Kudzu,Osoku,Tinkering,2019,N,Y,N,N,N,149,Serato - Tidal,
2020-03-03,Didn't I,Darondo,Didn't I - EP,2019,N,N,N,N,N,209,Serato - Tidal,
2020-03-03,Living Inside Your Love,Earl Klugh,The Very Best Of Earl Klugh (The Blue Note Years),2011,N,N,N,N,N,344,Serato - Tidal,
2020-03-03,Ylang Ylang,"FKJ, ((( O )))",Ylang Ylang EP,2019,N,Y,N,N,N,213,Serato - Tidal,
2020-03-03,Lonley,Wun Two,Penthouse,2014,N,Y,N,N,N,96,Serato - Tidal,
2020-03-03,Nova,[ocean jams],Locales,2019,N,Y,N,N,N,139,Serato - Tidal,
2020-03-03,Season Courage,9th Wonder,Zion,2016,N,Y,N,N,N,84,Serato - Tidal,
2020-03-03,100 Roses,FKJ,Ylang Ylang EP,2019,N,N,N,N,N,248,Serato - Tidal,
2020-03-03,9th Power,Henyao,9th Power,2019,N,N,N,N,N,176,Serato - Tidal,
2020-03-03,By,HNNY,Hosoi,2019,N,N,N,N,N,166,Serato - Tidal,
2020-03-03,"Stop, Look, Listen (To Your Heart)","Diana Ross, Marvin Gaye",Diana & Marvin,1973,N,N,N,N,N,177,Serato - Tidal,
2020-03-03,Silly Wasn't I,Valerie Simpson,"Hitsville USA, The Motown Collection 1972-1992",1993,N,N,N,N,N,129,Serato - Tidal,
2020-03-03,Permanent Record,"Sarah, the Illstrumentalist",Home By 11 PM,2019,N,Y,N,N,N,126,Serato - Tidal,
2020-03-03,The Mystery (Dilla's Still Here),Madlib,Beat Konducta Vol. 5-6: Dil Cosby & Dil Withers Suite,2008,N,N,N,N,N,107,Serato - Tidal,
2020-03-03,Ladies,"Lee Fields, The Expressions",My World,2009,N,N,N,N,N,257,Serato - Tidal,
2020-03-03,Searching,Roy Ayers,The Best Of Roy Ayers,2000,N,N,N,N,N,250,Serato - Tidal,
2020-03-10,Take It Personal,Gang Starr,Daily Operation,1992,N,N,N,N,N,190,Serato - Tidal,
2020-03-10,Taiko,Uyama Hiroto,Freeform Jazz,2017,Y,Y,N,N,N,241,Serato - Tidal,
2020-03-10,Portrait,Jay Ross vs. Teekay,Str8 6 Shoota,2018,N,N,N,Y,Y,198,Serato,
2020-03-10,Feel Like Makin' Love,Katherine Penfold,Sweetest Thing,2019,N,N,Y,Y,N,196,Serato,
2020-03-10,Maltagliati,Emie R Roussel Trio,Rythme De Passage,2020,Y,Y,Y,Y,N,373,Serato,
2020-03-10,Deep In a Dream,The Ed Bickert Trio,Out of the Past,2006,Y,Y,N,Y,N,292,Serato,
2020-03-10,Stoopid Game,"Underground Canopy, Bluestaeb, S. Fidelity ",Bluestaeb and S. Fidelity Present Underground Canopy,2020,Y,Y,Y,N,N,258,Serato,
2020-03-10,But... Jazz Is Life,Clairmont The Second,Quest for Milk and Honey,2017,N,N,N,Y,N,80,Serato - Tidal,
2020-03-10,Payperplains IV,Atamone,Payperplains & Avocado.Smoke,2017,Y,Y,N,Y,N,97,Serato - Tidal,
2020-03-10,Book Of Life,Common,Resurrection,1994,N,N,N,N,N,305,Serato,
2020-03-10,po33 4,bsd.u,po33,2019,N,Y,N,Y,N,50,Serato,
2020-03-10,The Melody (On The Deuce by 44),Herbie Hancock,Dis Is Da Drum,1995,N,N,N,N,N,245,Serato - Tidal,
2020-03-10,Gonna Love You,Pete Rock,Petestrumentals 2,2015,N,Y,N,N,N,132,Serato - Tidal,
2020-03-10,Sunsets,Soul Choppa,BLESS Vol. 2,2018,Y,Y,N,N,N,121,Serato - Tidal,
2020-03-10,Somethin' That Means Somethin',The Pharcyde,Labcabincalifornia,1995,N,N,N,N,N,210,Serato - Tidal,
2020-03-10,What Cool Breezes Do,Digable Planets,Reachin' (A New Refutation Of Time And Space),1993,N,N,N,N,N,212,Serato - Tidal,
2020-03-10,Daddy Wong Legs,Cal Tjader,Verve Jazz Masters 39,1994,Y,Y,N,N,N,223,Serato - Tidal,
2020-03-10,Pocket Lint,Avantdale Bowling Club,Avantdale Bowling Club,2018,N,N,N,N,N,306,Serato - Tidal,
2020-03-10,Fresh (Instrumental),Chuck Strangers,Consumers Park,2018,N,Y,N,N,N,159,Serato - Tidal,
2020-03-10,Gonna Be Alright (F.T.B.),"Robert Glasper, Ledisi",Black Radio,2012,N,N,N,N,N,370,Serato - Tidal,
2020-03-10,Akuma,Sly5thave,Sly5thAve Presents: Akuma,2014,Y,Y,N,N,N,547,Serato - Tidal,
2020-03-10,Abandoned Tunnel,Poolside,Low Season,2020,N,Y,Y,N,N,163,Serato - Booth,
2020-03-10,arise,yutaka hirasaka,Forever,2020,N,Y,Y,N,N,210,Serato - Booth,
2020-03-10,After the Rain,Jeff Parker,Suite for Max Brown,2020,Y,Y,Y,N,N,286,Serato - Booth,
2020-03-17,Groundswell,Colin Stetson,New History Warfare Vol. 1,2008,Y,Y,N,Y,N,98,Serato - Tidal,
2020-03-17,Postcards,Audrey Ochoa,Frankenhorn,2020,Y,Y,Y,Y,Y,191,Serato,
2020-03-17,Empreinte,Emie R Roussel Trio,Rythme De Passage,2020,Y,Y,Y,Y,N,366,Serato,
2020-03-17,Unapologetic,Katherine Penfold,Sweetest Thing,2019,N,N,Y,Y,N,279,Serato,
2020-03-17,Mid-City Fiesta,People Under The Stairs,The Next Step,1998,N,N,N,N,N,269,Serato,
2020-03-17,Colours,Mauve Grove,Lush,2020,N,N,Y,Y,N,234,Serato,
2020-03-17,Zealous Child,Badge Époque Ensemble,"Nature, Man & Woman",2019,Y,Y,Y,Y,N,345,Serato,
2020-03-17,Home,Caribou,Suddenly,2020,N,N,Y,Y,N,156,Serato,
2020-03-17,Galaxy,War,Galaxy,1977,N,N,N,N,N,318,Serato - Tidal,
2020-03-17,Thinking of You,Sister Sledge,We Are Family,1979,N,N,N,N,N,266,Serato - Tidal,
2020-03-17,You Can Win,Bileo,You Can Win,1979,N,N,N,N,N,206,Serato,
2020-03-17,Summertime and I'm Feelin' Mellow,MFSB,Summertime,1976,N,N,N,N,N,242,Serato - Tidal,
2020-03-17,I'm Coming Out,Diana Ross,Diana,1980,N,N,N,N,N,324,Serato - Tidal,
2020-03-17,Center City,Fat Larry's Band,Feel It,1977,N,N,N,N,N,216,Serato - Tidal,
2020-03-17,You'll Never Find Another Love Like Mine,Lou Rawls,All Things in Time,1976,N,N,N,N,N,264,Serato - Tidal,
2020-03-17,Disco Inferno,The Trammps,Disco Inferno,1976,N,N,N,N,N,213,Serato - Tidal,
2020-03-17,Longer Ride,Black Ivory,Black Ivory,1976,N,N,N,N,N,216,Serato - Tidal,
2020-03-17,You Make Me Feel (Mighty Real),Sylvester,You Make Me Feel (Mighty Real),1978,N,N,N,N,N,375,Serato - Tidal,
2020-03-17,And the Beat Goes On,The Whispers,The Whispers,1979,N,N,N,N,N,414,Serato - Tidal,
2020-03-17,Sunrise Strategies,Poolside,Low Season,2020,N,Y,Y,N,N,428,Serato - Booth,
2020-03-24,All Ready Know,DJ Dine & Dash,Don't Ever Wonder,2020,N,N,Y,Y,Y,285,Serato,
2020-03-24,Rythme de passage,Emie R Roussel Trio,Rythme De Passage,2020,Y,Y,Y,Y,N,407,Serato,
2020-03-24,Black Magic,"Matthew Tavares, Leland Whitty",Visions,2020,Y,Y,N,Y,N,181,Serato - Tidal,
2020-03-24,MUSA,Witch Prophet,DNA ACTIVATION,2020,Y,N,Y,Y,N,169,Serato,
2020-03-24,KO7,"Glimlip, Louk",KO7,2019,Y,Y,N,N,N,155,Serato,
2020-03-24,We Like it Crunchy,Bunko Stew,Take A 15,2015,N,Y,N,N,N,123,Serato,
2020-03-24,stranger,howiewonder,float,2019,Y,Y,N,Y,N,137,Serato,
2020-03-24,Reverie With You And Me,Sefi Zisling ,Expanse,2019,Y,Y,Y,N,N,392,Serato,
2020-03-24,Jealousy (Instrumental),"Slum Village, Abstract Orchestra","Fantastic 2020, Vol. 1",2000,Y,Y,N,N,N,270,Serato - Tidal,
2020-03-24,never learn,Laizlo,2MOrrow,2020,N,N,Y,Y,N,105,Serato,
2020-03-24,Lime,Caribou,Suddenly,2020,N,N,Y,Y,N,175,Serato,
2020-03-24,Tony Sendo,"Underground Canopy, Bluestaeb, S. Fidelity ",Bluestaeb and S. Fidelity Present Underground Canopy,2020,Y,Y,Y,N,N,230,Serato,
2020-03-24,93 'Til Infinity (LP Instrumental),Souls Of Mischief,93 'Til Infinity,1993,N,Y,N,N,N,292,Serato - Tidal,
2020-03-24,Home,Avantdale Bowling Club,Avantdale Bowling Club,2018,N,N,N,N,N,454,Serato - Tidal,
2020-03-24,Greatdayndamornin'/Booty,D'Angelo,Voodoo,2000,N,N,N,N,N,455,Serato - Tidal,
2020-03-24,Smell The Lotus,FutureBeats,Purity,2015,N,Y,N,N,N,72,Serato - Tidal,
2020-03-24,A King's Life,9th Wonder,Zion,2016,N,Y,N,N,N,158,Serato - Tidal,
2020-03-24,Schooled in the Trade (Instrumental),People Under The Stairs,The Om Years (Disc 2),2008,N,Y,N,N,N,281,Serato,
2020-03-24,Wonders & Signs,Buckshot LeFonque,Buckshot Lefonque,1994,N,N,N,N,N,331,Serato - Tidal,
2020-03-24,Space is the Place,Ezra Collective,You Can't Steal My Joy,2019,Y,Y,N,N,N,154,Serato - Tidal,
2020-03-24,Koto,Antibalas,Fu Chronicles,2020,Y,Y,Y,N,N,598,Serato - Booth,
2020-03-31,Heat of the Moon,"Matthew Tavares, Leland Whitty",Visions,2020,Y,Y,N,Y,N,337,Serato - Tidal,
2020-03-31,"A Great Picture, and You and I",Karavelo,The Good Universe,2017,N,N,N,Y,N,146,Serato - Tidal,
2020-03-31,Nitespliffs,Atamone,Nitespliffs,2017,N,N,N,Y,N,99,Serato - Tidal,
2020-03-31,Vices,BADBADNOTGOOD,BBNG2,2012,Y,Y,N,Y,N,280,Serato,
2020-03-31,4you,Laizlo,2dAY,2020,N,N,Y,Y,N,49,Serato,
2020-03-31,Square Peg,Mark Godfrey,Square Peg,2020,Y,Y,Y,Y,N,332,Serato,
2020-03-31,TESFAY,Witch Prophet,DNA ACTIVATION,2020,N,N,Y,Y,N,171,Serato,
2020-03-31,The Final View,Nujabes,Metaphorical Music,2017,Y,N,N,N,N,214,Serato - Tidal,
2020-03-31,Try Again,Kawfee,Memento,2019,Y,Y,N,Y,N,173,Serato - Tidal,
2020-03-31,1OVE (Instrumental),A.Y.E.,90 NOW Instrumentals,2016,N,Y,N,N,Y,191,Serato,
2020-03-31,Pont des Arts,St. Germain,Tourist,2000,Y,Y,N,N,N,446,Serato,
2020-03-31,Clap Clap! The Joyful Noise,Kenny Cox,Clap Clap! The Joyful Noise,2012,Y,Y,N,N,N,439,Serato - Tidal,
2020-03-31,"Amen, Brother",The Wintston's,Color Him Father,1969,Y,Y,N,N,N,156,Serato - Tidal,
2020-03-31,Apocalíptico (feat Azymuth),Adrian Younge and Ali Shaheed Muhammad,Jazz Is Dead 001,2020,Y,Y,Y,N,N,567,Serato,
2020-03-31,Rendezvous,DJ Mitsu The Beats,New Awakening,2007,Y,Y,N,N,N,440,Serato - Tidal,
2020-03-31,The Philosopher,Ezra Collective,Juan Pablo: The Philosopher,2018,Y,Y,N,N,N,316,Serato - Tidal,
2020-03-31,None,howiewonder,Within,2013,N,Y,N,Y,N,99,Serato - Tidal,
2020-03-31,Who Sent You - Ritual,Irreversible Entanglements,Who Sent You?,2020,Y,N,Y,N,N,885,Serato,
2020-04-07,Stay Home,People Under The Stairs,Question In The Form Of An Answer,2000,N,N,N,N,N,201,Serato,
2020-04-07,Hey Lover (feat Roy Ayers),Adrian Younge and Ali Shaheed Muhammad,Jazz Is Dead 001,2020,Y,N,Y,N,N,146,Serato,
2020-04-07,Last Sniff featuring MF DOOM,Wilma Archer,A Western Circular,2020,N,N,Y,N,N,191,Serato,
2020-04-07,Badge Theme,Badge Époque Ensemble,"Nature, Man & Woman",2019,Y,Y,Y,Y,N,880,Serato,
2020-04-07,Loners,Emie R Roussel Trio,Rythme De Passage,2020,Y,Y,Y,Y,N,393,Serato,
2020-04-07,Walk On By,Pete Rock,Petestrumentals,2001,N,Y,N,N,N,273,Serato,
2020-04-07,Officer,The Pharcyde,Bizarre Ride II The Pharcyde,1992,N,N,N,N,N,240,Serato,
2020-04-07,How Ya Doin'? (Instrumental),Dragon Fli Empire,Banff Avenue,2020,Y,Y,Y,Y,Y,201,Serato,
2020-04-07,po33 3,bsd.u,po33,2019,Y,Y,N,Y,N,61,Serato,
2020-04-07,prior st theme,Laizlo,2MOrrow,2020,Y,Y,Y,Y,N,118,Serato,
2020-04-07,The Code Noir / Amina,Irreversible Entanglements,Who Sent You?,2020,Y,N,Y,N,N,451,Serato,
2020-04-07,3 for L,Jeff Parker,Suite For Max Brown,2020,Y,Y,Y,N,N,288,Serato,
2020-04-07,Heave(n),Flying Lotus,Until The Quiet Comes,2012,Y,Y,N,N,N,143,Serato,
2020-04-07,The Equestrian,David Lavoie Quartet,Juno,2020,Y,Y,Y,Y,N,387,Serato,
2020-04-07,Flowers,Matt Nish,Fresh Air,2019,Y,Y,Y,N,N,153,Serato,
2020-04-07,GHIDEON (RADIO EDIT),Witch Prophet,DNA ACTIVATION,2020,N,N,Y,Y,N,120,Serato,
2020-04-07,Alfama,kuma,kumadé,2020,Y,Y,Y,N,N,334,Serato,
2020-04-07,I Love Vertigo,Chassol,Ludi,2020,N,N,Y,N,N,147,Serato,
2020-04-07,Bad Dream,Kawfee,Fate Will Lead The Way,2017,N,Y,N,Y,N,167,Serato,
2020-04-07,Thank You,Brainstory,Buck,2019,N,N,N,N,N,211,Serato,
2020-04-07,I Want to Thank You,Alicia Myers,Alicia,1981,N,N,N,N,N,386,Serato,
2020-04-14,The Core,kuma,kumadé,2020,Y,Y,Y,N,N,305,Serato,
2020-04-14,Vortex (Instrumental),Dragon Fli Empire,Banff Avenue,2020,N,Y,Y,N,Y,200,Serato,
2020-04-14,Living Water Assembly,"Matthew Tavares, Leland Whitty",Visions,2020,Y,Y,N,Y,N,364,Serato - Tidal,
2020-04-14,No Ma?s,Irreversible Entanglements,Who Sent You?,2020,Y,N,Y,N,N,479,Serato,
2020-04-14,Nancy Wilson (feat Brian Jackson),Adrian Younge and Ali Shaheed Muhammad,Jazz Is Dead 001,2020,Y,Y,Y,N,N,162,Serato,
2020-04-14,King Of The Hill (feat. BADBADNOTGOOD and Flying Lotus),Thundercat,It Is What It Is,2020,Y,N,Y,N,N,171,Serato,
2020-04-14,Phat Loot,Kawfee,Fate Will Lead The Way,2017,N,Y,N,Y,N,104,Serato,
2020-04-14,Vibes and Stuff,A Tribe Called Quest,The Low End Theory,1991,N,Y,N,N,N,257,Serato - Tidal,
2020-04-14,Nebrasko,"Underground Canopy, Bluestaeb, S. Fidelity ",Bluestaeb and S. Fidelity Present Underground Canopy,2020,Y,Y,N,N,N,181,Serato,
2020-04-14,Triumfonee III,Atamone,Payperplains & Avocado.Smoke,2017,N,Y,N,Y,N,121,Serato - Tidal,
2020-04-14,DARSHAN,Witch Prophet,DNA ACTIVATION,2020,N,N,Y,Y,N,172,Serato,
2020-04-14,Nights Introlude,Nightmares On Wax,Smoker's Delight (25th Anniversary Edition),1995,N,Y,Y,N,N,280,Serato,
2020-04-14,Time To Rock Our Shit,People Under The Stairs,The Next Step,1998,N,N,N,N,N,264,Serato,
2020-04-14,Breeze,Matt Nish,Fresh Air,2019,N,Y,Y,N,N,167,Serato,
2020-04-14,Can't Leave The Night,BADBADNOTGOOD,III,2014,Y,Y,N,Y,N,280,Serato,
2020-04-14,destination,yutaka hirasaka,Forever,2020,Y,Y,Y,N,N,178,Serato,
2020-04-14,U R What U Repeatedly Do,Kiefer,Kickinit Alone,2017,Y,Y,N,N,N,146,Serato - Tidal,
2020-04-14,Back On The Block (feat. CL Smooth),Pete Rock,Petestrumentals,2001,N,N,N,N,N,304,Serato,
2020-04-14,Alone Again Naturally,Nina Simone,Fodder On My Wings (Reissue),1982,Y,N,Y,N,N,387,Serato,
2020-04-14,Pacific Swift,David Lavoie Quartet,Juno,2020,Y,Y,Y,Y,N,383,Serato,
2020-04-14,Lydian,Jeff Parker,Suite For Max Brown,2020,N,N,Y,N,N,56,Serato,
2020-04-14,L'attente du chat,Emie R Roussel Trio,Transit,2017,Y,Y,N,Y,N,405,Serato - Tidal,
2020-04-21,12 O'Clock,Elaquent,After Midnight,2019,N,N,N,Y,N,225,Serato - Tidal,
2020-04-21,Can't Breathe,"9th Wonder, Smitty",Zion IV,2019,N,N,N,N,N,120,Serato - Tidal,
2020-04-21,Please Don't Kill Me (feat. Joel Ross and Theo Croker),Kassa Overall,I Think I'm Good,2020,Y,N,Y,N,N,180,Serato,
2020-04-21,Doo Wop (That Thing),Lauryn Hill,The Miseducation of Lauryn Hill,1998,N,N,N,N,N,320,Serato,
2020-04-21,Concerto pour batterie et cour de re?cre?ation,Chassol,Ludi,2020,Y,Y,Y,N,N,523,Serato,
2020-04-21,Buchfink,Lina Allemano,Glimmer Glammer,2020,Y,Y,Y,Y,N,285,Serato,
2020-04-21,Shapeshifting Bill Murray,G Mills,Inner Ocean Sessions Ep. 2,2019,Y,Y,N,Y,Y,111,Serato,
2020-04-21,Can't Explain It,Tom Misch,Beat Tape 1,2014,N,Y,N,N,N,148,Serato - Tidal,
2020-04-21,P’tite frette,Kawfee,Big chillin’,2019,N,Y,N,Y,N,137,Serato - Tidal,
2020-04-21,Gnarciss,Jeff Parker,Suite For Max Brown,2020,Y,Y,N,N,N,132,Serato,
2020-04-21,Shiznit,"Sly5thave, Jesse Fischer",The Invisible Man: An Orchestral Tribute to Dr. Dre,2017,Y,Y,N,N,N,274,Serato - Tidal,
2020-04-21,The Hands of Doom (Instrumental),MF DOOM,Operation: Doomsday (Complete),1999,N,Y,N,N,N,124,Serato - Tidal,
2020-04-21,Straight Jacket (Explicit),The Beatnuts,Street Level,2018,N,N,N,N,N,236,Serato - Tidal,
2020-04-21,Til The Freedom Comes Home,Shabaka & The Ancestors,We Are Sent Here By History,2020,Y,N,Y,N,N,426,Serato,
2020-04-21,Masculin Féminin,David Lavoie Quartet,Juno,2020,Y,Y,Y,Y,N,311,Serato,
2020-04-21,Land of...,St. Germain,Tourist,2000,Y,Y,N,N,N,469,Serato,
2020-04-21,"Vous Etes Seuls, Mais Je Désire Etre Avec Vous",Nina Simone,Fodder On My Wings (Reissue),1982,Y,N,Y,N,N,270,Serato,
2020-04-21,Domi Adama,Awale Jant Band,Yewoulen - Wake Up,2019,Y,N,Y,N,N,402,Serato,
2020-04-21,The Boon featuring Samuel T. Herring,Wilma Archer,A Western Circular,2020,Y,N,Y,N,N,334,Serato,
2020-04-21,Teardrop,Avishai Cohen,Big Vicious,2020,Y,Y,Y,N,N,444,Serato,
2020-04-28,LTAR I: Invocation,Matty Stecks & Musical Tramps,Long Time Ago Rumble,2020,Y,Y,Y,Y,N,205,Serato,
2020-04-28,20 Grand Palace,RJD2,The Fun Ones,2020,N,Y,Y,N,N,230,Serato,
2020-04-28,Advice to Teenage Self,U.S. Girls,Heavy Light,2020,N,N,Y,Y,N,51,Serato,
2020-04-28,Jazz Is Dead,Adrian Younge and Ali Shaheed Muhammad,Jazz Is Dead 001,2020,Y,N,Y,N,N,168,Serato,
2020-04-28,Michelada,Carsten Rubeling,Volk // People,2019,Y,Y,N,Y,Y,293,Serato - Tidal,
2020-04-28,St-Otto,THE GRUNIONS,STAR FISH PRIME,2020,Y,Y,Y,Y,N,192,Serato,
2020-04-28,Square,David Lavoie Quartet,Juno,2020,Y,Y,Y,Y,N,399,Serato,
2020-04-28,California Coastin',"Beatchild, The Slakadeliqs",Heavy Rockin' Steady,2018,N,N,N,Y,N,243,Serato - Tidal,
2020-04-28,92 Interlude,Gang Starr,Daily Operation,1992,N,Y,N,N,N,29,Serato - Tidal,
2020-04-28,I Jus Wanna,The Professionals,The Professionals,2020,N,N,Y,N,N,214,Serato,
2020-04-28,The Return (feat. Sadat X),Jazz Liberatorz,Clin d'oeil,2008,N,N,N,N,N,314,Serato - Tidal,
2020-04-28,Graffiti,Digable Planets,Blowout Comb,1994,N,N,N,N,N,243,Serato - Tidal,
2020-04-28,Lazy Day,US3,Hand On The Torch,1993,N,N,N,N,N,279,Serato - Tidal,
2020-04-28,Stability & Respect,Clairmont The Second,Quest for Milk and Honey,2017,N,N,N,Y,N,74,Serato - Tidal,
2020-04-28,Breath (feat. Casinocoffee),Matt Nish,Fresh Air,2019,Y,N,Y,N,N,232,Serato,
2020-04-28,Stay Here,"Alfa Mist, Emmavie",Epoch,2020,N,N,N,N,N,161,Serato - Tidal,
2020-04-28,Fly Away,"Alfa Mist, Emmavie",Epoch,2020,N,N,N,N,N,165,Serato - Tidal,
2020-04-28,No Need to Wait,"Alfa Mist, Emmavie",Epoch,2020,N,N,N,N,N,259,Serato - Tidal,
2020-04-28,Insomnia,"Alfa Mist, Emmavie",Epoch,2020,N,N,N,N,N,212,Serato - Tidal,
2020-04-28,"Easily, I Forget","Alfa Mist, Emmavie",Epoch,2020,N,N,N,N,N,165,Serato - Tidal,
2020-04-28,"No, Don't Incomplete","Alfa Mist, Emmavie",Epoch,2020,N,N,N,N,N,302,Serato - Tidal,
2020-04-28,Sing to the Moon,"Alfa Mist, Emmavie",Epoch,2020,N,N,N,N,N,222,Serato - Tidal,
2020-04-28,Reg Walks By The Looking Glass (ft. Carlos Overall),Shabazz Palaces,The Don Of Diamond Dreams,2020,N,N,Y,N,N,427,Serato,
2020-05-05,Elevate (I Love It) (feat. Muhsinah),Dominic Pierce,Elevate EP,2014,N,N,N,Y,N,192,Serato,
2020-05-05,Hamspace,THE GRUNIONS,STAR FISH PRIME,2020,Y,Y,Y,Y,N,194,Serato,
2020-05-05,Est,Emie R Roussel Trio,Rythme De Passage,2020,Y,Y,Y,Y,N,216,Serato,
2020-05-05,Land Of Honey (feat. Solange),Flying Lotus,Flamagra,2019,N,N,N,N,N,213,Serato,
2020-05-05,Sunny's Time,Caribou,Suddenly,2020,N,N,Y,Y,N,169,Serato,
2020-05-05,The Semaphore Line,Sean Irvine,Sean Irvine: The Oak & Alley Chapter,2020,Y,Y,Y,Y,N,562,Serato,
2020-05-05,Homegrown (Outro),A.Y.E.,Soul Food the Audiobiography Of...,2019,N,N,N,Y,Y,301,Serato,
2020-05-05,What Kinda Music,Tom Misch & Yussef Dayes,What Kinda Music,2020,Y,Y,Y,N,N,231,Serato - Tidal,
2020-05-05,The Root,D'Angelo,Voodoo,2000,N,N,N,N,N,393,Serato - Tidal,
2020-05-05,Happysad Sunday,Kiefer,Kickinit Alone,2017,Y,Y,N,N,N,168,Serato - Tidal,
2020-05-05,Kettle On,"Harleighblu, Bluestaeb",She,2019,N,N,N,N,N,173,Serato - Tidal,
2020-05-05,Cuba Libre,Blue Lab Beats,Voyage,2019,Y,Y,N,N,N,270,Serato - Tidal,
2020-05-05,Slow Bullet,People Under The Stairs,The Next Step,1998,N,Y,N,N,N,78,Serato,
2020-05-05,Your Reactions,Awon & Phoniks,The Actual Proof,2018,N,Y,N,N,N,214,Serato - Tidal,
2020-05-05,Oakland Blackouts,Hieroglyphics,3rd Eye Vision,1998,N,N,N,N,N,271,Serato - Tidal,
2020-05-05,Rise,Nightmares On Wax,Smoker's Delight (25th Anniversary Edition),1995,N,N,Y,N,N,314,Serato,
2020-05-05,327,"Westside Gunn, Joey Bada$$, Tyler, The Creator, Billie Essco",Pray for Paris,2020,N,N,N,N,N,349,Serato - Tidal,
2020-05-05,Talk to Me,Jordan Rakei,Cloak,2016,N,N,N,N,N,186,Serato - Tidal,
2020-05-05,Melatonin,David Lavoie Quartet,Juno,2020,Y,Y,Y,Y,N,436,Serato - Booth,
2020-05-12,Higher Learning,Carsten Rubeling,Volk // People,2019,Y,Y,N,Y,Y,287,Serato - Tidal,
2020-05-12,February Waltz,Andrés Vial,Gang Of Three,2019,Y,Y,N,Y,N,434,Serato,
2020-05-12,A Perfect Castle,Sean Irvine,Sean Irvine: The Oak & Alley Chapter,2020,Y,Y,Y,Y,N,544,Serato,
2020-05-12,Kyiv,Tom Misch & Yussef Dayes,What Kinda Music,2020,Y,Y,Y,N,N,210,Serato,
2020-05-12,ETMET,Witch Prophet,DNA ACTIVATION,2020,N,N,Y,Y,N,149,Serato,
2020-05-12,Pizza Margherita,Karavelo,The Cookbook Vol. 1,2019,N,Y,N,Y,N,87,Serato,
2020-05-12,Planet Rock,"Afrika Bambaataa, The Soulsonic Force",Planet Rock,1982,N,N,N,N,N,319,Serato - Tidal,
2020-05-12,Tukka Yoot's Riddim,US3,Hand On The Torch,1993,N,N,N,N,N,340,Serato - Tidal,
2020-05-12,Introspection,"Ashley Henry, Theo Croker",Beautiful Vinyl Hunter,2019,Y,Y,N,N,N,305,Serato - Tidal,
2020-05-12,Inner City Blue,Bluestaeb,Rodalquilar,2015,N,Y,N,N,N,124,Serato - Tidal,
2020-05-12,Tea,"Blue Lab Beats, melo-zed",Xover,2018,Y,Y,N,N,N,225,Serato - Tidal,
2020-05-12,And Encourage Others,Kiefer,Superbloom,2019,Y,Y,N,N,N,173,Serato - Tidal,
2020-05-12,Friends,ARVO TO ME,Life's A Party And You're Not Invited,2019,N,Y,N,N,N,111,Serato - Tidal,
2020-05-12,Almost Home,Kawfee,BLESS Vol. 2,2018,N,Y,N,Y,N,173,Serato - Tidal,
2020-05-12,Me And You,Nightmares On Wax,Smoker's Delight (25th Anniversary Edition),1995,N,N,N,N,N,56,Serato,
2020-05-12,Mighty Yusef,Chip Wickham,Blue To Red,2020,Y,Y,Y,N,N,354,Serato - Booth,
2020-05-12,It Is What It Is (feat. Pedro Martins),Thundercat,It Is What It Is,2020,Y,N,Y,N,N,303,Serato - Booth,
2020-05-12,Backwood Falls (Instrumental),CHUCK STRANGERS,Consumers Park,2018,N,Y,N,N,N,66,Serato - Tidal,
2020-05-12,"Jubulani (Rejoice, Here Comes Tony)",Tony Allen + Hugh Masekela,Rejoice,2019,Y,Y,Y,N,N,341,Serato - Booth,
2020-05-12,Black Stars,Mark Godfrey,Square Peg,2020,Y,Y,N,Y,N,474,Serato - Booth,
2020-05-19,Blueberry Beads,John Carroll Kirby,My Garden,2020,Y,Y,Y,N,N,207,Serato,
2020-05-19,Elton John Type Beat,G Mills,Inner Ocean Sessions Ep. 2,2019,N,Y,N,Y,Y,90,Serato,
2020-05-19,Festival,Tom Misch & Yussef Dayes,What Kinda Music,2020,N,N,Y,N,N,261,Serato,
2020-05-19,flower.mask,Laizlo,2dAY,2020,N,Y,Y,Y,N,94,Serato,
2020-05-19,Circumbendabus,Sean Irvine,Sean Irvine: The Oak & Alley Chapter,2020,Y,Y,Y,Y,N,382,Serato,
2020-05-19,Siddhartha,Matty Stecks & Musical Tramps,Long Time Ago Rumble,2020,Y,N,Y,Y,N,396,Serato,
2020-05-19,Fall In Love,BADBADNOTGOOD,BBNG,2011,Y,Y,N,Y,N,251,Serato,
2020-05-19,Enfant feat The Shacks,El Michels Affair,Adult Themes,2020,N,N,Y,N,N,219,Serato,
2020-05-19,Never (Lagos Never Gonna Be The Same),Tony Allen + Hugh Masekela,Rejoice,2020,Y,N,Y,N,N,234,Serato,
2020-05-19,Route One,Chip Wickham,Blue To Red,2020,Y,Y,Y,N,N,418,Serato,
2020-05-19,Ladders II,Dominic Pierce,Elevate EP,2014,N,N,N,Y,N,194,Serato,
2020-05-19,Superhiro,Cassowary,Cassowary,2020,Y,N,N,N,N,217,Serato - Tidal,
2020-05-19,Where's Yesterday,Slakah the Beatchild,Soul Movement Vol. 2,2014,N,N,N,Y,N,221,Serato - Tidal,
2020-05-19,The Smile Within,Terrace Martin,Conscious Conversations - EP,2020,Y,Y,N,N,N,146,Serato - Tidal,
2020-05-19,Looking for Tomorrow,Dragon Fli Empire,Banff Avenue,2020,N,N,Y,Y,Y,223,Serato,
2020-05-19,Scarecrow,Wilma Archer,A Western Circular,2020,Y,Y,Y,N,N,350,Serato,
2020-05-19,Bread Out Of Stone,Irreversible Entanglements,Who Sent You?,2020,Y,Y,Y,N,N,288,Serato,
2020-05-19,In The Twilight,"Soil & ""Pimp"" Sessions",Man Steals The Stars,2019,Y,Y,N,N,N,408,Serato,
2020-05-26,Breathe,Brainstory,Buck,2019,N,N,N,N,N,214,Serato,
2020-05-26,chill,howiewonder,float,2019,N,Y,N,Y,N,146,Serato,
2020-05-26,Montego Bay Spleen,St. Germain,Tourist,2000,Y,Y,N,N,N,387,Serato,
2020-05-26,Envoyer,Dominic Pierce,Elevate EP,2014,N,N,N,Y,Y,240,Serato,
2020-05-26,Poltergeist,Chassol,Ludi,2020,Y,Y,Y,N,N,102,Serato,
2020-05-26,Tidal Wave,Tom Misch & Yussef Dayes,What Kinda Music,2020,N,N,Y,N,N,249,Serato,
2020-05-26,Noah,Joshua Crumbly,Rise,2020,Y,Y,N,N,N,207,Serato - Tidal,
2020-05-26,For The People,Pete Rock,Petestrumentals,2001,N,Y,N,N,N,273,Serato,
2020-05-26,Sinnerman (Live In New York/1965),Nina Simone,Pastel Blues,1965,Y,N,N,N,N,620,Serato - Tidal,
2020-05-26,Get By (Explicit),Talib Kweli,Quality,2002,N,N,N,N,N,227,Serato,
2020-05-26,Manbaby,Ebi Soda,Ebi Soda,2019,Y,Y,N,N,N,344,Serato - Tidal,
2020-05-26,We've Landed,Tony Allen + Hugh Masekela,Rejoice,2020,Y,Y,Y,N,N,278,Serato,
2020-05-26,Pink Elephants,HiFiLo,Speak Your Name,2020,N,Y,Y,Y,N,224,Serato,
2020-05-26,retired lighthouse,Laizlo,2MOrrow,2020,Y,Y,Y,Y,N,122,Serato,
2020-05-26,Make You Feel That Way,Blackalicious,Blazing Arrow,2002,N,N,N,N,N,206,Serato - Tidal,
2020-05-26,SEEING DOUBLE,Nick Hakim,WILL THIS MAKE ME GOOD,2020,N,N,N,N,N,322,Serato - Tidal,
2020-05-26,Cayendo (acoustic),Frank Ocean,Cayendo,2020,N,N,N,N,N,202,Serato - Tidal,
2020-05-26,Cascadas,Andrés Vial,Gang Of Three,2019,Y,Y,N,Y,N,427,Serato - Booth,
2020-06-02,Sweet Life,Frank Ocean,channel ORANGE,2012,N,N,N,N,N,262,Serato,
2020-06-02,Me and the Devil,Gil-Scott Heron,We're New Again - A Reimagining by Makaya McCraven,2020,N,N,N,N,N,287,Serato - Tidal,
2020-06-02,Julie Mangos,Tom Misch & Yussef Dayes,What Kinda Music,2020,Y,Y,Y,N,N,197,Serato,
2020-06-02,Distant Mode (feat Gary Bartz),Adrian Younge and Ali Shaheed Muhammad,Jazz Is Dead 001,2020,Y,Y,Y,N,N,184,Serato,
2020-06-02,Projects,Howiewonder,Untitled,2015,N,Y,N,Y,N,175,Serato - Tidal,
2020-06-02,Phifer [One for Phife] (Instrumental),A.Y.E.,90 NOW Instrumentals,2016,N,Y,N,Y,Y,238,Serato,
2020-06-02,We'll Be There,People Under The Stairs,Question In The Form Of An Answer,2000,N,N,N,N,N,326,Serato,
2020-06-02,Movin',The Dirty Sample,NO!,2020,N,Y,Y,Y,Y,64,Serato,
2020-06-02,Piece of Mind,Idris Muhammad,Power of Soul,1974,Y,Y,N,N,N,564,Serato - Tidal,
2020-06-02,MEATHEAD ft. MF DOOM,Bishop Nehru,Nehruvia: My Disregarded Thoughts,2020,N,N,Y,N,N,186,Serato,
2020-06-02,Tangerines,HiFiLo,Speak Your Name,2020,Y,Y,Y,Y,N,231,Serato,
2020-06-02,LTAR VIII: Counter Culture,Matty Stecks & Musical Tramps,Long Time Ago Rumble,2020,Y,Y,Y,Y,N,120,Serato,
2020-06-02,The Breaks (Feat. Katya),Len Bowen,Flow Nostalgic,2020,N,N,Y,Y,N,214,Serato,
2020-06-02,Chillin',Coops,Lost Soul,2014,N,N,N,N,N,273,Serato - Tidal,
2020-06-02,Oblivion,"Terrace Martin, Malaya",Conscious Conversations - EP,2020,Y,N,N,N,N,217,Serato - Tidal,
2020-06-02,Valor,Joshua Crumbly,Rise,2020,Y,Y,N,N,N,151,Serato - Tidal,
2020-06-02,Phone Won't Charge,Ivan Ave,Double Goodbyes,2020,N,N,N,N,N,208,Serato - Tidal,
2020-06-02,My Brother Taught Me... (Instrumental),Funky DL,Hip-hop Jazz ...with Voices,2020,N,Y,N,N,N,144,Serato - Tidal,
2020-06-02,Fly Away,"Alfa Mist, Emmavie",Epoch,2020,N,N,N,N,N,165,Serato - Tidal,
2020-06-02,Blue to Red,Chip Wickham,Blue To Red,2020,Y,Y,Y,N,N,442,Serato - Booth,
2020-06-09,Bittersweet,Lianne La Havas,Lianne La Havas,2020,N,N,N,N,N,236,Serato - Tidal,
2020-06-09,Travellin',The Dirty Sample,NO!,2020,N,N,Y,Y,Y,153,Serato,
2020-06-09,Block Chronicles (feat. E.GG),Len Bowen,Flow Nostalgic,2020,N,N,Y,Y,N,182,Serato,
2020-06-09,Brickwalls,Kawfee,Fate Will Lead The Way,2017,N,Y,N,Y,N,77,Serato,
2020-06-09,Walk,idealism,BLESS Vol. 2,2018,N,Y,N,N,N,140,Serato - Tidal,
2020-06-09,Tropicola,Team Dynamite,Never Again,2018,N,N,N,N,N,219,Serato - Tidal,
2020-06-09,The Patch ((Broken Home pt. 2)),"Gil Scott-Heron, Makaya McCraven",We're New Again - A Reimagining by Makaya McCraven,2020,N,N,N,N,N,76,Serato - Tidal,
2020-06-09,Triple Double Love,Ivan Ave,Double Goodbyes,2020,N,N,N,N,N,211,Serato - Tidal,
2020-06-09,"I Love You, Cookie",Whoarei,Love Spectrum,2020,N,N,N,N,N,213,Serato - Tidal,
2020-06-09,Mass Appeal / Transmission,BADBADNOTGOOD,BBNG,2011,Y,Y,N,Y,N,291,Serato,
2020-06-09,talk about a child (feat. Mido),Snk?,Selected Songs,2020,N,Y,Y,N,N,148,Serato,
2020-06-09,O Amor Em Paz,"Cannonball Adderley, The Bossa Rio Sextet",Cannonball's Bossa Nova,1962,Y,Y,N,N,N,469,Serato - Tidal,
2020-06-09,Beauty Full,Dragon Fli Empire,Conquest,2004,N,N,N,Y,Y,276,Serato - Tidal,
2020-06-09,"one life, might live",Little Simz,Drop 6 ,2020,N,N,Y,N,N,155,Serato,
2020-06-09,Elephant Ears (and Ice Cream),Karavelo,The Cookbook Vol. 1,2019,Y,Y,N,Y,N,80,Serato,
2020-06-09,Down by the Bay (Instrumental),Moka Only,Myopic Bubble (Instrumentals),2018,N,Y,N,Y,N,192,Serato - Tidal,
2020-06-09,Nacada Drive,Testiculo y Uno,Two,2020,N,Y,N,N,N,159,Serato - Tidal,
2020-06-09,Yada Yada,Anderson .Paak,Ventura,2019,N,N,N,N,N,207,Serato - Tidal,
2020-06-09,4 Better Or 4 Worse,The Pharcyde,Bizarre Ride II The Pharcyde,1992,N,N,N,N,N,120,Serato,
2020-06-09,Blind Alley,The Emotions,Untouched,1972,N,N,N,N,N,184,Serato - Tidal,
2020-06-09,Pot Belly,Lou Donaldson,Pretty Things,1970,Y,Y,N,N,N,491,Serato - Tidal,
2020-06-09,Acting For Liberation Pt 1,Vibration Black Finger,Can You See What I'm Trying To Say,2020,Y,Y,Y,N,N,653,Serato,
2020-06-16,WhyDoesTheNightSkyTalk2Me?,Bishop Nehru,Nehruvia: My Disregarded Thoughts,2020,N,N,Y,N,N,179,Serato,
2020-06-16,One Week,"Elaquent, A L L I E",Forever is a Pretty Long Time,2020,N,Y,N,Y,N,196,Serato - Tidal,
2020-06-16,Byyye,Ivan Ave,Double Goodbyes,2020,N,N,N,N,N,229,Serato - Tidal,
2020-06-16,UWM (Feat. Leland Whitty),BADBADNOTGOOD,BBNG2,2012,Y,Y,N,Y,N,362,Serato,
2020-06-16,Neverending Grind,Howiewonder,Please,2014,N,Y,N,Y,N,111,Serato,
2020-06-16,Wanderlust,HiFiLo,Speak Your Name,2020,Y,Y,Y,Y,N,269,Serato,
2020-06-16,Sunflowers,"Adrian Younge, Ali Shaheed Muhammad & Roy Ayers",Roy Ayers JID 002,2020,Y,N,Y,N,N,202,Serato - Tidal,
2020-06-16,ten foot mirror,Joe Nora + Yuutsu,Inner Ocean Sessions - Episode 3,2020,N,Y,Y,Y,Y,138,Serato,
2020-06-16,noflowrs[instrw],Knxwledge,Hud Dreems,2015,N,Y,N,N,N,66,Serato - Tidal,
2020-06-16,But Not For Me,The Modern Jazz Quartet,Django,1956,Y,Y,N,N,N,223,Serato - Tidal,
2020-06-16,Maintaining,Common,Resurrection,1994,N,N,N,N,N,229,Serato - Tidal,
2020-06-16,SHADES OF FLU,Kassa Overall,SHADES OF FLU,2020,Y,N,N,N,N,2263,Serato,
2020-06-16,The Cosmos,Chip Wickham,Blue To Red,2020,Y,Y,Y,N,N,673,Serato,
2020-06-23,Marcus Garvey,Tribe,Hometown: Detroit Sessions 1990-2014,2019,Y,N,N,N,N,282,Serato - Tidal,
2020-06-23,Dusk You & Me,Groove Armada,Vertigo,1999,N,Y,N,N,N,340,Serato,
2020-06-23,Trouble At The Art Gallery,Jaded Luxuries,Trouble At The Art Gallery,2020,Y,Y,Y,Y,Y,390,Serato,
2020-06-23,In My Room,Marc Moulin,Top Secret,2001,Y,Y,N,N,N,368,Serato - Tidal,
2020-06-23,delicate,Jonah Yano,souvenir,2020,N,N,Y,Y,N,197,Serato,
2020-06-23,I've Been Me,"Gil Scott-Heron, Makaya McCraven",We're New Again - A Reimagining by Makaya McCraven,2020,Y,Y,N,N,N,35,Serato - Tidal,
2020-06-23,Wee Tina,Donald Byrd & Booker Little,The Third World,1960,Y,Y,N,N,N,303,Serato - Tidal,
2020-06-23,Props Over Here,The Beatnuts,Street Level,1994,N,N,N,N,N,239,Serato - Tidal,
2020-06-23,Gravity,"Adrian Younge, Ali Shaheed Muhammad & Roy Ayers",Roy Ayers JID 002,2020,Y,N,Y,N,N,207,Serato,
2020-06-23,Dipped,Anzola,Caracas,2020,N,Y,Y,Y,N,203,Serato,
2020-06-23,Downpour,HiFiLo,Speak Your Name,2020,Y,Y,Y,Y,N,251,Serato,
2020-06-23,Ordinary Joe,Nujabes,Modal Soul,2005,Y,N,N,N,N,308,Serato - Tidal,
2020-06-23,REGBU,Witch Prophet,DNA ACTIVATION,2020,N,N,N,Y,N,144,Serato,
2020-06-23,I Never,"Scrimshire, Madison McFerrin",Listeners,2019,N,N,N,N,N,505,Serato - Tidal,
2020-06-23,Down,Matthew Tavares,Richard Dry,2020,Y,Y,N,Y,N,112,Serato - Tidal,
2020-06-23,What?,Marc Moulin,Top Secret,2001,Y,Y,N,N,N,360,Serato - Tidal,
2020-06-23,Only In A Dream,Vibration Black Finger,Can You See What I'm Trying To Say,2020,Y,N,Y,N,N,462,Serato,
2020-06-30,Footprints,Ezra Collective,Footprints,2020,Y,Y,N,N,N,381,Serato - Tidal,
2020-06-30,Tao Tao Love,9th Wonder,Zion,2016,N,Y,N,N,N,102,Serato - Tidal,
2020-06-30,Seattle 2001,Carsten Rubeling,Volk // People,2019,Y,Y,N,Y,Y,229,Serato - Tidal,
2020-06-30,Slowcoaster,Chassol,Ludi,2020,Y,Y,Y,N,N,106,Serato,
2020-06-30,Abrazos,Anzola,Caracas,2020,Y,Y,Y,Y,N,164,Serato,
2020-06-30,monarch,Jonah Yano,souvenir,2020,N,N,Y,Y,N,180,Serato,
2020-06-30,Emilio,Rachel Therrien,VENA,2020,Y,Y,Y,Y,N,165,Serato,
2020-06-30,Cool Down (feat. Raashan Ahmad),Jazz Liberatorz,Clin d'oeil,2008,N,N,N,N,N,321,Serato - Tidal,
2020-06-30,Flying,Jazz Spastiks,The Product,2014,N,Y,N,N,N,202,Serato - Tidal,
2020-06-30,Miss Bessie's Cookin',Buddy Rich,The Driver,1967,Y,Y,N,N,N,321,Serato - Tidal,
2020-06-30,Now You're Mine,Gang Starr,Hard To Earn,1994,N,N,N,N,N,175,Serato,
2020-06-30,The Real,Tom Misch & Yussef Dayes,What Kinda Music,2020,Y,N,Y,N,N,161,Serato,
2020-06-30,Grayscale,Tamera Russell,Root Canal,2017,N,N,N,Y,N,134,Serato - Tidal,
2020-06-30,Lockdown,Anderson .Paak,Lockdown,2020,N,N,N,N,N,212,Serato - Tidal,
2020-06-30,"Yo, My Rhymes (Remix / Instrumental)",Funky DL,"Cool Classic Jazzstrumentals, Vol. 3",2011,N,Y,N,N,N,174,Serato - Tidal,
2020-06-30,Shout Song,Joshua Crumbly,Rise,2020,Y,Y,N,N,N,198,Serato - Tidal,
2020-06-30,Solace,"Adrian Younge, Ali Shaheed Muhammad & Roy Ayers",2020,2020,Y,Y,Y,N,N,233,Serato,
2020-06-30,Actually Virtual (Instrumental),Flying Lotus,Flamagra (Deluxe Edition),2020,Y,Y,N,N,N,118,Serato - Tidal,
2020-06-30,Just Know,"JD. Reid, Henry Wu, Venna",Tree,2018,Y,Y,N,N,N,268,Serato - Tidal,
2020-06-30,Run Away,"Blue Lab Beats, Kaidi Akinnibi",Xover,2018,Y,Y,N,N,N,205,Serato - Tidal,
2020-06-30,High Speed Chase,Miles Davis,Doo-Bop,1992,Y,Y,N,N,N,280,Serato - Tidal,
2020-06-30,My Mate Paul,David Holmes,Let's Get Killed,1997,N,Y,N,N,N,313,Serato - Tidal,
2020-06-30,The Righteous,Alex Lefaivre Quartet,YUL,2018,Y,Y,N,Y,N,420,Serato - Booth,
2020-07-07,Caminos Verdes,Anzola,Caracas,2020,N,Y,Y,Y,N,209,Serato,
2020-07-07,Little Girl,Soul Throbs,Millie Come Back,1975,N,N,N,N,N,157,Serato - Tidal,
2020-07-07,What You Rappin' For (feat. Nieve),SoulChef,Escapism,2010,N,N,N,N,N,171,Serato - Tidal,
2020-07-07,4AM Burners,"Pugs Atomz, Inkswel, Wes Restless",The Moon,2020,N,N,N,N,N,220,Serato - Tidal,
2020-07-07,Romance In Outer Space (feat Kool Keith & DJ WeezL),Sargeant X Comrade,Magic Radio,2020,N,N,Y,Y,Y,254,Serato,
2020-07-07,Tryin',The Dirty Sample,NO!,2020,N,Y,Y,Y,Y,175,Serato,
2020-07-07,Miracles,Blacknintendo,Starbucks Sessions,2020,N,N,Y,N,N,202,Serato,
2020-07-07,Flambéed Bananas,David Lavoie Quartet,Juno,2020,Y,Y,Y,Y,N,266,Serato,
2020-07-07,No. 9 (Instrumental),Jazzanova,The Pool (Instrumentals & Remixes),2018,N,Y,N,N,N,191,Serato - Tidal,
2020-07-07,Miscommunication,"Slakah the Beatchild, Spek Won, Ian Kamau",Soul Movement Vol. 2,2014,N,N,N,Y,N,282,Serato - Tidal,
2020-07-07,Autumn Leaves,Ahmad Jamal Trio,The Ahmad Jamal Trio,1956,Y,Y,N,N,N,460,Serato - Tidal,
2020-07-07,I'll Take Care of You,"Gil Scott-Heron, Makaya McCraven",We're New Again - A Reimagining by Makaya McCraven,2020,Y,N,N,N,N,205,Serato - Tidal,
2020-07-07,Take A Look (At Yourself),"Guru, Roy Ayers",Jazzmatazz Volume 1,1993,N,N,N,N,N,239,Serato - Tidal,
2020-07-07,Rio,Elaquent,Good Karma,2015,N,Y,N,Y,N,56,Serato - Tidal,
2020-07-07,Mulatu,Mulatu Astatke & Black Jesus Experience,To Know Without Knowing,2020,Y,N,Y,N,N,380,Serato,
2020-07-07,Nu Chic,De-Phazz,Death By Chocolate,2001,Y,Y,N,N,N,252,Serato - Tidal,
2020-07-07,So Young,Angela Muñoz,Adrian Younge presents Angela Munoz Introspection,2020,N,N,Y,N,N,258,Serato,
2020-07-07,The Collective Perspective,HiFiLo,Speak Your Name,2020,Y,Y,Y,Y,N,220,Serato,
2020-07-07,Every Generation's War,Lisa Marie Simmons,NoteSpeak,2020,Y,N,Y,N,N,349,Serato,
2020-07-07,Monks,Frank Ocean,channel ORANGE,2012,N,N,N,N,N,200,Serato - Booth,
2020-07-07,Evening Hours,Jaded Luxuries,Trouble At The Art Gallery,2020,N,Y,Y,Y,Y,379,Serato - Booth,
2020-07-14,COLORS,"Ashley Henry, Joshua Idehen",Beautiful Vinyl Hunter,2019,Y,N,N,N,N,269,Serato - Tidal,
2020-07-14,"2050 (feat. L.A. Salami, Abstract Orchestra)",Young RJ & Mega Ran,2HANDSUP,2020,N,N,Y,N,N,220,Serato,
2020-07-14,Feel the Same,Angela Muñoz,Adrian Younge presents Angela Munoz Introspection,2020,N,N,Y,N,N,207,Serato,
2020-07-14,geodesic,Joe Nora + Yuutsu,Inner Ocean Sessions - Episode 3,2020,N,Y,Y,Y,Y,121,Serato,
2020-07-14,BROKE BOI,Laizlo,laizlo;;edits,2020,N,N,Y,Y,N,129,Serato,
2020-07-14,ERPHKWAKE,Laizlo,laizlo;;edits,2020,N,N,Y,Y,N,107,Serato,
2020-07-14,Le Jazz Courant Noir,Funky DL,Blackcurrent Jazz 2,2011,Y,N,N,N,N,205,Serato - Tidal,
2020-07-14,Blue Monk,Pulsart Trio,Swing Theory,2020,Y,Y,Y,Y,N,237,Serato,
2020-07-14,De près et de loin,Emie R Roussel Trio,Temps inégal,2010,Y,Y,N,Y,N,309,Serato - Tidal,
2020-07-14,I Juswanna Chill,Large Professor,The LP,2009,N,N,N,N,N,208,Serato - Tidal,
2020-07-14,Enchanted Lady,"Milt Jackson, Ray Brown",Memphis Jackson,1970,Y,Y,N,N,N,307,Serato - Tidal,
2020-07-14,Love and Happiness,Monty Alexander,Rass!,1974,Y,Y,N,N,N,321,Serato - Tidal,
2020-07-14,Ode to Simon Harris (Jazz Instrumental Mix),"Daylight Robbery!, Benjamin Furman",Ode to Simon Harris,2019,Y,Y,N,N,N,248,Serato - Tidal,
2020-07-14,Salmonella,BADBADNOTGOOD,BBNG,2011,Y,Y,N,Y,N,107,Serato,
2020-07-14,All Matter,Robert Glasper Experiment,Double Booked,2009,Y,N,N,N,N,393,Serato - Tidal,
2020-07-14,Time (feat. Laville),"Ash Walker, Laville",Aquamarine,2019,Y,N,N,N,N,182,Serato - Tidal,
2020-07-14,5&1,Keleketla!,Keleketla!,2020,Y,N,Y,N,N,274,Serato,
2020-07-14,How Sway,Thundercat,It Is What It Is,2020,Y,Y,N,N,N,74,Serato,
2020-07-14,Dead End,Brainstory,Buck,2019,N,N,N,N,N,223,Serato,
2020-07-14,Heaven,Yazmin Lacey,When the Sun Dips 90 Degrees,2018,N,N,N,N,N,295,Serato - Tidal,
2020-07-14,Summer,"Sampa the Great, Steam Down",The Return,2019,N,N,N,N,N,264,Serato - Tidal,
2020-07-14,Samia,Lisa Marie Simmons,NoteSpeak,2020,Y,N,Y,N,N,333,Serato - Booth,
2020-07-21,"Black is Beautiful (feat. Eric Roberson, Abstract Orchestra, Marcel Black, Daru Jones)",Young RJ & Mega Ran,2HANDSUP,2020,N,N,Y,N,N,231,Serato,
2020-07-21,D.A.A.,Laizlo,laizlo;;edits,2020,N,N,Y,Y,N,181,Serato,
2020-07-21,Reminisce,Howiewonder,Escape,2018,N,Y,N,Y,N,126,Serato - Tidal,
2020-07-21,Sorry,Kawfee,Heartburn,2017,N,Y,N,Y,N,158,Serato - Tidal,
2020-07-21,Stark's Reality,"Badbadnotgood, Ghostface Killah",Sour Soul,2015,Y,Y,N,Y,N,132,Serato - Tidal,
2020-07-21,idle,bsd.u,pook,2017,N,Y,N,Y,N,71,Serato - Tidal,
2020-07-21,Guidelines,"Elaquent, Oddisee",Forever is a Pretty Long Time,2020,N,N,N,Y,N,247,Serato - Tidal,
2020-07-21,Work Song,Sargeant X Comrade,Magic Radio,2020,N,N,Y,Y,Y,165,Serato - Booth,
2020-07-21,Grande Vanilla Latte,Blacknintendo,Starbucks Sessions,2020,N,N,Y,N,N,202,Serato,
2020-07-21,Halal,Snk?,Selected Songs,2020,N,N,Y,N,N,162,Serato,
2020-07-21,Shine,Joey Badass,The Light Pack,2020,N,N,N,N,N,172,Serato - Tidal,
2020-07-21,Everybody Loves the Sunshine,Roy Ayers,Everybody Loves the Sunshine,1976,N,N,N,N,N,239,Serato - Tidal,
2020-07-21,GHIDEON,Witch Prophet,DNA ACTIVATION,2020,N,N,N,Y,N,120,Serato,
2020-07-21,Home,Caribou,Suddenly,2020,N,N,N,Y,N,156,Serato,
2020-07-21,Read My Mind,Lianne La Havas,Lianne La Havas,2020,N,N,N,N,N,288,Serato - Tidal,
2020-07-21,First Responders,"Terrace Martin, Robert Glasper, 9th Wonder, Kamasi Washington",Dinner Party,2020,N,Y,N,N,N,289,Serato - Tidal,
2020-07-21,Low Ride,"Poppy Ajudha, Mahalia",Low Ride,2020,N,N,N,N,N,184,Serato - Tidal,
2020-07-21,Black Moon,Yazmin Lacey,Black Moon,2017,N,N,N,N,N,227,Serato - Tidal,
2020-07-21,Dark Honey (4TheStorm),"Ashley Henry, Makaya McCraven",Beautiful Vinyl Hunter,2019,Y,Y,N,N,N,348,Serato - Tidal,
2020-07-21,Shadows of the East,"Adrian Younge, Ali Shaheed Muhammad & Roy Ayers",Roy Ayers JID 002,2020,Y,Y,Y,N,N,221,Serato,
2020-07-21,River Luv Rite,Oneness of Juju,African Rhythms 1970-1982,2020,Y,N,N,N,N,488,Serato - Tidal,
2020-07-21,To Know Without Knowing,Mulatu Astatke & Black Jesus Experience,To Know Without Knowing,2020,Y,Y,Y,N,N,455,Serato - Booth,
2020-07-28,I Don't Care,Angela Muñoz,Adrian Younge presents Angela Munoz Introspection,2020,N,N,Y,N,N,219,Serato,
2020-07-28,Morning Light (feat Moka Only),Sargeant X Comrade,Magic Radio,2020,N,N,Y,Y,Y,176,Serato,
2020-07-28,Solar,Dominic Pierce,Elevate EP,2014,N,Y,N,Y,Y,303,Serato,
2020-07-28,w/ bbno$ - hyrule,bsd.u,po33,2019,N,N,N,Y,N,114,Serato,
2020-07-28,Beach,"Beatchild, The Slakadeliqs",Heavy Rockin' Steady,2018,N,Y,N,Y,N,195,Serato - Tidal,
2020-07-28,Sometime,PaintedFoxes,Dig,2020,N,N,Y,Y,Y,262,Serato,
2020-07-28,Ignorant,Clairmont The Second,Quest for Milk and Honey,2017,N,N,N,Y,N,176,Serato - Tidal,
2020-07-28,Familiar Faces,"Terrell Morris, Free n Losh",Molasses,2018,N,N,N,Y,N,193,Serato - Tidal,
2020-07-28,Appel manqué,Kawfee,Big chillin’,2019,N,N,N,Y,N,76,Serato - Tidal,
2020-07-28,Rebirth Of Slick (Cool Like Dat),Digable Planets,Reachin' (A New Refutation Of Time And Space),1993,N,N,N,N,N,261,Serato - Tidal,
2020-07-28,Stretching,Art Blakey & The Jazz Messengers,Reflections In Blue,1978,Y,Y,N,N,N,374,Serato,
2020-07-28,African Sounds,"Adrian Younge, Ali Shaheed Muhammad & Roy Ayers",Roy Ayers JID 002,2020,Y,N,Y,N,N,189,Serato,
2020-07-28,From My Heart and My Soul,"Terrace Martin, Robert Glasper, 9th Wonder, Kamasi Washington, Phoelix",Dinner Party,2020,Y,N,N,N,N,150,Serato - Tidal,
2020-07-28,Strings of Light,Yussef Kamaal,Black Focus,2016,Y,Y,N,N,N,508,Serato - Tidal,
2020-07-28,West Wind,Oneness of Juju,African Rhythms 1970-1982,2020,Y,Y,N,N,N,462,Serato - Tidal,
2020-07-28,Part 1 // Lovebirds,Louis La Roche,MOSAIC | Short Film,2020,N,N,N,N,N,188,Serato,
2020-07-28,Part 2 // Clutterflies,Louis La Roche,MOSAIC | Short Film,2020,N,N,N,N,N,188,Serato,
2020-07-28,Part 3 // Melancholy,Louis La Roche,MOSAIC | Short Film,2020,N,N,N,N,N,188,Serato,
2020-07-28,Part 4 // Toxic People,Louis La Roche,MOSAIC | Short Film,2020,N,N,N,N,N,188,Serato,
2020-07-28,Part 5 // Cry,Louis La Roche,MOSAIC | Short Film,2020,N,N,N,N,N,188,Serato,
2020-07-28,Part 6 // Sometimes Y,Louis La Roche,MOSAIC | Short Film,2020,N,N,N,N,N,188,Serato,
2020-07-28,Part 7 // Indigo,Louis La Roche,MOSAIC | Short Film,2020,N,N,N,N,N,188,Serato,
2020-07-28,Part 8 // Is There Any Love?,Louis La Roche,MOSAIC | Short Film,2020,N,N,N,N,N,188,Serato,
2020-08-04,Mind,Greentea Peng,Sensi,2018,N,N,N,N,N,223,Serato - Tidal,
2020-08-04,Nollieflip,Elaquent,Worst Case Scenario,2016,N,N,N,Y,N,223,Serato - Tidal,
2020-08-04,above our heads,Joe Nora + Yuutsu,Inner Ocean Sessions - Episode 3,2020,N,Y,Y,Y,Y,131,Serato,
2020-08-04,Structure No. 3,BADBADNOTGOOD,IV,2016,Y,Y,N,Y,N,248,Serato,
2020-08-04,????,Jaded Luxuries,Trouble At The Art Gallery,2020,N,Y,Y,Y,Y,300,Serato,
2020-08-04,In My Room,Justice Der,Favorites 4,2020,N,Y,N,Y,N,298,Serato - Tidal,
2020-08-04,DIGITAL SMOKE SIGNALS,Laizlo,laizlo;;edits,2020,N,N,Y,Y,N,97,Serato,
2020-08-04,echo,Jonah Yano,souvenir,2020,N,N,Y,Y,N,113,Serato,
2020-08-04,San Francisco Knights,People Under The Stairs,The Next Step,1998,N,N,N,N,N,271,Serato,
2020-08-04,San Franciscan Nights,"Gabor Szabo, The California Dreamers","Wind, Sky And Diamonds",1968,Y,N,N,N,N,203,Serato - Tidal,
2020-08-04,Crown Heights Heat,"Daylight Robbery!, Benjamin Furman",Crown Heights Heat,2020,Y,Y,N,N,N,277,Serato - Tidal,
2020-08-04,Early Prayer,Kamaal Williams,Wu Hen,2020,Y,Y,N,N,N,297,Serato - Tidal,
2020-08-04,Empty Streets,Vibration Black Finger,Can You See What I'm Trying To Say,2020,Y,Y,Y,N,N,289,Serato,
2020-08-04,A Chance To Give,Mulatu Astatke & Black Jesus Experience,To Know Without Knowing,2020,Y,N,Y,N,N,345,Serato,
2020-08-04,Kings and Queens,Makaya McCraven,Universal Beings E&F Sides,2020,Y,Y,N,N,N,280,Serato - Tidal,
2020-08-04,After,"Scrimshire, And Is Phi",Listeners,2019,Y,N,N,N,N,363,Serato - Tidal,
2020-08-04,Epilogue,Sefi Zisling ,Expanse,2020,Y,Y,N,N,N,983,Serato,
2020-08-11,Please Don't Make Me Cry,Lianne La Havas,Lianne La Havas,2020,N,N,N,N,N,314,Serato - Tidal,
2020-08-11,Miles Davis,Blu & Exile,Miles,2020,N,N,Y,N,N,274,Serato,
2020-08-11,Gold Metal Jacket,Chokeules,Nepotism,2020,N,N,Y,Y,N,156,Serato,
2020-08-11,"LASER GUN, BIG BEAM",Laizlo,laizlo;;edits,2020,N,N,N,Y,N,88,Serato,
2020-08-11,Green.Era,Snk?,Selected Songs,2020,N,N,Y,N,N,201,Serato,
2020-08-11,Put It On (Instrumental),A.Y.E.,90 NOW Instrumentals,2016,N,N,N,Y,Y,230,Serato,
2020-08-11,FIND YOUR WINGS (Instrumental),"Tyler, The Creator",Cherry Bomb + Instrumentals,2018,Y,Y,N,N,N,180,Serato,
2020-08-11,Robes,"Freddie Gibbs, Madlib",Piñata Beats,2014,N,N,N,N,N,206,Serato,
2020-08-11,Otha Fish,The Pharcyde,Bizarre Ride II The Pharcyde,1992,N,N,N,N,N,321,Serato,
2020-08-11,Today,Herbie Mann,Today!,1966,Y,Y,N,N,N,228,Serato - Tidal,
2020-08-11,Everybody Cool,Makaya McCraven,Universal Beings E&F Sides,2020,Y,Y,N,N,N,276,Serato - Tidal,
2020-08-11,Building Bridges,Ill Considered,Ill Considered,2017,Y,Y,N,N,N,336,Serato - Tidal,
2020-08-11,Rodney Yates,David Holmes,Let's Get Killed,1997,Y,Y,N,N,N,384,Serato - Tidal,
2020-08-11,Stepping Into Tomorrow,Madlib,Shades Of Blue: Madlib Invades Blue Note,2003,Y,N,N,N,N,457,Serato - Tidal,
2020-08-11,Earfquake,Justice Der,Favorites 4,2020,Y,Y,N,Y,N,347,Serato - Tidal,
2020-08-11,I Forget to Drink Water (Balance),Thanya Iyer,KIND,2020,Y,N,Y,Y,N,266,Serato,
2020-08-11,Stolen Land,Mulatu Astatke & Black Jesus Experience,To Know Without Knowing,2020,Y,N,Y,N,N,625,Serato - Booth,
2020-08-18,You and I,Caribou,Suddenly,2020,N,N,N,Y,N,244,Serato,
2020-08-18,24k,Tkay Maidza,"Last Year Was Weird, Vol. 2",2020,N,N,Y,N,Y,162,Serato,
2020-08-18,August,DeKobe,A New Journey,2015,N,Y,N,Y,N,161,Serato - Tidal,
2020-08-18,The Message,Datsunn,Like Water,2019,N,Y,N,Y,N,121,Serato - Tidal,
2020-08-18,God Knows,Logan Wood,Nottingham & Devon,2020,N,N,Y,Y,Y,232,Serato,
2020-08-18,Lovin',The Dirty Sample,NO!,2020,N,N,Y,Y,Y,95,Serato,
2020-08-18,Gotta Be There,Atamone,Nitespliffs,2017,N,N,N,Y,N,186,Serato - Tidal,
2020-08-18,I Rec The Mic (Instrumental),A.Y.E.,90 NOW Instrumentals,2016,N,Y,N,Y,Y,197,Serato,
2020-08-18,Seven Times,Lianne La Havas,Lianne La Havas,2020,N,N,N,N,N,210,Serato - Tidal,
2020-08-18,Squash All Beef,KRS-One,KRS-One,1995,N,N,N,N,N,304,Serato - Tidal,
2020-08-18,Mystique Blues,The Crusaders,Crusaders 1,1972,Y,Y,N,N,N,275,Serato,
2020-08-18,Color Of Noize,Derrick Hodge,Color Of Noize,2020,Y,Y,Y,N,N,420,Serato,
2020-08-18,Your Saint,"Oscar Jerome, Brother Portrait",Breathe Deep,2020,Y,N,N,N,N,388,Serato - Tidal,
2020-08-18,Spooki,Ebi Soda,Ugh,2020,Y,Y,N,N,N,309,Serato - Tidal,
2020-08-18,Pigalle,Kamaal Williams,Wu Hen,2020,Y,Y,N,N,N,374,Serato - Tidal,
2020-08-18,Upstart,Ill Considered,Ill Considered,2017,Y,Y,N,N,N,370,Serato - Tidal,
2020-08-18,Tomita,Jaga Jazzist,Pyramid,2020,Y,Y,Y,N,N,827,Serato - Booth,
2020-08-25,Out Of Love,Busty And The Bass,Eddie,2020,N,N,Y,Y,N,290,Serato,
2020-08-25,Batidas de Bonfa (with Stanalogue),Andrew Noakes & Stan Dmytruk,Batidas de Bonfa (with Stanalogue),2020,N,Y,N,Y,Y,162,Serato,Loop end and fade out
2020-08-25,Fruitful,Los Retros,Everlasting,2020,N,Y,Y,N,N,150,Serato,
2020-08-25,Makahiya,DeKobe,Appreciation,2016,N,Y,N,Y,N,204,Serato - Tidal,
2020-08-25,On(me),Dr. MaD,Shaplau,2018,N,N,N,Y,N,143,Serato - Tidal,Fade out end slowly
2020-08-25,sunshine,tkdwn.,back in the game!!!,2019,N,Y,N,Y,N,176,Serato - Tidal,Play if needed
2020-08-25,Awakenings,"Matthew Tavares, Leland Whitty",Visions,2020,Y,Y,N,Y,N,260,Serato - Tidal,
2020-08-25,Closed on Sunday,Justice Der,Favorites 4,2020,Y,Y,N,Y,N,379,Serato - Tidal,
2020-08-25,Old Dogs,Avantdale Bowling Club,Avantdale Bowling Club,2018,N,N,N,N,N,329,Serato - Tidal,
2020-08-25,Romance,Hiroshi Suzuki,Cat,1975,Y,Y,N,N,N,354,Serato - Tidal,
2020-08-25,Viajando Po Aí,"Marcos Valle, Adrian Younge & Ali Shaheed Muhammad",Marcos Valle JID 003 ,2020,Y,N,Y,N,N,240,Serato,
2020-08-25,New Day,Derrick Hodge,Color Of Noize,2020,Y,N,Y,N,N,329,Serato,
2020-08-25,A word becomes a sound,Kate Bollinger,A word becomes a sound,2020,N,N,N,N,N,218,Serato - Tidal,
2020-08-25,Timeless,"Oscar Jerome, Lianne La Havas",Breathe Deep,2020,Y,N,N,N,N,371,Serato - Tidal,
2020-08-25,"Source feat. Ms MAURICE, Cassie Kinoshi, Richie Seivwright",Nubya Garcia,SOURCE,2020,Y,N,N,N,N,728,Serato - Tidal,
2020-08-25,Re Run Home,Kamasi Washington,The Epic,2015,Y,Y,N,N,N,846,Serato - Booth,
2020-09-01,The Message Continues,Nubya Garcia,Source,2020,Y,Y,Y,N,N,404,Serato,
2020-09-01,???????????,Jaded Luxuries,Feeling Down,2020,N,Y,Y,Y,Y,374,Serato,
2020-09-01,TWO THANGS,Laizlo,laizlo;;edits,2020,N,N,Y,Y,N,76,Serato,
2020-09-01,Homerun,Mr. Moods,Unreleased,2020,N,Y,N,Y,N,207,Serato,
2020-09-01,"Mirrors, Vol. 3, No. 3",Naman Cale,"Mirrors, Vol. 3 / Mirrors, Vol. 4",2017,N,Y,N,Y,N,172,Serato - Tidal,
2020-09-01,Rhodes (part 2),Potelin,Resolution,2019,N,Y,N,Y,N,454,Serato,
2020-09-01,Can I Kick It?,A Tribe Called Quest,Low End Theory,1991,N,N,N,N,N,266,Serato,
2020-09-01,Jagger the Dagger,Eugene McDaniels,Headless Heroes of the Apocalypse,1971,Y,N,N,N,N,363,Serato - Tidal,
2020-09-01,Não Saia da Praça,"Marcos Valle, Adrian Younge & Ali Shaheed Muhammad",Marcos Valle JID 003 ,2020,Y,N,Y,N,N,167,Serato,
2020-09-01,Lil' Ghetto Boy,Dr. Dre,The Chronic,1992,N,N,N,N,N,329,Serato,Start with disclaimer
2020-09-01,Shibuya (Instrumental),Free Nationals,Free Nationals (Instrumentals),2020,Y,Y,N,N,N,137,Serato - Tidal,
2020-09-01,Play It Cool,Grand Puba,2000,1995,N,N,N,N,N,252,Serato - Tidal,
2020-09-01,Dip the Moon (Instrumental),Moka Only,Myopic Bubble (Instrumentals),2018,N,Y,N,Y,N,157,Serato - Tidal,"Loop end, talk over"
2020-09-01,DEAR THERAPIST,_BY.ALEXANDER,000 CHANNEL BLACK,2020,Y,Y,N,N,N,397,Serato - Tidal,
2020-09-01,Sun For Someone,Oscar Jerome,Breathe Deep,2020,Y,N,N,N,N,303,Serato - Tidal,
2020-09-01,West of the West,Christian Scott,Axiom,2020,Y,Y,Y,N,N,955,Serato - Booth,
2020-09-08,Super Bounce,"Duckwrth, EARTHGANG",SuperGood,2020,N,N,N,N,N,218,Serato - Tidal,
2020-09-08,Learning,DeKobe,Left Behind,2017,N,Y,N,Y,N,198,Serato - Tidal,
2020-09-08,Eveil De La Cite,Cinephonic,Les Paradis Artificiels,2020,Y,Y,Y,Y,N,296,Serato,
2020-09-08,Request Line (Lou Piensa Remix),Zhane,90S REMIXTAPE,2019,N,N,N,Y,N,223,Serato,
2020-09-08,word.bond / mind.body,Metawon,The 12 Trials of Kinso,2020,N,Y,Y,Y,Y,106,Serato,
2020-09-08,Alternate Ending,Potelin,Resolution,2019,N,Y,N,Y,N,200,Serato,
2020-09-08,Hardcopy,Greg Osby,3-D Lifestyles,1993,N,N,N,N,N,279,Serato - Tidal,
2020-09-08,"If I Can, You Can (Instrumental)",Moka Only,Myopic Bubble (Instrumentals),2018,N,Y,N,Y,N,158,Serato - Tidal,
2020-09-08,Room in Here (Explicit),"Anderson .Paak, The Game, Sonyae",Malibu,2016,N,N,N,N,N,239,Serato - Tidal,
2020-09-08,Beautiful Love,Ahmad Jamal,Naked City Theme,1965,Y,Y,N,N,N,207,Serato - Tidal,
2020-09-08,These Days,St. Panther,These Days,2020,N,N,Y,N,N,268,Serato,
2020-09-08,YOU,Triathalon,SLEEP CYCLE,2020,N,N,N,N,N,213,Serato - Tidal,
2020-09-08,STALLING,"_BY.ALEXANDER, Tanerélle",000 CHANNEL BLACK,2020,Y,N,N,N,N,242,Serato - Tidal,
2020-09-08,Give Back What U Stole From Me (Explicit),Oscar Jerome,Breathe Deep,2020,Y,N,N,N,N,282,Serato - Tidal,
2020-09-08,Everything You Touch Is Gold,Gregory Porter,ALL RISE,2020,Y,N,Y,N,N,363,Serato,
2020-09-08,Queira Bem,"Marcos Valle, Adrian Younge & Ali Shaheed Muhammad",Marcos Valle JID 003 ,2020,Y,N,Y,N,N,243,Serato,
2020-09-08,smoking mirror,NYALLAH,reflections,2020,N,N,Y,N,N,309,Serato,
2020-09-08,Guinnevere [alt take],Christian Scott,Axiom,2020,Y,Y,Y,N,N,750,Serato - Booth,
2020-09-15,B.O.M.B.,St. Panther,These Days,2020,N,N,Y,N,N,203,Serato,
2020-09-15,Dewdropper,Haf N' Haf,Jive Talk,2020,N,N,N,Y,N,155,Serato - Tidal,
2020-09-15,Always Find You,Ljones,Soul Below,2016,N,Y,N,Y,N,175,Serato - Tidal,
2020-09-15,"Mirrors, Vol. 1, No. 2",Naman Cale,"Mirrors, Vol. 1 / Mirrors, Vol. 2",2017,Y,Y,N,Y,N,162,Serato - Tidal,
2020-09-15,Paradis Artifiels,Cinephonic,Les Paradis Artificiels,2020,Y,Y,Y,Y,N,281,Serato,
2020-09-15,Echo Locate,Metawon,The 12 Trials of Kinso,2020,N,Y,Y,Y,Y,152,Serato,
2020-09-15,Mass Appeal (Lou Piensa Remix),Gangstarr,90S REMIXTAPE,2019,N,N,N,Y,N,248,Serato,
2020-09-15,Two,LillyPad,6x10 Sessions,2019,N,Y,N,Y,N,99,Serato - Tidal,"Loop end, mic"
2020-09-15,93 'Til Infinity,Souls Of Mischief,93 'til Infinity,1993,N,N,N,N,N,286,Serato - Tidal,
2020-09-15,Heather,Billy Cobham,Crosswinds,1974,Y,Y,N,N,N,520,Serato - Tidal,
2020-09-15,Galaxy,Alfa Mist,Galaxy (single),2020,Y,Y,N,N,N,552,Serato - Tidal,
2020-09-15,Bamboo,Monster Rally,"Castaways, Vol. 1",2020,Y,Y,N,N,N,202,Serato - Tidal,End with stinger
2020-09-15,Fourty Days,Billy Brooks,Windows of the Mind,2020,Y,Y,Y,N,N,377,Serato,Start with stinger
2020-09-15,Right Here (feat. Denitia),Sly5thAve,What It Is,2020,N,N,Y,N,N,270,Serato,
2020-09-15,Shika ?,Nekogakure,The Impermanence of All Things,2020,N,Y,N,Y,N,348,Serato,
2020-09-15,Songs She Never Heard,Christian Scott,Axiom,2020,Y,Y,Y,N,N,579,Serato - Booth,
2020-09-22,Space Cake,The Heliocentrics,Telemetric Sounds,2020,Y,Y,N,N,N,284,Serato - Tidal,
2020-09-22,We Marked Eachother Skin Deep,Jaded Luxuries,Feeling Down,2020,Y,Y,Y,Y,Y,236,Serato,
2020-09-22,Pigeon Livered,Stefan Anghel,Cinema,2020,N,N,Y,Y,N,192,Serato,
2020-09-22,"Apres, Le Deluge",Cinephonic,Les Paradis Artificiels,2020,Y,Y,Y,Y,N,272,Serato,
2020-09-22,"And That, Too",BADBADNOTGOOD,IV,2016,Y,Y,N,Y,N,271,Serato,
2020-09-22,good food,Joe Nora + Yuutsu,Inner Ocean Sessions - Episode 3,2020,N,Y,N,Y,Y,118,Serato,
2020-09-22,Practice,DeKobe,Outtakes,2020,N,Y,N,Y,N,169,Serato - Tidal,
2020-09-22,AWOL- E Boogie blend,AZ,A.W.O.L Hydra Beats Remixed,2009,N,N,N,N,N,142,Serato,
2020-09-22,N.Y. State of Mind,Nas,Illmatic,1994,N,N,N,N,N,292,Serato - Tidal,
2020-09-22,Mind Rain,Joe Chambers,Double Exposure,1978,Y,Y,N,N,N,526,Serato,
2020-09-22,My Margaret,"_BY.ALEXANDER, Rainsford",000 CHANNEL BLACK,2020,Y,N,N,N,N,242,Serato - Tidal,
2020-09-22,A Couple Things,Kate Bollinger,A word becomes a sound,2020,N,N,N,N,N,160,Serato - Tidal,
2020-09-22,#KingButch,Butcher Brown,#KingButch,2020,N,N,Y,N,N,130,Serato,
2020-09-22,Playa Playa,D'Angelo,Voodoo,2000,N,N,N,N,N,426,Serato - Tidal,
2020-09-22,My Love is Burning Down,Skinny Pelembe,Dreaming Is Dead Now,2019,Y,N,N,N,N,213,Serato - Tidal,
2020-09-22,The Last Chieftain (for Big Chiefs Donald Harrison Sr. & Jr.),Christian Scott,Axiom,2020,Y,Y,Y,N,N,966,Serato - Booth,
2020-09-29,What's real,Jazz Liberatorz,Fruit of the Past,2009,N,N,N,N,N,317,Serato - Tidal,
2020-09-29,Insight,laizlo,Insight - Single,2020,Y,Y,N,Y,N,119,Serato,
2020-09-29,Then Ya Die,Logan Wood,Nottingham & Devon,2020,N,N,Y,Y,Y,286,Serato,Disclaimer
2020-09-29,Kuma ?,Nekogakure,The Impermanence of All Things,2020,N,Y,N,Y,N,321,Serato,
2020-09-29,Sunset in Batanes,DeKobe,Outtakes,2020,N,Y,N,Y,N,208,Serato - Tidal,
2020-09-29,palace,Tshizimba,pharoah,2020,N,Y,N,Y,N,118,Serato,
2020-09-29,Peace (w/ purpan),FutureBeats,Purity,2015,N,Y,N,N,N,105,Serato,
2020-09-29,Funkin',The Dirty Sample,NO!,2020,N,Y,N,Y,Y,90,Serato,Loop end
2020-09-29,Seasons,Ljones,Summer Bumps Vol 01,2018,N,N,N,Y,N,167,Serato,
2020-09-29,Raise Up (feat. Rice the Sound Transmitter),Elaquent and Bhon,Self I Am,2008,N,N,N,Y,N,223,Serato,
2020-09-29,In a Sentimental Mood,"Duke Ellington, John Coltrane",Duke Ellington & John Coltrane,1963,Y,Y,N,N,N,255,Serato - Tidal,
2020-09-29,Trumpets,_BY.ALEXANDER,000 CHANNEL BLACK,2020,Y,N,N,N,N,235,Serato - Tidal,
2020-09-29,Frontline,Butcher Brown,#KingButch,2020,Y,N,Y,N,N,292,Serato,
2020-09-29,Reach,Qur'an Shaheed,Process,2020,N,N,Y,N,N,187,Serato,Start from beginning and loop for mic
2020-09-29,Inner Game,Nubya Garcia,Source,2020,Y,Y,Y,N,N,464,Serato,
2020-09-29,Gotta Love Again,"Marcos Valle, Adrian Younge & Ali Shaheed Muhammad",Marcos Valle JID 003 ,2020,Y,N,Y,N,N,197,Serato,
2020-09-29,Sweet Sticky Things,Takuya Kuroda,Fly Moon Die Soon,2020,Y,N,Y,N,N,293,Serato,
2020-09-29,In a Silent Way/It's About That Time,Miles Davis,In a Silent Way,1969,Y,Y,N,N,N,1192,Serato - Booth,
2020-10-06,Marie,Yazmin Lacey,Future Bubblers 1.0,2017,N,N,N,N,N,238,Serato - Tidal,
2020-10-06,Dopebeatz,Colossus,Mushroom Jazz 6 (Unmixed Online Version),2008,N,Y,N,N,N,300,Serato - Tidal,Mic - loop beginning
2020-10-06,Under the Sun (feat. Laville),"Laville, Ash Walker",Aquamarine,2019,N,N,N,N,N,211,Serato - Tidal,Fade in
2020-10-06,Just Wanna Chill,Dominant,Warm Reminiscence,2018,N,Y,N,Y,N,231,Serato - Tidal,
2020-10-06,What You Think About...,St. Germain,Tourist,2000,Y,Y,N,N,N,288,Serato,Fade in
2020-10-06,Questions (Intro) (Feat. Jérôme Dupuis-Cloutier),L.Teez ,The Index To My Inner Thoughts,2020,N,N,Y,Y,N,150,Serato,
2020-10-06,Illusions Perdues,Cinephonic,Les Paradis Artificiels,2020,Y,Y,Y,Y,N,327,Serato,
2020-10-06,Manifest,Gang Starr,No More Mr. Nice Guy,1989,N,N,N,N,N,290,Serato,
2020-10-06,A Night In Tunisia,"Miles Davis, Charlie Parker",Bird Symbols,1961,Y,Y,N,N,N,183,Serato - Tidal,
2020-10-06,All I Wanna Do,Steve Arrington,Down To The Lowest Terms: The Soul Sessions [Stones Throw],2020,N,N,Y,N,N,285,Serato,
2020-10-06,Change,Takuya Kuroda,Fly Moon Die Soon,2020,Y,N,Y,N,N,355,Serato,
2020-10-06,Forbidden Pleasures,Jaded Luxuries,Feeling Down,2020,N,N,Y,Y,Y,351,Serato,
2020-10-06,Surfboard,Brandi Disterheft Trio with George Coleman,Surfboard,2020,Y,Y,Y,Y,N,243,Serato,
2020-10-06,A Gente Volta Amanhã,"Marcos Valle, Adrian Younge & Ali Shaheed Muhammad",Marcos Valle JID 003 ,2020,Y,N,Y,N,N,192,Serato,
2020-10-06,Horizons,"Quin Kirchner, Nick Broste, Nate Lepine, Jason Stein",The Shadows and the Light,2020,Y,Y,N,N,N,173,Serato - Tidal,
2020-10-06,Sabi (Black Fire Mix),Okyerema Asante,African Rhythms 1970-1982,2020,Y,Y,N,N,N,385,Serato - Tidal,Lead with stinger
2020-10-06,The Man With the Red Face,Laurent Garnier,The Man With the Red Face,2000,N,N,N,N,N,550,Serato,
2020-10-13,Clouds,Busty And The Bass,Eddie,2020,N,N,Y,Y,N,225,Serato,
2020-10-13,Future Release ft. Metic,laizlo,Future Release - Single,2020,Y,Y,N,Y,N,141,Serato,
2020-10-13,peace peace,Tshizimba,pharoah,2020,N,Y,N,Y,N,145,Serato,Lead with stinger
2020-10-13,"Whatanight, Pt. 2",Howiewonder,Heartbeats,2014,N,Y,N,Y,N,101,Serato - Tidal,Lead with stinger
2020-10-13,Luv You,Atamone,Nitespliffs,2017,N,Y,N,Y,N,89,Serato - Tidal,
2020-10-13,Nooka,Kawfee,Memento,2019,N,Y,N,Y,N,88,Serato - Tidal,
2020-10-13,Neewz,Dr. MaD,Shaplau,2018,N,Y,N,Y,N,55,Serato - Tidal,
2020-10-13,Abstractz,Ljones,Garden Interlude,2016,N,Y,N,Y,N,114,Serato - Tidal,
2020-10-13,In the Mood,DeKobe,Left Behind,2017,N,Y,N,Y,N,212,Serato - Tidal,
2020-10-13,Can't Help It,Dan Espina,Oddbatch,2019,N,Y,N,Y,N,233,Serato - Tidal,
2020-10-13,Falling,BRAINiac,Amidst Everything,2020,N,N,Y,Y,N,114,Serato,
2020-10-13,Pho,Karavelo,The Cookbook Vol. 1,2019,N,Y,N,Y,N,97,Serato,
2020-10-13,shimmer,Joe Nora + Yuutsu,Inner Ocean Sessions - Episode 3,2020,N,Y,N,Y,Y,130,Serato,"Loop end, mic"
2020-10-13,Beautiful,Sargeant X Comrade,Magic Radio,2020,N,N,Y,Y,Y,227,Serato,
2020-10-13,Subatomic,Jay Ross vs. Teekay,Str8 6 Shoota,2018,N,N,N,Y,Y,194,Serato,
2020-10-13,Stoppin',The Dirty Sample,NO!,2020,N,N,Y,Y,Y,108,Serato,
2020-10-13,On My Way,Dragon Fli Empire,Banff Avenue,2020,N,N,N,Y,Y,186,Serato,
2020-10-13,Save Me,Kamaal Williams,Wu Hen,2020,Y,N,N,N,N,358,Serato - Tidal,
2020-10-13,Aube Sur La Ville,Cinephonic,Les Paradis Artificiels,2020,Y,Y,Y,Y,N,248,Serato,
2020-10-13,Blue Rainbow,Local Talent,Higienópolis,2019,Y,Y,N,Y,N,312,Serato,Lead with stinger
2020-10-13,Flight to the Jungle (Take Off),Monster Rally,"Castaways, Vol. 1",2020,Y,Y,N,N,N,304,Serato - Tidal,
2020-10-13,Gravitate,Oscar Jerome,Breathe Deep,2020,Y,N,N,N,N,342,Serato - Tidal,
2020-10-13,Zip Your Boots Up Lad,Ebi Soda,Ugh,2020,Y,Y,N,N,N,303,Serato - Tidal,
2020-10-13,The Waves,David Restivo,The Waves,2017,Y,Y,N,Y,N,562,Serato - Booth,
2020-10-20,The Sea Of Stars,The 7 Day Weekend,The 7 Day Weekend,2020,Y,Y,Y,N,N,109,Serato,
2020-10-20,"Mirrors, Vol. 1, No. 1",Naman Cale,"Mirrors, Vol. 1 / Mirrors, Vol. 2",2017,Y,Y,N,Y,N,340,Serato - Tidal,Lead with stinger
2020-10-20,Weekday Morning Routine,Dominant,Prismatic,2019,Y,Y,N,Y,N,201,Serato - Tidal,
2020-10-20,french inhale,[bsd.u],Lighter,2017,N,Y,N,Y,N,108,Serato - Tidal,
2020-10-20,Noname 1,Dan Espina,Limitations,2020,N,Y,N,Y,N,81,Serato - Tidal,
2020-10-20,Discovery,DeKobe,Interlude,2018,N,Y,N,Y,N,183,Serato - Tidal,
2020-10-20,Classic,Howiewonder,Serenity,2018,N,Y,N,Y,N,108,Serato - Tidal,
2020-10-20,"No Longer ft. DO, the Outcast",laizlo,No Longer - Single,2020,N,N,N,Y,N,125,Serato,Lead with disclaimer
2020-10-20,Madvillain Revision (Instrumental),Damu The Fudgemunk,Public Assembly,2014,N,Y,N,N,N,165,Serato - Tidal,
2020-10-20,Climax (Instrumental),"Slum Village, Abstract Orchestra","Fantastic 2020, Vol. 1",2019,N,Y,N,N,N,326,Serato - Tidal,
2020-10-20,A Shade Of Jade,Joe Henderson,Mode For Joe,1966,Y,Y,N,N,N,427,Serato - Tidal,
2020-10-20,A Shade Of Jade,Nubya Garcia,Blue Note Re:Imagined,2020,Y,Y,Y,N,N,407,Serato,
2020-10-20,Tidal Wave,Butcher Brown,#KingButch,2020,Y,Y,Y,N,N,212,Serato,
2020-10-20,Shetter Cheeze,Billy Brooks,Windows of the Mind,2020,Y,Y,Y,N,N,274,Serato,
2020-10-20,Our Train,"Marcos Valle, Adrian Younge & Ali Shaheed Muhammad",Marcos Valle JID 003 ,2020,Y,Y,Y,N,N,217,Serato,
2020-10-20,Flight to the Jungle (Landing),Monster Rally,"Castaways, Vol. 1",2020,Y,Y,N,N,N,296,Serato - Tidal,
2020-10-20,Vessel,Tangents,Timeslips,2020,Y,Y,N,N,N,358,Serato - Tidal,
2020-10-20,Monticello,The Monty Alexander Trio,We've Only Just Begun,1971,Y,Y,N,N,N,232,Serato - Tidal,
2020-10-20,Undressed in Solitude,"Badge Époque Ensemble, James Baley",Badge Époque Ensemble,2019,Y,N,N,Y,N,651,Serato - Booth,
2020-10-27,"2050 (feat. L.A. Salami, Abstract Orchestra)",Young RJ & Mega Ran,2HANDSUP,2020,N,N,N,N,N,220,Serato,
2020-10-27,Julie Mangos,Tom Misch & Yussef Dayes,What Kinda Music,2020,Y,Y,N,N,N,197,Serato,
2020-10-27,You and I,Caribou,Suddenly,2020,N,N,N,Y,N,244,Serato,
2020-10-27,MEATHEAD ft. MF DOOM,Bishop Nehru,Nehruvia: My Disregarded Thoughts,2020,N,N,N,N,N,186,Serato,
2020-10-27,Miracles,Blacknintendo,Starbucks Sessions,2020,N,N,N,N,N,202,Serato,
2020-10-27,Breathe,Brainstory,Buck,2019,N,N,N,N,N,214,Serato,
2020-10-27,First Responders,"Terrace Martin, Robert Glasper, 9th Wonder, Kamasi Washington",Dinner Party,2020,Y,Y,N,N,N,289,Serato - Tidal,
2020-10-27,Time Moves Slow (feat. Sam Herring),BADBADNOTGOOD,IV,2016,Y,N,N,Y,N,273,Serato,
2020-10-27,African Sounds,"Adrian Younge, Ali Shaheed Muhammad, Roy Ayers",Roy Ayers JID002,2020,Y,N,N,N,N,189,Serato,
2020-10-27,Badge Theme,Badge Époque Ensemble,"Nature, Man & Woman",2019,Y,Y,N,Y,N,880,Serato,
2020-11-03,Boreal,Carsten Rubeling,Volk // People,2019,Y,Y,N,Y,Y,216,Serato,"Loop end, mic"
2020-11-03,humble,tkdwn.,back in the game!!!,2019,N,Y,N,Y,N,126,Serato - Tidal,
2020-11-03,Luxury,Potatohead People,"Big Luxury Instrumentals, Remixes & B-Sides",2015,N,Y,N,Y,N,198,Serato - Tidal,
2020-11-03,Gobstopper,Elaquent,After Midnight,2019,N,Y,N,Y,N,195,Serato - Tidal,"Loop beginning, fade in"
2020-11-03,Soul Get-Down,Lou Piensa,Beats and Shapes,2019,N,Y,N,Y,N,61,Serato - Tidal,"Loop beginning, fade in, loop end, hard stop/start"
2020-11-03,Jazz Tapes,Dr. MaD,"People Tape, Vol. 3",2020,N,Y,N,Y,N,149,Serato - Tidal,"Loop end, fade out"
2020-11-03,Montara,HNNY,Montara,2020,N,Y,N,N,N,225,Serato - Tidal,
2020-11-03,Five,LillyPad,6x10 Sessions,2019,N,Y,N,Y,N,149,Serato - Tidal,
2020-11-03,Alive (Instrumental),Mark Farina,Mushroom Jazz 6 (Unmixed Online Version),2008,N,Y,N,N,N,288,Serato - Tidal,
2020-11-03,Fuktifino,The Jazzual Suspects,Lostramentals,2019,N,Y,N,N,N,232,Serato - Tidal,
2020-11-03,Heart & Soul,The Pharcyde,Labcabincalifornia,1995,N,N,N,N,N,295,Serato,Lead with disclaimer
2020-11-03,Yellow Bird,Monty Alexander,Rass!,1974,Y,Y,N,N,N,349,Serato - Tidal,
2020-11-03,Fade,Takuya Kuroda,Fly Moon Die Soon,2020,Y,N,Y,N,N,236,Serato,
2020-11-03,Love Lock,Butcher Brown,#KingButch,2020,Y,N,Y,N,N,255,Serato,
2020-11-03,Black Flag,Billy Brooks,Windows of the Mind,2020,Y,Y,Y,N,N,224,Serato,
2020-11-03,I Got You,St. Panther,These Days,2020,Y,N,Y,N,N,268,Serato,
2020-11-03,Go So Far,Busty And The Bass,Eddie,2020,Y,N,Y,Y,N,242,Serato,
2020-11-03,Isso E? Que Eu Sei,"Marcos Valle, Adrian Younge & Ali Shaheed Muhammad",Marcos Valle JID 003 ,2020,Y,N,Y,N,N,226,Serato,
2020-11-03,No Time To Play,"Guru, Ronny Jordan, DC Lee",Jazzmatazz Volume 1,1993,Y,N,N,N,N,294,Serato - Tidal,
2020-11-03,Montara,"Madlib, DJ Lord Such",Shades Of Blue: Madlib Invades Blue Note,2003,Y,N,N,N,N,351,Serato - Tidal,
2020-11-03,For Free? (Interlude),Kendrick Lamar,To Pimp A Butterfly,2015,Y,N,N,N,N,130,Serato - Tidal,
2020-11-03,Remembrance,Yussef Kamaal,Black Focus,2016,Y,Y,N,N,N,540,Serato - Tidal,
2020-11-10,(A Beautiful Revolution) Intro,Common,A Beautiful Revolution (Pt 1),2020,N,N,N,N,N,134,Serato - Tidal,
2020-11-10,Fallin',Common,A Beautiful Revolution (Pt 1),2020,N,N,N,N,N,238,Serato - Tidal,Loop outro and mic
2020-11-10,"CHILLIN ft. Scott Bevins, CARRTOONS, JMF, Kyle Hutchins",Evan Shay,NEW NORMAL,2020,Y,Y,Y,Y,N,185,Serato,
2020-11-10,Sketch 3,Mackenzie Longpre,miss,2020,Y,Y,N,Y,N,50,Serato,
2020-11-10,Sing a Silent Gospel,Badge Époque Ensemble,Self Help,2020,Y,N,Y,Y,N,379,Serato,
2020-11-10,Sketch 4,Mackenzie Longpre,miss,2020,Y,Y,N,Y,N,91,Serato,
2020-11-10,Quarentine Flow,Lyrique,P.I.M.P. (Poetry Is My Pleasure),2020,N,N,Y,Y,Y,174,Serato,
2020-11-10,Illusion (Silly Apparition),Skinny Pelembe,Blue Note Re:Imagined,2020,Y,N,Y,N,N,253,Serato,
2020-11-10,Hummin' (Large Professor Remix),Cannonball Adderley,The New Groove: The Blue Note Remix Project Vol.1,1996,Y,N,N,N,N,259,Serato - Tidal,
2020-11-10,A Little Soul,Pete Rock,Petestrumentals,2001,Y,Y,N,N,N,341,Serato,
2020-11-10,Tensity,Cannonball Adderley,The Cannonball Adderley Quintet & Orchestra,1970,Y,Y,N,N,N,755,Serato - Tidal,
2020-11-10,SILHOUETTE,Naman Cale,SILHOUETTE,2020,Y,Y,N,Y,N,371,Serato,
2020-11-10,the absence,_BY.ALEXANDER,000 CHANNEL BLACK,2020,Y,Y,N,N,N,156,Serato - Tidal,
2020-11-10,Punk,Josh Johnson,Freedom Exercise,2020,Y,Y,Y,N,N,148,Serato,
2020-11-10,Run For President,Ebi Soda,Ugh,2020,Y,N,N,N,N,189,Serato - Tidal,
2020-11-10,Show Me What You Got (feat. Jordan Rakei),Richard Spaven,Real Time,2018,Y,N,N,N,N,278,Serato - Tidal,
2020-11-10,Familar Future,Dougie Stu,Familiar Future,2020,Y,Y,N,N,N,361,Serato - Tidal,
2020-11-10,Mr. Gutterman,Greg Osby,3-D Lifestyles,1993,Y,N,N,N,N,483,Serato,
2020-11-17,Afterschool,The Alchemist,The Food Villain,2020,N,N,N,N,N,101,Serato - Tidal,Loop intro and mic
2020-11-17,(White Nile) Flows Through Memphis,King Khan,The Infinite Ones,2020,Y,Y,N,Y,N,361,Serato - Tidal,
2020-11-17,Bowed,Josh Johnson,Freedom Exercise,2020,Y,Y,Y,N,N,214,Serato,
2020-11-17,SCALE ft. HPRIZM,Evan Shay,NEW NORMAL,2020,Y,N,Y,Y,N,75,Serato,
2020-11-17,Quincy's March,Avantdale Bowling Club,Avantdale Bowling Club,2018,Y,N,N,N,N,453,Serato,
2020-11-17,????????????????,Jaded Luxuries,Emerald Mall,2020,Y,Y,N,Y,Y,284,Serato,
2020-11-17,Play Dis Only At Night,Pete Rock,Petestrumentals,2001,N,Y,N,N,N,307,Serato,
2020-11-17,Montara,Blue Lab Beats,Blue Note Re:Imagined,2020,Y,Y,Y,N,N,352,Serato,
2020-11-17,Montara,Bobby Hutcherson,Montara,1975,Y,Y,N,N,N,298,Serato - Tidal,
2020-11-17,Good Mood,Steve Arrington,Down To The Lowest Terms: The Soul Sessions,2020,N,N,Y,N,N,171,Serato,
2020-11-17,Cover It Up,Brainstory,Buck,2019,N,N,N,N,N,202,Serato,
2020-11-17,Eternal Question,Beat Bronco Organ Trio,Road Trip,2020,Y,Y,N,N,N,222,Serato,
2020-11-17,VOX ROOM,PRO-V,PRO-V - PRO KNOWS...CKUT,2018,N,Y,N,Y,N,146,Serato,Loop intro and MIC
2020-11-17,Nightrider (feat. Freddie Gibbs) (Radio Edit - Clean),Tom Misch & Yussef Dayes,What Kinda Music,2020,Y,N,N,N,N,253,Serato,Loop intro and fade in
2020-11-17,Morning,DeKobe,A New Journey,2015,N,Y,N,Y,N,151,Serato - Tidal,Fade in
2020-11-17,Want,Ljones,Summer Bumps Vol 01,2018,N,N,N,Y,N,117,Serato,
2020-11-17,The Carter Barron,Oddisee,Rock Creek Park,2011,N,N,N,N,N,234,Serato - Tidal,
2020-11-17,InYourEyes!!!!,9th Wonder,Zion IV,2019,N,N,N,N,N,131,Serato - Tidal,
2020-11-17,Mind's Eye (CeasRock),Dr. MaD,People Tape Vol. 3,2020,N,N,N,Y,N,128,Serato,
2020-11-17,Nights Introlude (Live In Chicago),Nightmares On Wax,Smoker's Delight (25th Anniversary Edition),1995,N,Y,N,N,N,420,Serato - Booth,
2020-11-24,Utmt,Asal Hazel,Utmt - Single,2018,N,N,N,N,N,186,Serato - Tidal,Loop end mic
2020-11-24,Anticipation,Greg Foat,Symphonie Pacifique,2020,Y,Y,N,N,N,300,Serato - Tidal,
2020-11-24,The Self (feat. Jordan Rakei),Richard Spaven,The Self,2017,N,N,N,N,N,319,Serato - Tidal,
2020-11-24,Do Right,DJ Mitsu The Beats,New Awakening,2007,N,N,N,N,N,333,Serato - Tidal,
2020-11-24,Captain Trips,Redline Trio,Redline Trio featuring Steve Hudson,2020,Y,Y,N,Y,Y,410,Serato,
2020-11-24,Crime Pays,Freddie Gibbs and Madlib,Bandana,2019,N,N,N,N,N,182,Serato,
2020-11-24,Free Spirit,Walt Barr,East Winds,1979,Y,N,N,N,N,316,Serato,
2020-11-24,Theme Of Yahya,King Khan,The Infinite Ones,2020,Y,Y,N,Y,N,132,Serato - Tidal,
2020-11-24,ROLL CALL,Naman Cale,SILHOUETTE,2020,Y,Y,N,Y,N,234,Serato,
2020-11-24,Caribbean Fire Dance (Lewisham Drop),Melt Yourself Down,Blue Note Re:Imagined,2020,Y,N,Y,N,N,195,Serato,
2020-11-24,the formula,pesewa,19999: a cephalopod fantasy,2020,Y,Y,Y,Y,N,129,Serato,
2020-11-24,Give Back What U Stole From Me (Nightmares on Wax Remix),Oscar Jerome,Give Back What U Stole From Me (Nightmares on Wax Remix),2020,Y,N,N,N,N,326,Serato - Tidal,
2020-11-24,Source (Makaya McCraven Remix),Nubya Garcia,Source (Makaya McCraven Remix),2020,Y,Y,N,N,N,335,Serato - Tidal,
2020-11-24,Fair Chance (Floating Points Remix),Thundercat,Fair Chance,2020,N,N,N,N,N,308,Serato - Tidal,Loop end mic
2020-11-24,Baby Got Work (feat. Posdnuos & Kapok),Potatohead People & De La Soul,Mellow Fantasy,2020,N,N,Y,Y,N,211,Serato,
2020-11-24,Ballad for Samuel,Jamael Dean,Ished Tree,2020,Y,N,Y,N,N,369,Serato - Booth,
2020-12-01,1st Light,Potatohead People,Mellow Fantasy,2020,Y,Y,Y,Y,N,110,Serato,
2020-12-01,In The Garden,Potatohead People,Mellow Fantasy,2020,Y,Y,Y,Y,N,213,Serato,Loop beginning and mic
2020-12-01,Quiet Storm,"Azymuth, Ali Shaheed Muhammad and Adrian Younge ",Azymuth JID004,2020,Y,Y,Y,N,N,262,Serato,
2020-12-01,Unity (It's up to You),Badge Époque Ensemble,Self Help,2020,N,N,Y,Y,N,355,Serato,
2020-12-01,"SMOKE ft. HPRIZM, Kyle Hutchins",Evan Shay,NEW NORMAL,2020,Y,N,Y,Y,N,181,Serato,
2020-12-01,Sketch 1,Mackenzie Longpre,miss,2020,Y,Y,N,Y,N,65,Serato,
2020-12-01,esque,Dan Espina,ESQUE,2020,N,Y,N,Y,N,128,Serato,
2020-12-01,Soaking Wet Pajamas,G Mills,Inner Ocean Sessions Ep. 2,2019,N,Y,N,Y,Y,75,Serato,
2020-12-01,Interlude,Mr. Moods,Unreleased,2020,N,Y,N,Y,N,50,Serato,
2020-12-01,When There Is No Sun,Jamael Dean,Ished Tree,2020,Y,Y,Y,N,N,256,Serato,
2020-12-01,Scottie Beam,"Freddie Gibbs, The Alchemist, Rick Ross",Alfredo,2020,N,N,N,N,N,244,Serato - Tidal,
2020-12-01,Alone (Reprise),Wee,You Can Fly On My Aeroplane,1977,N,N,N,N,N,148,Serato - Tidal,
2020-12-01,Theme,Flying Lotus,You're Dead!,2014,Y,Y,N,N,N,84,Serato - Tidal,
2020-12-01,Tesla,Flying Lotus,You're Dead!,2014,Y,Y,N,N,N,114,Serato - Tidal,
2020-12-01,Cold Dead,Flying Lotus,You're Dead!,2014,Y,Y,N,N,N,94,Serato - Tidal,
2020-12-01,Fkn Dead,Flying Lotus,You're Dead!,2014,Y,Y,N,N,N,40,Serato - Tidal,
2020-12-01,No One Like You (KAYTRANADA Remix),"Robert Glasper Experiment, Alex Isley",Robert Glasper x KAYTRANADA: The ArtScience Remixes,2018,Y,N,N,Y,N,317,Serato - Tidal,
2020-12-01,Apartment (Instrumental),Free Nationals,Free Nationals (Instrumentals),2020,Y,Y,N,N,N,184,Serato - Tidal,
2020-12-01,"Them Changes (feat. Ariana Grande, JD Beck, DOMi)",Thundercat,Adult Swim Festival 2020,2020,Y,N,N,N,N,289,Serato,
2020-12-01,Together Is a Beautiful Place To Be,Nubya Garcia,Source,2020,Y,Y,Y,N,N,456,Serato,
2020-12-01,Build a Nest (feat. Ruby Parker),Jeff Parker,Suite For Max Brown,2020,Y,N,N,N,N,133,Serato,
2020-12-01,Huntress (for Cara),Christian Scott,Axiom,2020,Y,Y,N,N,N,557,Serato,
2020-12-08,Champ De Mars,"Anomalie, Chromeo",Bend the Rules EP,2020,N,N,N,Y,N,134,Serato - Tidal,
2020-12-08,dreams of 2MOrrow,Laizlo,2MOrrow,2020,N,Y,N,Y,N,90,Serato,
2020-12-08,DontStopSoul,$irrebral,SOUL TAPE,2020,N,N,N,Y,N,137,Serato,"Loop end, fade out"
2020-12-08,Sentimentos,Rubim de Toledo,The Dig,2020,Y,Y,Y,Y,N,249,Serato,
2020-12-08,Something's Gotta Give,St. Panther,These Days,2020,N,N,N,N,N,254,Serato,
2020-12-08,Watermelon Man (Under The Sun),Poppy Ajudha,Blue Note Re:Imagined,2020,Y,N,Y,N,N,270,Serato,
2020-12-08,vagues,Oz.,[true colors],2016,N,Y,N,Y,N,92,Serato,Fade out
2020-12-08,Videos,BRSBK,ALL OVER YOURSELF,2016,N,Y,N,Y,N,217,Serato,
2020-12-08,Warm,Dominant,Springtime,2020,N,Y,N,Y,N,151,Serato - Tidal,
2020-12-08,Crazy To Hope (feat. Masego),Grace Weber,How Did We Get Here,2020,N,N,N,N,N,188,Serato - Tidal,
2020-12-08,Find Me (Pt. 2),Ivan Ave and Mndsgn,Helping Hands,2016,N,N,N,N,N,242,Serato - Tidal,
2020-12-08,? ???????? ????,Igor Bril Jazz Ensemble,???? ?????,1978,Y,Y,N,N,N,179,Serato,
2020-12-08,Dimensions,"Doug Carn, Adrian Younge and Ali Shaheed Muhammad",Doug Carn JID005,2020,Y,Y,Y,N,N,244,Serato,
2020-12-08,With A Smile,Gabriel Garzón-Montano,Agüita,2020,N,N,Y,N,N,177,Serato,
2020-12-08,Flatfoot Hustle,The Bongolian,Harlem Hipshake,2020,Y,Y,Y,N,N,227,Serato,
2020-12-08,Simple Song,Josh Johnson,Freedom Exercise,2020,Y,Y,Y,N,N,367,Serato,
2020-12-08,Butterss Fly,Makaya McCraven,Universal Beings E&F Sides,2020,Y,Y,N,N,N,199,Serato - Tidal,
2020-12-08,Hark,"Tom Misch, Alfa Mist",Beat Tape 2,2015,N,Y,N,N,N,163,Serato - Tidal,
2020-12-08,Blue Monk,Thelonious Monk,Palo Alto,1968,Y,Y,Y,N,N,842,Serato - Booth,
2020-12-15,"What It Feels Like (feat. T3, Illa J & Kapok)",Potatohead People,Mellow Fantasy,2020,N,N,Y,Y,N,213,Serato,"Loop End, mic"
2020-12-15,This Time Around,Jonah Yano,This Time Around,2020,N,N,N,Y,N,244,Serato - Tidal,
2020-12-15,Let Me Explain,"Mr. Moods, Music for Night People, Nuages Records",Let Me Explain,2020,N,Y,N,Y,N,221,Serato - Tidal,
2020-12-15,Elevated Microphone (Instrumental),Moka Only,It Can Do (Instrumentals),2020,N,Y,N,Y,N,154,Serato,
2020-12-15,Rome (ft. Daniel Son & Saipher Soze),DJ Cosm,Rome (ft. Daniel Son & Saipher Soze) [SINGLE],2020,N,N,N,Y,Y,158,Serato,
2020-12-15,Freedom At Sunset,"Doug Carn, Adrian Younge and Ali Shaheed Muhammad",Doug Carn JID005,2020,Y,Y,Y,N,N,249,Serato,
2020-12-15,Back Breaker,Rubim de Toledo,The Dig,2020,Y,Y,Y,Y,N,270,Serato,
2020-12-15,la télé est là,kawfee,(s') oublier,2020,N,Y,N,Y,N,86,Serato,
2020-12-15,Anpu,Jamael Dean,Ished Tree,2020,Y,Y,Y,N,N,66,Serato,
2020-12-15,Creole (feat. Mos Def),Charlie Hunter Quartet,Songs from the Analog Playground,2001,Y,N,N,N,N,337,Serato - Tidal,
2020-12-15,So What,Miles Davis,Kind of Blue,1959,Y,Y,N,N,N,562,Serato - Tidal,
2020-12-15,Always On My Mind,"Terrace Martin, Alex Isley",Village Days,2020,Y,N,N,N,N,284,Serato - Tidal,
2020-12-15,Driver (Lasta Remix),"Pyramid Project, Boaz Jagingo",Mangroves EP,2020,Y,N,N,N,N,366,Serato - Tidal,
2020-12-15,Nikinakinu,Greg Foat,Symphonie Pacifique,2020,Y,Y,N,N,N,320,Serato - Tidal,
2020-12-15,Always something,Jazz Liberatorz,Fruit of the Past,2009,Y,N,N,N,N,289,Serato - Tidal,
2020-12-15,"Well, You Needn't",Thelonious Monk,Palo Alto,1968,Y,Y,Y,N,N,796,Serato - Booth,
2020-12-22,Lil Drummer Boi,Butcher Brown,A Very Butcher Holiday,2015,Y,Y,N,N,N,282,Serato,
2020-12-22,Sleigh Ridin,Butcher Brown,A Very Butcher Holiday,2015,Y,Y,N,N,N,194,Serato,
2020-12-22,CHRISTMASINWAIKIKI,DATSUNN,Cookies n' Milk Vol. 1,2020,N,N,N,Y,N,82,Serato,
2020-12-22,TIMEOFYEAR,DATSUNN,Cookies n' Milk Vol. 1,2020,N,N,N,Y,N,96,Serato,
2020-12-22,COMET,DATSUNN,Cookies n' Milk Vol. 1,2020,N,N,N,Y,N,107,Serato,
2020-12-22,RAINDROPS,DATSUNN,Cookies n' Milk Vol. 1,2020,N,N,N,Y,N,88,Serato,
2020-12-22,STANDINGTHERE,DATSUNN,Cookies n' Milk Vol. 1,2020,N,N,N,Y,N,69,Serato,
2020-12-22,REST,DATSUNN,Cookies n' Milk Vol. 1,2020,N,N,N,Y,N,101,Serato,
2020-12-22,DREAMIN',DATSUNN,Cookies n' Milk Vol. 1,2020,N,N,N,Y,N,96,Serato,
2020-12-22,WHATCHILD?,DATSUNN,Cookies n' Milk Vol. 1,2020,N,N,N,Y,N,80,Serato,
2020-12-22,IT'SHERE,DATSUNN,Cookies n' Milk Vol. 1,2020,N,N,N,Y,N,126,Serato,
2020-12-22,CHARLIESINTERLUDE,DATSUNN,Cookies n' Milk Vol. 1,2020,N,N,N,Y,N,74,Serato,
2020-12-22,DONNY'SOUTRO,DATSUNN,Cookies n' Milk Vol. 1,2020,N,N,N,Y,N,98,Serato,
2020-12-22,NIGHTCREAM,DATSUNN,Cookies n' Milk Vol. 2,2020,N,N,N,Y,N,105,Serato,
2020-12-22,XMASPAST,DATSUNN,Cookies n' Milk Vol. 2,2020,N,N,N,Y,N,94,Serato,
2020-12-22,WOWOWOW,DATSUNN,Cookies n' Milk Vol. 2,2020,N,N,N,Y,N,164,Serato,
2020-12-22,GOTOSLEEP,DATSUNN,Cookies n' Milk Vol. 2,2020,N,N,N,Y,N,126,Serato,
2020-12-22,snow falls again,DOMINANT,cozy within,2020,N,N,N,Y,N,150,Serato,
2020-12-22,near v3 interlude,DOMINANT,cozy within,2020,N,N,N,Y,N,64,Serato,
2020-12-22,rested beside the fireplace,DOMINANT,cozy within,2020,N,N,N,Y,N,122,Serato,
2020-12-22,feels (intro),kawfee,snowstorm,2020,Y,Y,N,Y,N,82,Serato,
2020-12-22,feeling fine,kawfee,snowstorm,2020,Y,Y,N,Y,N,96,Serato,
2020-12-22,warmer,kawfee,snowstorm,2020,Y,Y,N,Y,N,93,Serato,
2020-12-22,snowstorm,kawfee,snowstorm,2020,Y,Y,N,Y,N,93,Serato,
2020-12-22,Christmas Rappin',Kurtis Blow,Kurtis Blow,1980,N,N,N,N,N,237,Serato - Tidal,
2020-12-22,The Bird Peterson Holiday Spectacular Special Edition,Bird Peterson,The Bird Peterson Holiday Spectacular Special Edition,2012,N,N,N,N,N,2256,Serato,
2020-12-29,Fusion Swirl,Jeff Parker,Suite For Max Brown,2020,Y,Y,N,N,N,333,Serato,
2020-12-29,Stoopid Game,"Underground Canopy, Bluestaeb, S. Fidelity ",Bluestaeb and S. Fidelity Present Underground Canopy,2020,Y,Y,N,N,N,258,Serato,
2020-12-29,Hey Lover (feat Roy Ayers),Adrian Younge and Ali Shaheed Muhammad,Jazz Is Dead 001,2020,Y,N,N,N,N,146,Serato,
2020-12-29,How Ya Doin'?,Dragon Fli Empire,Banff Avenue,2020,N,N,N,Y,Y,201,Serato,
2020-12-29,No Need to Wait,"Alfa Mist, Emmavie",Epoch,2020,N,N,N,N,N,259,Serato - Tidal,
2020-12-29,ETMET,Witch Prophet,DNA ACTIVATION,2020,N,N,N,Y,N,149,Serato,
2020-12-29,Never (Lagos Never Gonna Be The Same),Tony Allen + Hugh Masekela,Rejoice,2020,Y,N,N,N,N,234,Serato,
2020-12-29,Tangerines,HiFiLo,Speak Your Name,2020,Y,Y,N,Y,N,231,Serato,
2020-12-29,Bittersweet,Lianne La Havas,Lianne La Havas,2020,N,N,N,N,N,236,Serato - Tidal,
2020-12-29,I Don't Care,Angela Muñoz,Adrian Younge presents Angela Munoz Introspection,2020,N,N,N,N,N,219,Serato,
2020-12-29,Morning Light (feat Moka Only),Sargeant X Comrade,Magic Radio,2020,N,N,N,Y,Y,176,Serato,
2020-12-29,Kings and Queens,Makaya McCraven,Universal Beings E&F Sides,2020,Y,Y,N,N,N,280,Serato - Tidal,
2020-12-29,BROKE BOI,Laizlo,laizlo;;edits,2020,N,N,N,Y,N,129,Serato,
2020-12-29,ERPHKWAKE,Laizlo,laizlo;;edits,2020,N,N,N,Y,N,107,Serato,
2020-12-29,Pigalle,Kamaal Williams,Wu Hen,2020,Y,Y,N,N,N,374,Serato - Tidal,
2020-12-29,#KingButch,Butcher Brown,#KingButch,2020,N,N,N,N,N,130,Serato,
2020-12-29,"Source feat. Ms MAURICE, Cassie Kinoshi, Richie Seivwright",Nubya Garcia,SOURCE,2020,Y,N,N,N,N,728,Serato - Tidal,
2021-01-05,The Chocoloate Conquistadors,"BADBADNOTGOOD, MF DOOM",The Chocolate Conquistadors (From Grand Theft Auto Online: The Cayo Perico Heist),2020,Y,N,N,Y,N,420,Serato - Tidal,
2021-01-05,Madmix 1,Abstract Orchestra,"Madvillian, Vol. 1",2018,Y,Y,N,N,N,404,Serato - Tidal,
2021-01-05,Madmix 2,Abstract Orchestra,"Madvillian, Vol. 1",2018,Y,Y,N,N,N,517,Serato - Tidal,
2021-01-05,Madvillainy Tribute,DOMi & JD Beck,Madvillainy Tribute,2020,Y,Y,N,N,N,260,Serato,"Figaro, All Caps, Rhinestone Cowboy, Raid, Meatgrinder, Accordion"
2021-01-05,DOOM,BADBADNOTGOOD,BBNGLive 1,2011,Y,Y,N,Y,N,528,Serato,"Supervillian Theme - Madvillian, ""Fazers"" by King Geedorah, ""Vomitspit"" by MF Doom"
2021-01-05,Accordion,"Neneh Cherry, The Thing",The Cherry Thing,2012,Y,N,N,N,N,370,Serato - Tidal,
2021-01-05,Doomsday,MF DOOM,Operation Doomsday,1999,N,N,N,N,N,299,Serato - Tidal,Sade - Kiss of Life
2021-01-05,One Beer,MF DOOM,MM..Food?,2004,N,N,N,N,N,259,Serato - Tidal,Cortext - Huit Octobre 1971
2021-01-05,Kon Karne,MF DOOM,MM..Food?,2004,N,N,N,N,N,171,Serato - Tidal,Sade - Is it a Crime
2021-01-05,Raid,Madvillian,Madvilliany,2004,N,N,N,N,N,150,Serato - Tidal,Bill Evans - Nardis (At the Montreux Jazz Festival)
2021-01-05,Rainbows,Madvillian,Madvilliany,2004,N,N,N,N,N,171,Serato - Tidal,"William Loose, Stu Phillips and Marvin Elling - Kelly"
2021-01-05,Figaro,Madvillian,Madvilliany,2004,N,N,N,N,N,145,Serato - Tidal,Lonnie Smith - Jeannine
2021-01-05,Great Day,Madvillian,Madvilliany,2004,N,N,N,N,N,136,Serato - Tidal,Eivets Rednow - How Can You Believe
2021-01-05,Ray Gun feat. MF DOOM,"BADBADNOTGOOD, Ghostface Killah",Sour Soul,2015,N,N,N,Y,N,188,Serato - Tidal,
2021-01-05,Piece of Mind,Idris Muhammad,Power of Soul,1974,Y,Y,N,N,N,564,Serato,
2021-01-12,An Italian Goodbye,Laplace,Return On Energy,2020,Y,Y,Y,Y,Y,191,Serato,
2021-01-12,The Sands,Rubim de Toledo,The Dig,2020,Y,Y,Y,Y,N,234,Serato,
2021-01-12,Have Mercy Joe!,Bill King,Mondo Jumbo,2020,Y,Y,Y,Y,N,298,Serato,
2021-01-12,Desert Rain,"Doug Carn, Adrian Younge and Ali Shaheed Muhammad",Doug Carn JID005,2020,Y,Y,Y,N,N,227,Serato,
2021-01-12,"Future, Past & Present",Badge Époque Ensemble,"Future, Past & Present",2021,Y,Y,Y,Y,N,454,Serato,
2021-01-12,miss 3,Mackenzie Longpre,miss,2020,Y,Y,N,Y,N,212,Serato,
2021-01-12,Sorcerers feat. MF DOOM and Invizible Handz,John Robinson,Who Is This Man?,2009,N,N,N,N,N,185,Serato,
2021-01-12,All I Ask,The Blackbyrds,City Life,1974,Y,Y,N,N,N,233,Serato - Tidal,
2021-01-12,Broken,44th Move,44th Move,2020,Y,Y,N,N,N,381,Serato - Tidal,
2021-01-12,Love Story,GODTET,III,2020,Y,Y,N,N,N,532,Serato - Tidal,
2021-01-12,Descent,Roland Haynes,2nd Wave,2020,Y,Y,N,N,N,519,Serato - Tidal,
2021-01-12,Du Morgon Au Moulin-A-Vent (Pour Duke),"Jahari Massamba Unit, Madlib, Karriem Riggins",Pardon My French,2020,Y,Y,N,N,N,548,Serato - Tidal,
2021-01-12,Duat//Cancer,Jamael Dean,Ished Tree,2020,Y,Y,Y,N,N,551,Serato - Booth,
2021-01-19,Gospel Trane,Dezron Douglas & Brandee Younger,Force Majeure,2020,Y,Y,Y,N,N,310,Serato,
2021-01-19,Leather Gloves,Monodrone,Smooth Cuts,2020,N,Y,Y,Y,Y,377,Serato,
2021-01-19,Flower pot,Mr. Moods,Alive Again,2020,N,Y,N,Y,N,285,Serato,
2021-01-19,Don't Blame Me,Thelonious Monk,Palo Alto,1968,Y,Y,Y,N,N,396,Serato,
2021-01-19,Journey In The Night Boat,Jamael Dean,Ished Tree,2020,Y,Y,Y,N,N,249,Serato,
2021-01-19,Extinct Commune,Badge Époque Ensemble,Self Help,2020,Y,Y,Y,Y,N,288,Serato,
2021-01-19,Yonaguni,Greg Foat,Symphonie Pacifique,2020,Y,Y,N,N,N,244,Serato - Tidal,
2021-01-19,Two Nil,44th Move,44th Move,2020,Y,Y,N,N,N,319,Serato - Tidal,
2021-01-19,Crime Pays (Instrumental),"Freddie Gibbs, Madlib",Bandana Beats,2020,N,Y,N,N,N,182,Serato - Tidal,
2021-01-19,Acid Test,River Tiber,Indigo,2016,N,N,N,Y,N,313,Serato - Tidal,
2021-01-19,Western Ave,Josh Johnson,Freedom Exercise,2020,Y,Y,Y,N,N,321,Serato,
2021-01-19,Water (Medley),Avantdale Bowling Club,Avantdale Bowling Club,2018,N,N,N,N,N,556,Serato,
2021-01-19,Theme From Selva,Quantic,Selva Selects: Thunderclaps,2020,N,Y,Y,N,N,205,Serato - Booth,
2021-01-19,Interstellar,Chip Wickham,Blue To Red,2020,Y,Y,N,N,N,510,Serato - Booth,
2021-01-26,Run Outs,Alfa Mist,Bring Backs,2021,Y,Y,N,N,N,292,Serato - Tidal,
2021-01-26,Soul Street,Bill King,Mondo Jumbo,2020,Y,Y,Y,Y,N,186,Serato,Fade out
2021-01-26,Jeski's Return,Laplace,Return On Energy,2020,Y,Y,Y,Y,Y,172,Serato,
2021-01-26,For Keeps (Instrumental),Moka Only,It Can Do (Instrumentals),2020,N,Y,N,Y,N,170,Serato,
2021-01-26,July,Ljones,Soul Below,2012,N,Y,N,Y,N,241,Serato,"Fade in, fade out"
2021-01-26,43 Labels I Like,People Under The Stairs,Question In The Form Of An Answer,2000,N,N,N,N,N,109,Serato,"Loop beginning, fade in"
2021-01-26,Sunshine,HNNY,So Sunshine,2020,N,Y,N,N,N,138,Serato,
2021-01-26,Observation Is No Crime,The Bukkeyleo Quintet,Rejoice In Righteousness,1988,Y,Y,N,N,N,322,Serato - Tidal,
2021-01-26,"Woman Of The Ghetto (Live From The Montreux Jazz Festival,Switzerland/1973)",Marlena Shaw,Live At The Montreux,1973,Y,N,N,N,N,598,Serato - Tidal,
2021-01-26,Rose Rouge,St. Germain,Tourist,2000,Y,N,N,N,N,418,Serato,
2021-01-26,It's to Say,Marc Moulin,Top Secret,2002,Y,Y,N,N,N,377,Serato,Fade in
2021-01-26,Just Space for Light,Badge Époque Ensemble,"Future, Past & Present",2021,Y,Y,Y,Y,N,381,Serato,
2021-01-26,Wise One,Dezron Douglas & Brandee Younger,Force Majeure,2020,Y,Y,Y,N,N,500,Serato,
2021-01-26,Fly,44th Move,44th Move,2020,Y,Y,N,N,N,251,Serato - Tidal,
2021-01-26,All Apologies,Aimee-Jo Benoit with Trio Velocity,BORJONER,2020,Y,N,N,Y,Y,517,Serato - Booth,
2021-02-02,Blowin Wax,People Under the Stairs,Question In The Form Of An Answer,2000,N,N,N,N,N,275,Serato,
2021-02-02,Swan Fever,People Under The Stairs,Fun DMC,2008,N,N,N,N,N,319,Serato,
2021-02-02,Step Bacc,People Under The Stairs,Fun DMC,2008,N,N,N,N,N,210,Serato,
2021-02-02,The L.A. Song,People Under The Stairs,O.S.T.,2002,N,N,N,N,N,266,Serato,
2021-02-02,Outrun,People Under The Stairs,... Or Stay Tuned,2003,N,N,N,N,N,208,Serato,
2021-02-02,Stay Home,People Under The Stairs,Question In The Form Of An Answer,2000,N,N,N,N,N,200,Serato,Loop end and mic (bed music for phone?)
2021-02-02,More Than You Know,People Under The Stairs,Stepfather,2006,N,N,N,N,N,228,Serato,
2021-02-02,The Suite For Beaver Part 1,People Under The Stairs,O.S.T.,2002,N,N,N,N,N,266,Serato,
2021-02-02,The Suite For Beaver Part 2,People Under The Stairs,O.S.T.,2002,N,N,N,N,N,246,Serato,
2021-02-02,The Breakdown,People Under The Stairs,O.S.T.,2002,N,N,N,N,N,300,Serato,
2021-02-09,Kettle Boiling (feat. Bunnie),Potatohead People,Mellow Fantasy,2020,N,N,Y,Y,N,266,Serato,"Loop end and mic, fade out"
2021-02-09,Kindness,HNNY,Kindness,2020,N,Y,N,N,N,156,Serato,"Loop beginning, fade in"
2021-02-09,time will blur the incongruities,Laizlo,2dAY,2020,Y,Y,N,Y,N,64,Serato,Fade in
2021-02-09,almost blue,Oz.,[true colors],2016,N,Y,N,Y,N,71,Serato,"Loop end, let play out after beat match"
2021-02-09,Dandelion Soup,Ljones,Garden Interlude,2016,N,Y,N,Y,N,131,Serato,"Loop beginning, fade in, loop end, fade out"
2021-02-09,The Messiah,Los Retros,Everlasting,2020,Y,N,N,N,N,285,Serato,
2021-02-09,Pulando Corda,"Azymuth, Ali Shaheed Muhammad and Adrian Younge ",Azymuth JID004,2020,Y,Y,Y,N,N,228,Serato,
2021-02-09,Highway,St. Panther,These Days,2020,N,N,N,N,N,152,Serato,
2021-02-09,Kira,BRSBK,ALL OVER YOURSELF,2016,N,Y,N,Y,N,113,Serato,
2021-02-09,THE WATER COOLER,PRO-V,PRO-V - PRO KNOWS...CKUT,2018,N,Y,N,Y,N,143,Serato,
2021-02-09,[bump]inthenight,tkdwn.,instant transmission 01,2020,N,N,N,Y,N,96,Serato,
2021-02-09,"Mercy, Mercy, Mercy (Live)",Cannonball Adderley,"Mercy, Mercy, Mercy! - Live at ""The Club""",1967,Y,Y,N,N,N,310,Serato - Tidal,
2021-02-09,Road of the Lonely Ones,Madlib,Sound Ancestors,2021,N,N,N,N,N,218,Serato - Tidal,
2021-02-09,Sound Ancestors,Madlib,Sound Ancestors,2021,N,N,N,N,N,171,Serato - Tidal,
2021-02-09,One For Quartabe / Right Now,Madlib,Sound Ancestors,2021,N,N,N,N,N,162,Serato - Tidal,
2021-02-09,Hang Out (Phone Off),Madlib,Sound Ancestors,2021,N,N,N,N,N,136,Serato - Tidal,
2021-02-09,Two for 2 - For Dilla,Madlib,Sound Ancestors,2021,N,N,N,N,N,172,Serato - Tidal,
2021-02-09,Latino Negro,Madlib,Sound Ancestors,2021,N,N,N,N,N,217,Serato - Tidal,
2021-02-09,Chino,Madlib,Sound Ancestors,2021,N,N,N,N,N,118,Serato - Tidal,
2021-02-09,Duumbiyay,Madlib,Sound Ancestors,2021,N,N,N,N,N,193,Serato - Tidal,
2021-02-09,African Call,Muriel Grossmann,Quiet Earth,2020,Y,Y,N,N,N,549,Serato - Tidal,
2021-02-09,Fire,Rhye,Home,2021,N,N,Y,Y,N,213,Serato - Booth,
2021-02-09,Never Let Me Go,Brian Buchanan,Solo Sessions,2020,Y,Y,Y,Y,Y,514,Serato - Booth,
2021-02-16,Robber,The Weather Station,Ignorance,2021,N,N,Y,Y,N,321,Serato,
2021-02-16,colo(u)rs,KALLITECHNIS,colo(u)rs,2021,N,N,N,Y,N,187,Serato - Tidal,
2021-02-16,looped that shit up,matt piano,what's the vibe?,2020,N,N,N,Y,N,51,Serato,
2021-02-16,still cali dreamin',tkdwn.,instant transmission 01,2020,N,N,N,Y,N,89,Serato,
2021-02-16,all these models in my dm's w/ bob le head,bsd.u,can't remember,2020,N,N,N,Y,N,94,Serato,
2021-02-16,Duck Breast,Karavelo,The Cookbook Vol. 1,2019,N,N,N,Y,N,84,Serato,
2021-02-16,s'oublier,kawfee,(s') oublier,2020,N,N,N,Y,N,72,Serato,
2021-02-16,Sour Soul,BADBADNOTGOOD,Sour Soul Instrumentals,2015,Y,Y,N,Y,N,166,Serato,
2021-02-16,last hour,Dan Espina,ESQUE,2020,N,N,N,Y,N,172,Serato,
2021-02-16,Woke Up,Jared Winberg,Improvisations No. 3,2021,Y,Y,N,Y,N,433,Serato,
2021-02-16,Revisionist History,Adrian Younge,The American Negro,2021,Y,N,Y,N,N,91,Serato,
2021-02-16,The American Negro,Adrian Younge,The American Negro,2021,Y,N,Y,N,N,277,Serato,
2021-02-16,The Black Broadcast,Adrian Younge,The American Negro,2021,Y,N,Y,N,N,47,Serato,
2021-02-16,Revolutionize,Adrian Younge,The American Negro,2021,Y,N,Y,N,N,203,Serato,
2021-02-16,Double Consciousness,Adrian Younge,The American Negro,2021,Y,N,Y,N,N,42,Serato,
2021-02-16,Watch the Children,Adrian Younge,The American Negro,2021,Y,N,Y,N,N,116,Serato,
2021-02-16,Dying on the Run,Adrian Younge,The American Negro,2021,Y,N,Y,N,N,152,Serato,
2021-02-16,Intransigence of the Blind,Adrian Younge,The American Negro,2021,Y,N,Y,N,N,58,Serato,
2021-02-16,James Mincey Jr,Adrian Younge,The American Negro,2021,Y,N,Y,N,N,162,Serato,
2021-02-16,My One And Only Love,Chick Corea,"Now He Sings, Now He Sobs",1968,Y,Y,N,N,N,214,Serato - Tidal,
2021-02-16,The Energy of Life,Matthew Halsall,Salute to the Sun,2020,Y,Y,N,N,N,439,Serato - Tidal,
2021-02-16,Wien,Muriel Grossmann,Quiet Earth,2020,Y,Y,N,N,N,665,Serato - Tidal,
2021-02-16,Hope,Menagerie,Many Worlds,2021,Y,Y,Y,N,N,483,Serato - Booth,
2021-02-23,Black Coffee,Ljones,Summer Bumps Vol 02,2021,N,Y,N,Y,N,147,Serato,
2021-02-23,Return On Energy,Laplace,Return On Energy,2020,Y,Y,Y,Y,Y,308,Serato,
2021-02-23,Hymn of the Turning Stone,Menagerie,Many Worlds,2021,Y,Y,Y,N,N,566,Serato,
2021-02-23,Mama (You Will Make It),Adrian Younge,The American Negro,2021,Y,N,Y,N,N,111,Serato,
2021-02-23,Equinox,Dezron Douglas & Brandee Younger,Force Majeure,2020,Y,Y,Y,N,N,314,Serato,
2021-02-23,Windfall,"Doug Carn, Adrian Younge and Ali Shaheed Muhammad",Doug Carn JID005,2020,Y,Y,Y,N,N,230,Serato,
2021-02-23,Hogtown,Archie Alleyne's Kollage,Demo,2013,Y,Y,N,Y,N,310,Serato,
2021-02-23,Duck Soup,Charlie Biddle,Burgundy Jazz,2013,Y,Y,N,Y,N,341,Serato - Tidal,
2021-02-23,Speak Low,Oliver Jones,"Speak Low, Swing Hard",1985,Y,Y,N,Y,N,446,Serato - Tidal,
2021-02-23,Star Eyes,"Dave Turner, Nelson Symonds",The Pulse Brothers,1997,Y,Y,N,Y,N,679,Serato - Tidal,
2021-02-23,Africville,Joe Sealy,Africville Suite,1996,Y,Y,N,Y,N,160,Serato - Tidal,
2021-02-23,Joe's Reflections,Joe Sealy,Africville Suite,1996,Y,Y,N,Y,N,82,Serato - Tidal,
2021-02-23,On Green Dolphin Street,Oscar Peterson,Very Tall,1962,Y,Y,N,Y,N,451,Serato - Tidal,
2021-02-23,Before Us In Demerara & Caura ft. Ms MAURICE,Nubya Garcia,Source,2020,Y,Y,N,N,N,481,Serato - Booth,
2021-03-02,Right To Be Wrong Prelude (Featuring Brainerd Blyden-Taylor),Jesse Ryan,Bridges,2021,Y,N,Y,Y,N,51,Serato,
2021-03-02,Right To Be Wrong (Featuring Mt. Cullane Tambrin Band),Jesse Ryan,Bridges,2021,Y,Y,Y,Y,N,332,Serato,
2021-03-02,Say That Again,Anzola,Caracas,2020,Y,Y,N,Y,N,342,Serato,
2021-03-02,Latin Note,St. Germain,Tourist,2000,Y,Y,N,N,N,356,Serato,
2021-03-02,Double Cross,Chip Wickham,Blue To Red,2020,Y,N,N,N,N,330,Serato,
2021-03-02,A Hard Rain's Gotta Fall,King Khan,The Infinite Ones,2020,Y,Y,N,Y,N,138,Serato - Tidal,
2021-03-02,Leafy Green,G Mills,Inner Ocean Sessions Ep. 2,2019,Y,Y,N,Y,Y,111,Serato,
2021-03-02,Freddie's Groove,Tribe,Hometown: Detroit Sessions 1990-2014,2019,Y,Y,N,N,N,633,Serato - Tidal,
2021-03-02,Holy Thursday,David Axelrod,Song Of Innocence,1968,Y,Y,N,N,N,331,Serato - Tidal,
2021-03-02,Tapscottian Waltz,Jamael Dean,Ished Tree,2020,Y,Y,N,N,N,299,Serato,
2021-03-02,Riesling Pour Robert,"Jahari Massamba Unit, Madlib, Karriem Riggins",Pardon My French,2020,Y,Y,N,N,N,279,Serato - Tidal,
2021-03-02,Odysea,Robohands,Shapes,2021,Y,Y,N,N,N,263,Serato - Tidal,
2021-03-02,Eglise,Roland Haynes,2nd Wave,1975,Y,Y,N,N,N,189,Serato - Tidal,
2021-03-02,New York State Of Mind Rain ,Joe Chambers,Samba de Maracatu,2021,Y,N,Y,N,N,226,Serato,
2021-03-02,Mountain Song,Menagerie,Many Worlds,2021,Y,Y,Y,N,N,673,Serato,
2021-03-09,ALL BEHIND,Dan Espina,CLOSE,2021,N,N,N,Y,N,102,Serato,
2021-03-09,WANT YOU AROUND,Dan Espina,CLOSE,2021,N,N,N,Y,N,126,Serato,
2021-03-09,George Stinney Jr.,Adrian Younge,The American Negro,2021,Y,Y,Y,N,N,303,Serato,
2021-03-09,Undressed in Solitude,Badge Époque Ensemble,"Future, Past & Present",2021,Y,Y,Y,Y,N,278,Serato,
2021-03-09,This Woman's Work,Dezron Douglas & Brandee Younger,Force Majeure,2020,Y,Y,Y,N,N,259,Serato,
2021-03-09,Un peu plus longtemps (Feat. Caro Dupont),Nic Boulay,Voisinage,2020,Y,N,N,Y,N,248,Serato,
2021-03-09,How Much A Dollar Cost (Live),R+R=NOW,R+R=NOW LIVE,2021,Y,Y,N,N,N,248,Serato - Tidal,
2021-03-09,Peaceful River,Muriel Grossmann,Quiet Earth,2020,Y,Y,N,N,N,515,Serato - Tidal,
2021-03-09,"Stand With Each Other ft. Ms MAURICE, Cassie Kinoshi, Richie Seivwright",Nubya Garcia,Source,2020,Y,N,N,N,N,217,Serato,
2021-03-09,Queen to Nobody,Kate Bollinger,A word becomes a sound,2020,N,N,N,N,N,152,Serato,
2021-03-09,Please Don't Make Me Cry,Lianne La Havas,Lianne La Havas,2020,N,N,N,N,N,314,Serato,
2021-03-09,Hold On (feat. Lauren Faith),Kamaal Williams,Wu Hen,2020,Y,N,N,N,N,201,Serato,
2021-03-09,QADIR (BADBADNOTGOOD Remix),Nick Hakim,WILL THIS MAKE ME GOOD (The Remixes),2021,Y,Y,N,Y,N,262,Serato - Tidal,
2021-03-09,Always Something,Jazz Liberatorz,Fruit of the Past,2009,Y,Y,N,N,N,289,Serato - Tidal,
2021-03-09,Pygmy Jerboa (ft. Carsten Rubeling),G Mills,Inner Ocean Sessions Ep. 2,2019,Y,Y,N,Y,Y,198,Serato,
2021-03-09,live session 1,re.verse,live session 1,2020,Y,Y,N,Y,N,920,Booth,
2021-03-16,Circles ,Joe Chambers,Samba de Maracatu,2021,Y,Y,Y,N,N,265,Serato,
2021-03-16,Le preacher,Misc,Partager l'ambulance,2021,Y,Y,Y,Y,N,357,Serato,
2021-03-16,Mingling With Christ,Laplace,Return on Energy,2020,Y,Y,Y,Y,Y,173,Serato,
2021-03-16,Merde (Basse-cour),"Jahari Massamba Unit, Madlib, Karriem Riggins",Pardon My French,2020,Y,Y,N,N,N,311,Serato - Tidal,
2021-03-16,Midnight Hustle,Beatchild,Nostalgia Beats of 2008 – 2020,2021,N,Y,N,Y,N,250,Serato,
2021-03-16,allure,$irrebral,SOUL TAPE II,2020,N,Y,N,Y,N,123,Serato,
2021-03-16,Pinecones,Ljones,Summer Bumps Vol 01,2018,N,Y,N,Y,N,108,Serato,
2021-03-16,Airport Square,Moka Only,It Can Do (Instrumentals),2020,N,N,N,Y,N,26,Serato,
2021-03-16,jill/jack,"Moses Sumney, Jill Scott",grae,2020,N,N,N,N,N,93,Serato - Tidal,
2021-03-16,13th Century Metal,Brittany Howard,Jaime,2019,N,N,N,N,N,288,Serato,
2021-03-16,We Go On,"The Avalanches, Cola Boyy, Mick Jones",We Will Always Love You,2020,N,N,N,N,N,243,Serato - Tidal,
2021-03-16,Scenic Route To You,Oddisee,Rock Creek Park,2011,N,Y,N,N,N,299,Serato - Tidal,
2021-03-16,Funky Chicken,El Chicles,Discotheque Explosion,1971,N,Y,N,N,N,321,Serato - Tidal,
2021-03-16,Funky Mama Moose,Roland Haynes,2nd Wave,1975,Y,N,N,N,N,240,Serato - Tidal,
2021-03-16,Many Worlds,Menagerie,Many Worlds,2021,Y,Y,Y,N,N,662,Serato - Booth,
2021-03-23,Morning Light,"Nubiyan Twist, Ria Moran",Freedom Fables,2021,Y,N,N,N,N,328,Serato - Tidal,
2021-03-23,Superhero,Kiefer,Between Days,2021,Y,Y,N,N,N,166,Serato - Tidal,
2021-03-23,Something Forever,Beatchild,Nostalgia Beats of 2008 – 2020,2021,N,N,N,Y,N,186,Serato,
2021-03-23,The Man From Atom,Joey Pecoraro,Sea Monster,2020,N,Y,N,N,N,256,Serato,
2021-03-23,????????,Jaded Luxuries,Emerald Mall,2020,Y,Y,N,Y,Y,273,Serato,
2021-03-23,Indigo,Ljones,Garden Interlude,2016,N,Y,N,Y,N,174,Serato,
2021-03-23,Aloe,"Phlocalyst, LESKY, Sa?tyr",Bluewerks Vol. 1: Up Down Left Right,2021,Y,Y,Y,N,N,134,Serato,
2021-03-23,Corner Story,Del Tha Funkee Homosapien,Future Development,1998,N,N,N,N,N,242,Serato - Tidal,Loop end and mic
2021-03-23,76 Carlsbad Sunset,Kitjohari,Tango Mango,2021,N,N,Y,Y,N,174,Serato,
2021-03-23,Leave the Bells (Clean) ft. Halfcut & Ghettosocks,DJ Cosm,Natural Within,2021,N,N,Y,Y,Y,196,Serato,
2021-03-23,Island Delivery,Potatohead People,Mellow Fantasy,2020,N,Y,N,Y,N,107,Serato,
2021-03-23,For Corners,Digable Planets,Blowout Comb,1994,N,N,N,N,N,422,Serato - Tidal,
2021-03-23,Vale do Capa?o,Caravela,Orla,2021,Y,N,Y,N,N,361,Serato,
2021-03-23,Space Jungle Funk,Oneness of Juju,African Rhythms 1970-1982,2020,Y,Y,N,N,N,581,Serato - Tidal,
2021-03-23,Sabah el Nur ,Joe Chambers,Samba de Maracatu,2021,Y,Y,Y,N,N,364,Serato,
2021-03-23,Fall Afternoon,"Azymuth, Ali Shaheed Muhammad and Adrian Younge ",Azymuth JID004,2020,Y,Y,N,N,N,257,Serato - Booth,
2021-03-23,Horizon,Ryo Fukui,Mellow Dream,1977,Y,Y,N,N,N,570,Serato,
2021-03-30,Love Rite,Robert Cotter,Missing You,2021,N,N,Y,N,N,231,Serato,
2021-03-30,"ET Part II - Venus (feat. Terrell Morris, Kallitechnis, Tika The Creator)",Busty and the Bass,ET Suite,2021,Y,N,Y,Y,N,179,Serato,
2021-03-30,ET Part III - Jupiter (feat. Verdine White),Busty and the Bass,ET Suite,2021,Y,N,Y,Y,N,69,Serato,
2021-03-30,ET Part IV - Neptune (feat. Pierre Kwenders),Busty and the Bass,ET Suite,2021,Y,N,Y,Y,N,168,Serato,
2021-03-30,ET Part V - Mars,Busty and the Bass,ET Suite,2021,Y,N,Y,Y,N,114,Serato,
2021-03-30,The Anti-Fascist Battle Hymn,MAST,Battle Hymns of the Republic,2021,Y,Y,Y,N,N,295,Serato,
2021-03-30,Rejoice In Righteousness,The Bukkeyleo Quintet,Rejoice In Righteousness,1988,Y,Y,N,N,N,577,Serato - Tidal,
2021-03-30,Eubanks,Carsten Rubeling,Volk // People,2019,Y,Y,N,Y,Y,239,Serato - Tidal,
2021-03-30,Hillary $wank,Joey Bada$$,Summer Knights,2013,N,N,N,N,N,202,Serato,
2021-03-30,Proof,Asal Hazel,Proof,2020,N,N,N,N,N,123,Serato - Tidal,
2021-03-30,In the Spaces,Really From,Really From,2021,Y,N,N,N,N,305,Serato - Tidal,
2021-03-30,Playstation,Ebi Soda,Ugh,2020,Y,Y,N,N,N,200,Serato - Tidal,
2021-03-30,People in Trouble,Ezra Collective,Juan Pablo: The Philosopher,2018,Y,Y,N,N,N,349,Serato - Tidal,
2021-03-30,I'll Never Stop Loving You,Yazmin Lacey,Blue Note Re:Imagined,2020,Y,N,N,N,N,297,Serato,
2021-03-30,Si j'étais (feat. D-Track),Nic Boulay,Voisinage,2020,Y,N,N,Y,N,223,Serato,
2021-03-30,Years Gone By,Avantdale Bowling Club,Avantdale Bowling Club,2018,Y,N,N,N,N,438,Serato,
2021-03-30,Guinnevere,Christian Scott,Axiom,2020,Y,Y,N,N,N,653,Serato - Booth,
2021-04-06,Spiritual Ideation,"Gary Bartz, Ali Shaheed Muhammad & Adrian Younge",Gary Bartz JID 006,2021,Y,Y,Y,N,N,238,Serato,
2021-04-06,The Golden Door (feat. Andrée Belle),MAST,Battle Hymns of the Republic,2021,Y,N,Y,N,N,214,Serato,
2021-04-06,Nation of Immigrants,MAST,Battle Hymns of the Republic,2021,Y,N,Y,N,N,266,Serato,
2021-04-06,Rendezvous (Monk's Revelution Remix),DJ Mitsu The Beats,"Re New Awakening, Pt. 2",2008,N,N,N,N,N,477,Serato - Tidal,
2021-04-06,Don't Tell (Instrumental),Nick Wisdom,Intimate Strangers,2017,Y,Y,N,Y,N,189,Serato - Tidal,
2021-04-06,Soul Below,Ljones,Soul Below,2016,N,Y,N,Y,Y,194,Serato,
2021-04-06,Midnight Morning,Menahan Street Band,The Exciting Sounds Of Menahan Street Band,2021,N,Y,Y,N,N,177,Serato,
2021-04-06,Tittle Tattle,"Nubiyan Twist, Cherise",Freedom Fables,2021,Y,N,N,N,N,319,Serato - Tidal,
2021-04-06,Tangled,Ill Considered,Ill Considered,2017,Y,Y,N,N,N,363,Serato - Tidal,
2021-04-06,Goin' Home,Brian Buchanan,Solo Sessions,2020,Y,Y,Y,Y,Y,342,Serato,
2021-04-06,All I'm Missing Is You,Prequel,Love Or (I Heard You Like Heartbreak),2021,N,N,N,N,N,280,Serato - Tidal,
2021-04-06,Won't Get Better,"Scrimshire, Emma-Jean Thackray",Listeners,2019,Y,N,N,N,N,410,Serato - Tidal,
2021-04-06,Motion Sixness,re.verse,beat tape 1,2021,Y,Y,N,Y,N,115,Serato,
2021-04-06,Spades,Ljones,Summer Bumps Vol 01,2018,N,Y,N,Y,N,169,Serato,
2021-04-06,Sunroof (Instrumental),People Under The Stairs,The Om Years (Disc 2),2008,N,Y,N,N,N,328,Serato,
2021-04-06,UC Visions,"Underground Canopy, Bluestaeb, S. Fidelity ",Bluestaeb and S. Fidelity Present Underground Canopy,2020,Y,Y,N,N,N,620,Serato,
2021-04-13,Saturday,Robert Cotter,Missing You,2021,N,N,Y,N,N,260,Serato,
2021-04-13,Pete's Prelude Feat. Pete Tong,Pete Tong,Bluewerks Vol. 1: Up Down Left Right [Blue Note/Astralwerks],2021,N,N,Y,N,N,13,Serato,
2021-04-13,Up,Sebastian Kamae,Bluewerks Vol. 1: Up Down Left Right [Blue Note/Astralwerks],2021,N,Y,Y,N,N,120,Serato,
2021-04-13,Togetherness,Otis Ubaka,Togetherness,2020,N,Y,N,N,N,163,Serato - Tidal,
2021-04-13,flipping through channels,Grace Chiang,having a day,2020,N,N,N,Y,N,194,Serato,
2021-04-13,STROLLIN,Laizlo,laizlo;;edits,2020,N,Y,N,Y,N,84,Serato,
2021-04-13,Smoke Signals,re.verse,beat tape 1,2021,Y,Y,N,Y,N,125,Serato,
2021-04-13,Break Even (feat. Kendra Dias) (Clean Edit),Potatohead People,Mellow Fantasy,2020,N,N,N,Y,N,175,Serato,
2021-04-13,Pipe Dream,Elaquent,Bedtime Stories II,2021,N,Y,N,Y,N,73,Serato,"Loop beginning, fade in"
2021-04-13,The One,AlexintheMiddle,The One,2020,N,N,N,Y,N,126,Serato,
2021-04-13,Champs Elysées,Sam Gendel,Fresh Bread,2021,N,N,Y,N,N,111,Serato,
2021-04-13,An Angel I Know,The Vernon Spring,A Plane Over Woods,2021,Y,N,N,N,N,124,Serato,
2021-04-13,Aspects,STR4TA,Aspects,2021,Y,N,N,N,N,467,Serato,
2021-04-13,I Tried To Tell Him,Prequel,Love Or (I Heard You Like Heartbreak),2021,Y,Y,N,N,N,303,Serato - Tidal,
2021-04-13,By the Sea at the End of the World,Tommy Guerrero,Sunshine Radio,2021,Y,Y,Y,N,N,169,Serato,
2021-04-13,Jairzinho,Kitjohari,Tango Mango,2021,N,N,Y,Y,N,246,Serato,
2021-04-13,Perceptron,Robohands,Shapes,2021,Y,Y,N,N,N,267,Serato,
2021-04-13,Inestimable Le Clos,"Jahari Massamba Unit, Madlib, Karriem Riggins",Pardon My French,2020,Y,Y,N,N,N,274,Serato,
2021-04-13,Cranes ( in the sky ),Ashley Henry,Beautiful Vinyl Hunter,2020,Y,Y,N,N,N,350,Serato,
2021-04-13,SHADES OF FLU 2: In These Odd Times,Kassa Overall,SHADES OF FLU 2,2021,Y,N,N,N,N,873,Serato,"Start at 34:31, fade in"
2021-04-20,Black and Brown,"Gary Bartz, Ali Shaheed Muhammad & Adrian Younge",Gary Bartz JID 006,2021,Y,Y,Y,N,N,170,Serato,
2021-04-20,Fraicheur (Borey & Dave),Dr. MaD,People Tape Vol. 3,2020,N,Y,N,Y,N,165,Serato,
2021-04-20,Grand royal,Mr. Moods,Alive Again,2020,N,Y,N,Y,N,208,Serato,
2021-04-20,coogi weather,Oz.,[true colors],2016,N,Y,N,Y,N,90,Serato,
2021-04-20,Dyin',The Dirty Sample,NO!,2020,N,Y,N,Y,Y,107,Serato,
2021-04-20,ThrillMeBabe,$irrebral,SOUL TAPE,2020,N,Y,N,Y,N,115,Serato,
2021-04-20,karate,tkdwn.,instant transmission 01,2020,N,Y,N,Y,N,92,Serato,
2021-04-20,The Official,Elaquent,Komfort Food,2021,N,N,N,Y,N,160,Serato,
2021-04-20,Up From the Dust,Tommy Guerrero,Sunshine Radio,2021,N,Y,Y,N,N,230,Serato,
2021-04-20,Classic,AlexInTheMiddle,Short And Sweet,2021,Y,N,N,Y,N,142,Serato,
2021-04-20,Mnemophobia,Brainstory,Buck,2019,N,N,N,N,N,168,Serato,
2021-04-20,Another Time,DeKobe,Appreciation,2016,N,Y,N,Y,N,178,Serato - Tidal,
2021-04-20,9 to 5,Karate Boogaloo,KB's Mixtape No. 3,2021,N,Y,Y,N,N,158,Serato,
2021-04-20,Hommage A La Vielle Garde (Pour Lafarge Et Rinaldi),"Jahari Massamba Unit, Madlib, Karriem Riggins",Pardon My French,2020,Y,Y,N,N,N,288,Serato,
2021-04-20,Vitamin D,"Caroline Chung, Citizens Jazz",Sounds of Haejin,2021,Y,N,N,N,N,241,Serato - Tidal,
2021-04-20,Chilled Room,Zmeyev,Bluewerks Vol. 1: Up Down Left Right [Blue Note/Astralwerks],2021,Y,Y,Y,N,N,149,Serato,
2021-04-20,Buckle Up,"Nubiyan Twist, Soweto Kinch",Freedom Fables,2021,Y,N,N,N,N,302,Serato - Tidal,
2021-04-20,Sun For Someone (Live at Longreel),Oscar Jerome,Live At Longreel,2021,Y,N,N,N,N,340,Serato - Tidal,
2021-04-20,Few Layers for Smith,Misha Panfilov Sound Combo,Days As Echoes,2020,Y,Y,N,N,N,242,Serato - Tidal,
2021-04-20,Vision 9,STR4TA,Aspects,2021,Y,Y,N,N,N,439,Serato,
2021-04-20,Hole Up (Instrumental),Damu The Fudgemunk,Public Assembly,2014,N,Y,N,N,N,226,Serato - Tidal,
2021-04-20,Max Brown,Jeff Parker,Suite For Max Brown,2020,Y,Y,N,N,N,636,Serato - Booth,
2021-04-27,EDGE-ACATION,Janice Lowe & NAMAROON,Leaving CLE Songs of Nomadic Dispersal,2021,Y,N,Y,N,N,283,Serato,
2021-04-27,a.spliff.a.day.keeps.the.doctor.away,The Breathing Effect,Solarpunk Playlist,2021,N,N,Y,N,N,107,Serato,Fade out
2021-04-27,Hindsight,AlexInTheMiddle,Short And Sweet,2021,N,N,N,Y,N,143,Serato,
2021-04-27,Parallel,re.verse,beat tape 1,2021,N,Y,N,Y,N,117,Serato,
2021-04-27,Infrastructure (CLEAN),St. Panther,These Days,2020,N,N,N,N,N,168,Serato,
2021-04-27,Byram's Groove (Cut a Rug),Beatchild,Nostalgia Beats of 2008 – 2020,2021,N,N,N,Y,N,204,Serato,
2021-04-27,Kinshasa FC,STR4TA,Aspects,2021,N,N,Y,N,N,305,Serato,
2021-04-27,Duke Booty,Miles Davis,Doo-Bop,1992,Y,Y,N,N,N,296,Serato - Tidal,
2021-04-27,Sticky July,Butcher Brown,All Purpose Music,2014,Y,N,N,N,N,385,Serato - Tidal,
2021-04-27,IV,BADBADNOTGOOD,IV,2016,Y,Y,N,Y,N,419,Serato,
2021-04-27,The Road Under My Shoes,Tommy Guerrero,Sunshine Radio,2021,Y,Y,Y,N,N,338,Serato,
2021-04-27,Teki,Alfa Mist,Bring Backs,2021,Y,Y,N,N,N,360,Serato - Tidal,
2021-04-27,Real Suffy,Metawon,The 12 Trials of Kinso,2020,Y,Y,N,Y,Y,49,Serato,Fade in
2021-04-27,Seasons,Brainstory,Ripe EP,2021,N,N,N,N,N,212,Serato - Tidal,
2021-04-27,Apartment Song,Really From,Really From,2021,Y,N,N,N,N,267,Serato - Tidal,
2021-04-27,Truly Get Yours (Instrumental),Damu The Fudgemunk,Public Assembly,2014,N,Y,N,N,N,302,Serato - Tidal,
2021-04-27,Hosoi,HNNY,Hosoi,2019,N,Y,N,N,N,185,Serato,
2021-04-27,Joyful Spirits of the Universe,Matthew Halsall,Salute to the Sun,2020,Y,Y,N,N,N,640,Booth,
2021-05-04,DUMILE Out,Jairus Sharif,Mega Optics,2021,Y,N,Y,Y,Y,103,Serato,
2021-05-04,OPEN THE HYMNING ROOM,Janice Lowe & NAMAROON,Leaving CLE Songs of Nomadic Dispersal,2021,Y,N,Y,N,N,302,Serato,
2021-05-04,Foreigner,AlexinTheMiddle,Short And Sweet,2021,N,N,N,Y,N,173,Serato,
2021-05-04,resonate,re.verse,beat tape 1,2021,Y,Y,N,Y,N,138,Serato,
2021-05-04,theme 001,Jaimie Branch,FLY or DIE LIVE,2021,Y,Y,N,N,N,281,Serato - Tidal,Fade out
2021-05-04,Zaharilia,El Michels Affair,Yeti Season,2021,N,N,Y,N,N,221,Serato,
2021-05-04,Truck Fump,Butcher Brown,Truck Fump,2021,Y,Y,N,N,N,305,Serato - Tidal,
2021-05-04,UP TO YOU,Dan Espina,CLOSE,2021,N,Y,N,Y,N,140,Serato,
2021-05-04,Sing a Silent Gospel,Badge Époque Ensemble,"Future, Past & Present",2021,Y,Y,N,Y,N,379,Serato,
2021-05-04,Blind Man Can See It,Karate Boogaloo,KB's Mixtape No. 3,2021,N,Y,Y,N,N,120,Serato,
2021-05-04,Crust,Flying Lotus,Yasuke,2021,Y,Y,N,N,N,134,Serato - Tidal,Fade out
2021-05-04,The Cool Out (feat. Kid Abstrakt),"Awon, Phoniks",Nothing Less,2021,N,N,N,N,N,199,Serato - Tidal,
2021-05-04,Day By Day,"Gary Bartz, Ali Shaheed Muhammad & Adrian Younge",Gary Bartz JID 006,2021,Y,Y,Y,N,N,296,Serato,
2021-05-04,Soul Makosa,Kaidi & NK-OK,The Sounds of Afrotronica,2021,Y,N,N,N,N,228,Serato - Tidal,
2021-05-04,Connected,"Zo!, Tall Black Guy, Josh Milan",Abstractions,2021,Y,N,N,N,N,410,Serato - Tidal,
2021-05-04,Something About Us,Shelley FKA DRAM,Shelley FKA DRAM,2021,N,N,N,N,N,265,Serato,Fade out before spoken word
2021-05-04,Wind Parade,Jordan Rakei,Blue Note Re:Imagined,2020,Y,N,N,N,N,289,Serato,
2021-05-04,Thank you,"Nujabes, Apani B",Modal Soul,2005,N,N,N,N,N,249,Serato - Tidal,
2021-05-04,Let the Funk Ride,Aim,Means of Production,2003,N,N,N,N,N,311,Serato - Tidal,
2021-05-04,"Le Bien, Le Mal","Guru, MC Solaar",Jazzmatazz Volume 1,1993,N,N,N,N,N,202,Serato - Tidal,
2021-05-04,the absence,_BY.ALEXANDER,000 CHANNEL BLACK,2020,Y,Y,N,N,N,156,Serato - Tidal,
2021-05-11,Friends,Kiefer,Friends,2021,Y,Y,N,N,N,280,Serato - Tidal,
2021-05-11,ChronicSoul,$irrebral,SOUL TAPE,2020,N,Y,N,Y,N,149,Serato,
2021-05-11,winter walk,bob le head,florence st,2019,N,Y,N,Y,N,47,Serato,
2021-05-11,PASS BY,Dan Espina,CLOSE,2021,N,Y,N,Y,N,151,Serato,
2021-05-11,STAY FRONTIN',PRO-V,PRO-V - FAMILIAR THINGS,2018,N,Y,N,Y,N,80,Serato,
2021-05-11,Runningaround,Howiewonder,Incubus,2014,N,Y,N,Y,N,183,Serato - Tidal,
2021-05-11,Talk Talk Talk,KALLITECHNIS,Talk Talk Talk,2017,N,N,N,Y,N,303,Serato - Tidal,
2021-05-11,Four,LillyPad,6x10 Sessions,2019,N,Y,N,Y,N,68,Serato - Tidal,
2021-05-11,jazz break,tkdwn.,back in the game!!!,2019,N,Y,N,Y,N,114,Serato - Tidal,
2021-05-11,Running Shoes,Ivan Ave,Every Eye,2017,N,N,N,N,N,195,Serato - Tidal,
2021-05-11,The Accession,Darkhouse Family,The Offering,2017,Y,Y,N,N,N,238,Serato - Tidal,
2021-05-11,Oriental Folk Song,Sam Gendel,Fresh Bread,2021,Y,Y,Y,N,N,301,Serato,
2021-05-11,Mother's Love,The Vernon Spring,A Plane Over Woods,2021,Y,Y,N,N,N,221,Serato,
2021-05-11,Lullaby,The Breathing Effect,Solarpunk Playlist,2021,N,Y,Y,N,N,186,Serato,
2021-05-11,Waves,Hallucination Orbit,Bluewerks Vol. 2: In Full Bloom,2021,N,Y,N,N,N,131,Serato - Tidal,
2021-05-11,Mother's Love,Greg Foat,Symphonie Pacifique,2020,Y,Y,N,N,N,334,Serato - Tidal,
2021-05-11,Grey Skies,Kate Bollinger,A word becomes a sound,2020,N,N,N,N,N,164,Serato,
2021-05-11,Down Thru Light,Tommy Guerrero,Sunshine Radio,2021,Y,Y,Y,N,N,178,Serato,
2021-05-11,Pressure - Instrumental,Ashley Henry,Beautiful Vinyl Hunter,2020,Y,Y,N,N,N,280,Serato,
2021-05-11,God Bless The Soulfire People,Robert Cotter,Missing You,2021,N,N,Y,N,N,187,Serato,
2021-05-11,Break in the Action,"CZARFACE, MF DOOM",Super What?,2021,N,N,N,N,N,149,Serato - Tidal,
2021-05-11,DAY 16 (?),N??T,31 DAYS FOR DOOM,2021,Y,Y,N,Y,Y,99,Serato,
2021-05-11,Pray,Joe Armon-Jones,Pray,2021,Y,N,N,N,N,459,Serato - Tidal,
2021-05-11,The Body Is Electric,Damon Locks - Black Monument Ensemble,NOW,2021,Y,Y,N,N,N,625,Serato,
2021-05-18,intro,nikitta,stuff - EP,2021,N,Y,N,Y,N,40,Serato,Bring up to 90 BPM
2021-05-18,We’re From Nowhere,Robohands,Shapes,2021,Y,Y,N,N,N,209,Serato,
2021-05-18,Smooth Sailing,Pete Rock,Petestrumentals,2001,N,Y,N,N,N,311,Serato,
2021-05-18,Out of it,Mr. Moods,Unreleased,2020,N,Y,N,Y,N,215,Serato,
2021-05-18,Suspicion,Michel Legrand,La Piscine OST,1969,Y,Y,Y,N,N,145,Serato,
2021-05-18,Summer Boy,Ljones,Summer Bumps Vol 01,2018,N,Y,N,Y,N,136,Serato,Fade out
2021-05-18,You Hid,Toro Y Moi,Causers Of This,2010,N,N,N,N,N,204,Serato,Loop and fade in
2021-05-18,remember the timez,Tshizimba,pharoah,2020,N,Y,N,Y,N,129,Serato,Fade in
2021-05-18,Chu’ Ouuuuut (Walla Peño),Dr. MaD,People Tape Vol. 3,2020,N,Y,N,Y,N,123,Serato,Loop and fade out
2021-05-18,"l e t . g o . m y . h a n d (feat. Bas, 6LACK)",J. Cole,The Off-Season,2021,N,N,N,N,N,266,Serato - Tidal,Loop and fade in
2021-05-18,Say Something,Emma-Jean Thackray,Yellow,2021,Y,N,N,N,N,229,Serato - Tidal,
2021-05-18,"Out of the Blue (feat. Richie Seivwright, David Mrakpor)",Kaidi & NK-OK,The Sounds of Afrotronica,2021,Y,N,N,N,N,335,Serato - Tidal,
2021-05-18,Love Is feat. Cazeaux O.S.L.O,Prequel,Love Or (I Heard You Like Heartbreak),2021,N,N,N,N,N,333,Serato,
2021-05-18,Lost And Faded,Monodrone,Forbidden Fruit,2021,N,Y,Y,Y,Y,248,Serato,
2021-05-18,Sha Na Na,El Michels Affair,Yeti Season,2021,N,N,Y,N,N,211,Serato,
2021-05-18,713,James Francies,Purest Form,2021,Y,Y,N,N,N,322,Serato - Tidal,
2021-05-18,Organic Rust,Alfa Mist,Bring Backs,2021,Y,N,N,N,N,276,Serato,
2021-05-18,Now (Forever Momentary Space),Damon Locks - Black Monument Ensemble,NOW,2021,Y,N,N,N,N,425,Serato,
2021-05-18,Etude Montrachet,Jahari Massamba Unit,Pardon My French,2020,Y,Y,N,N,N,275,Serato - Tidal,
2021-05-18,BONE HUGS BEST LOCATION BLUES,Janice Lowe & NAMAROON,Leaving CLE Songs of Nomadic Dispersal,2021,Y,N,Y,N,N,557,Serato - Booth,
2021-05-25,elli's reharm (outro),nikitta,stuff - EP,2021,Y,Y,N,Y,N,61,Serato,
2021-05-25,"Hold My Hand feat. Darien Brockington, Muhsinah & Phonte",Zo! & Tall Black Guy,Abstractions,2021,N,N,N,N,N,179,Serato,Loop intro and mic
2021-05-25,can't hang on,WTCHDCTR,NTTLD,2016,N,Y,N,Y,Y,165,Serato,Fade in
2021-05-25,Reflections (Remix) (Instrumental),DK,Soul Expressions: Instrumentals,2020,N,N,N,Y,N,194,Serato,
2021-05-25,Everything,Mr. Moods,Alive Again,2020,N,Y,N,Y,N,206,Serato,
2021-05-25,So,HNNY,So Sunshine,2020,N,Y,N,N,N,136,Serato,
2021-05-25,staying in on Sunday (it is well),Grace Chiang,having a day,2020,Y,Y,N,Y,N,203,Serato,
2021-05-25,Son of A (feat. JuJu Rogers),Harleighblu & Bluestaeb,She,2019,Y,N,N,N,N,253,Serato - Tidal,
2021-05-25,Pineapple Jam,Saib,Bluewerks Vol. 1: Up Down Left Right [Blue Note/Astralwerks],2021,Y,Y,Y,N,N,186,Serato,
2021-05-25,Ask Yourself Why,Michel Legrand,La Piscine OST,1969,Y,N,Y,N,N,189,Serato,
2021-05-25,Can't Let You Go (feat. Nick Grant),Terrace Martin,Can't Let You Go (feat. Nick Grant),2021,Y,N,N,N,N,193,Serato - Tidal,
2021-05-25,For My Love,Butcher Brown,For My Love,2021,Y,Y,N,N,N,285,Serato - Tidal,
2021-05-25,Blossom,"Rezar, Dario Lessing",Blossom,2021,Y,N,N,N,N,174,Serato - Tidal,
2021-05-25,MONTARA,Naman Cale,SILHOUETTE,2020,Y,Y,N,Y,N,491,Serato,
2021-05-25,World Love (feat. Lionmilk),The Breathing Effect,Solarpunk Playlist,2021,N,N,Y,N,N,187,Serato,
2021-05-25,Mourning Dove,Sam Gendel,Fresh Bread,2021,Y,Y,Y,N,N,316,Serato,
2021-05-25,I'll Never Stop Loving You,Prequel,Love Or (I Heard You Like Heartbreak),2021,N,N,N,N,N,233,Serato,Fade in
2021-05-25,Rain,Kaidi Tatham,An Insight To All Minds,2021,Y,Y,N,N,N,384,Serato - Tidal,
2021-05-25,Yellow Ochre Pt. 1 (Footshooter Remix),Vels Trio,Yellow Ochre,2020,N,Y,N,N,N,339,Serato - Tidal,Loop end and mic
2021-05-25,Beyond The Dream,Kenny Cox,DJ Amir Presents 'Strata Records-The Sound of Detroit' Volume 1,2021,Y,N,N,N,N,802,Serato,
2021-06-01,88 Keys (Instrumental),Ol' Burger Beats,Monologue.,2021,N,Y,N,N,N,200,Serato - Tidal,Loop end and mic
2021-06-01,Stuck In Edmonton,G Mills,Inner Ocean Sessions Ep. 2,2019,N,Y,N,Y,Y,96,Serato,Loop and fade in
2021-06-01,Escapism,Elaquent,Bedtime Stories II,2021,N,Y,N,Y,N,170,Serato,Fade in
2021-06-01,Bobby's Cut,BRSBK,ALL OVER YOURSELF,2016,N,Y,N,Y,N,212,Serato,
2021-06-01,Usagi ?,Nekogakure,The Impermanence of All Things,2020,N,Y,N,Y,N,291,Serato,
2021-06-01,Beast,The Kount,Old,2015,N,Y,N,Y,N,95,Serato,
2021-06-01,Notre-Dame Est,Anomalie,Métropole Part II,2018,Y,Y,N,Y,N,147,Serato - Tidal,
2021-06-01,I'll Do Anything,Dominant,Spring Dreaming,2018,N,Y,N,Y,N,207,Serato - Tidal,
2021-06-01,Til' Next Time,Otis Ubaka,Sunshine Hours,2020,Y,Y,N,N,N,145,Serato - Tidal,
2021-06-01,"Bloom (feat. Namali Kwaten, Amina Jabbar)",Kaidi & NK-OK,The Sounds of Afrotronica,2021,Y,N,N,N,N,244,Serato - Tidal,
2021-06-01,WALPATACA - CALIENTE,Electric Jazz Room E.P.,The Electric Jazz Room E.P.,2021,Y,Y,N,N,N,328,Serato,Loop beginning and mic
2021-06-01,Tune For L.N. – Larry Nozero,Various Artists,DJ Amir Presents ‘Strata Records The Sound of Detroit’ Volume 1,2021,Y,Y,N,N,N,348,Serato,
2021-06-01,"Ease My Mind (feat. Tre Hardson, Fat Lip, Omni)",Jazz Liberatorz,Clin d'oeil,2008,Y,N,N,N,N,328,Serato - Tidal,
2021-06-01,Mystery,Miles Davis,Doo-Bop,1992,Y,Y,N,N,N,236,Serato - Tidal,
2021-06-01,Book Of Slim,"Gene Harris, The Three Sounds",Elegant Soul,1968,Y,Y,N,N,N,203,Serato - Tidal,
2021-06-01,Howlin' For Judy,Jeremy Steig,Legwork,1970,Y,Y,N,N,N,278,Serato - Tidal,
2021-06-01,Mystic Brew,Ronnie Foster,Two Headed Freap,1973,Y,Y,N,N,N,251,Serato - Tidal,
2021-06-01,Wave,Ahmad Jamal Trio,The Awakening,1970,Y,Y,N,N,N,265,Serato - Tidal,
2021-06-01,Tidal Wave,Ronnie Laws,Pressure Sensitive,1975,Y,Y,N,N,N,252,Serato - Tidal,
2021-06-01,Rhythm In Your Mind,STR4TA,Aspects,2021,Y,N,Y,N,N,225,Serato - Booth,
2021-06-01,After The Rain,STR4TA,Aspects,2021,Y,N,Y,N,N,422,Serato - Booth,
2021-06-08,Celebrate You,"Sarah, the Illstrumentalist",Celebrate You,2021,N,Y,N,N,N,142,Serato - Tidal,
2021-06-08,Sweetaly,"Koralle, Kuranes, Moose Dawa",Beat Kiosk,2021,N,Y,N,N,N,156,Serato - Tidal,
2021-06-08,HurryUpSoul,$irrebral,SOUL TAPE,2020,N,Y,N,Y,N,139,Serato,
2021-06-08,Runaway,BRAINiac,Amidst Everything,2020,N,N,N,Y,N,210,Serato,
2021-06-08,Sassafras,G Mills,Bluewerks Vol. 1: Up Down Left Right [Blue Note/Astralwerks],2021,N,Y,Y,N,N,157,Serato,
2021-06-08,Golden Boy,Ljones,Garden Interlude,2016,N,Y,N,Y,N,146,Serato,
2021-06-08,VISION,parallel,Lineage,2020,N,N,N,Y,Y,64,Serato,
2021-06-08,Street Knowledge,BADBADNOTGOOD,Sour Soul Instrumentals,2015,Y,Y,N,Y,N,205,Serato,
2021-06-08,Danger,DeKobe,Interlude,2018,N,Y,N,Y,N,174,Serato - Tidal,Loop and fade in
2021-06-08,More Jazz,DeKobe,Left Behind,2017,N,Y,N,Y,N,205,Serato - Tidal,
2021-06-08,Morning Sun (Instrumental),Potatohead People,"Nick & Astro's Instrumentals, Remixes & B-Sides",2019,N,Y,N,Y,N,228,Serato - Tidal,Loop end and mic
2021-06-08,Spectre,Emma-Jean Thackray,Yellow,2021,Y,N,N,N,N,267,Serato - Tidal,
2021-06-08,Long Day,Brainstory,Ripe EP,2021,N,N,N,N,N,139,Serato - Tidal,
2021-06-08,Mirage,Glass Beams,Mirage,2021,Y,Y,N,N,N,290,Serato - Tidal,
2021-06-08,Make Noise,Greentea Peng,MAN MADE,2021,N,N,N,N,N,212,Serato - Tidal,
2021-06-08,Divine Hand II,Mndsgn,Rare Pleasure,2021,Y,Y,N,N,N,233,Serato - Tidal,
2021-06-08,Neveen,"Salah Ragab, The Cairo Jazz Band",Egyptian Jazz,2017,Y,Y,N,N,N,474,Serato - Tidal,
2021-06-08,Mestirawi Debdabe,"Hailu Mergia, The Walias",Tezeta,1975,Y,Y,N,N,N,276,Serato - Tidal,
2021-06-08,Fanfare,Marinero,Hella Love,2021,N,N,Y,N,N,46,Serato,
2021-06-08,Through the Fog,Marinero,Hella Love,2021,N,N,Y,N,N,200,Serato,
2021-06-08,Une Enquête,Michel Legrand,La Piscine OST,1969,Y,Y,Y,N,N,259,Serato,
2021-06-08,Scorpio’s Child,Bert Myrick,DJ Amir Presents ‘Strata Records The Sound of Detroit’ Volume 1,2021,Y,Y,N,N,N,835,Serato,
2021-06-15,Luved 1's,Dr. MaD,People Tape Vol. 3,2020,N,N,N,Y,N,87,Serato,
2021-06-15,Great Divide,"Kazumi Kaneda, Carsten Rubeling",Great Divide,2021,Y,Y,N,Y,Y,238,Serato - Tidal,
2021-06-15,Good Love,"Otis Kane, KALLITECHNIS",Good Love,2021,N,N,N,Y,N,189,Serato - Tidal,Loop beginning and mic
2021-06-15,condo,"bsd.u, J^p^n","late night bumps, Vol. 4",2017,N,Y,N,Y,N,97,Serato - Tidal,
2021-06-15,1992,Butcher Brown,#KingButch,2020,Y,Y,N,N,N,170,Serato,
2021-06-15,Bend The Rules (Mndsgn Remix),"Anomalie, Chromeo",Bend The Rules,2021,N,N,N,Y,N,210,Serato - Tidal,
2021-06-15,kind of blue,bsd.u,"late night bumps, Vol. 2",2017,N,Y,N,Y,N,174,Serato - Tidal,
2021-06-15,Morning Sun,"Potatohead People, Nanna.b",Nick & Astro's Guide to the Galaxy,2018,N,N,N,Y,N,233,Serato - Tidal,
2021-06-15,hiding,$irrebral,SOUL TAPE II,2020,N,Y,N,Y,N,180,Serato,
2021-06-15,Enough For you (Instrumental),Ol' Burger Beats,Monologue.,2021,N,Y,N,N,N,171,Serato - Tidal,
2021-06-15,Practice (Instrumental),"Freddie Gibbs, Madlib",Bandana Beats,2020,N,N,N,N,N,167,Serato - Tidal,
2021-06-15,But That's Not Me (The Jazz Lounge Remix),Funky DL,The Jazz Lounge,2016,N,N,N,N,N,255,Serato - Tidal,
2021-06-15,Maritime,Marinero,Hella Love,2021,N,N,Y,N,N,267,Serato,
2021-06-15,Quiet Heat,Tommy Guerrero,Sunshine Radio,2021,Y,Y,Y,N,N,226,Serato,
2021-06-15,Brother's Gonna Work It Out,Karate Boogaloo,KB's Mixtape No. 3,2021,N,Y,Y,N,N,240,Serato,
2021-06-15,Unathi,El Michels Affair,Yeti Season,2021,N,Y,Y,N,N,213,Serato,
2021-06-15,TTWL,"Bluestaeb, Uno Hype, Jerome Thomas",GISEKE,2021,N,N,N,N,N,231,Serato - Tidal,
2021-06-15,Sunrise,Ashley Henry,Beautiful Vinyl Hunter,2020,Y,Y,N,N,N,307,Serato,
2021-06-15,Chains So Heavy (Clean),McKinley Dixon,For My Mama And Anyone Who Look Like Her,2021,N,N,Y,N,N,292,Serato,
2021-06-15,The Road to Love,Sweatson Klank,Jewels From The Sun EP,2021,Y,N,N,N,N,250,Serato,
2021-06-15,Could It Be,Kaidi Tatham,An Insight To All Minds,2021,Y,Y,N,N,N,224,Serato - Tidal,
2021-06-15,Organ,Marc Moulin,Top Secret,2002,Y,N,N,N,N,449,Serato - Tidal,
2021-06-15,Flow,"Nubiyan Twist, Cherise",Freedom Fables,2021,Y,N,N,N,N,263,Serato - Tidal,
2021-06-22,…On My Bloc,Milla Thyme,Everything Has Its Thyme,2021,N,N,Y,Y,N,86,Serato,
2021-06-22,Natura Morta,Sven Wunder,Natura Morta,2021,Y,Y,N,N,N,219,Serato,
2021-06-22,digital mosaic,Dec'or,Shade Tapes,2021,N,Y,N,Y,N,148,Serato,
2021-06-22,kenny's little creatures,nikitta,stuff - EP,2021,N,Y,N,Y,N,194,Serato,
2021-06-22,Vibrator,Mr. Moods,V I B R A T O R ep,2021,N,Y,N,Y,N,223,Serato,
2021-06-22,Things Change,Koralle & Kuranes,Beat Kiosk,2021,N,Y,N,N,N,136,Serato,
2021-06-22,Proof Is In The Pudding,Potatohead People,Mellow Fantasy,2020,N,Y,N,Y,N,95,Serato,"fade in, loop fade out"
2021-06-22,Toucan Wing,BoomBaptist,Komfort Food,2021,N,Y,N,N,N,221,Serato,
2021-06-22,Fridays,Foshe & Bentley,Parlour Cucina,2021,Y,Y,N,N,N,445,Serato,
2021-06-22,Vortex,Brainstory,Ripe EP,2021,Y,Y,N,N,N,138,Serato - Tidal,
2021-06-22,I Love NY,"El Michels Affair, Liam Bailey",I Love NY,2021,Y,N,N,N,N,176,Serato - Tidal,
2021-06-22,Meditation,Greentea Peng,MAN MADE,2021,N,N,N,N,N,427,Serato - Tidal,
2021-06-22,Medium Rare,Mndsgn.,Rare Pleasure,2021,Y,N,N,N,N,329,Serato,
2021-06-22,Vermelho Quente,"João Donato, Adrian Younge & Ali Shaheed Muhammad",João Donato JID007,2021,Y,Y,Y,N,N,140,Serato,
2021-06-22,Endegena,Hailu Mergia & The Walias Band,Tezeta,2021,Y,Y,Y,N,N,300,Serato,
2021-06-22,North,"Tom Scott, The California Dreamers",The Honeysuckle Breeze,1967,Y,N,N,N,N,267,Serato - Tidal,
2021-06-22,Snitches Brew (feat. Mansur Brown),Kamaal Williams,New Heights / Snitches Brew,2019,Y,Y,N,N,N,393,Serato,
2021-06-22,Two Hearts In 3/4 Time,The Avalanches,Since I Left You (20th Anniversary Deluxe),2021,N,N,Y,N,N,204,Serato,
2021-06-22,Inspiration (Instrumental),Dragon Fli Empire,To Be Continued / Inspiration,2021,N,Y,N,Y,Y,180,Serato,
2021-06-22,Cheese,Foshe & Bentley,Parlour Cucina,2021,Y,Y,N,N,N,606,Serato,
2021-06-29,All The Way,Potatohead People,Mellow Fantasy,2020,N,N,N,Y,N,199,Serato,
2021-06-29,a cookie,matt piano,what's the vibe?,2020,N,Y,N,Y,N,189,Serato,loop beginning and mic
2021-06-29,Jazz Tapes (Think Twice),Dr. MaD,People Tape Vol. 3,2020,N,Y,N,Y,N,149,Serato,"loop and fade in, loop and fade out"
2021-06-29,JANET JACKED ME,PRO-V,PRO-V - FAMILIAR THINGS,2018,N,Y,N,Y,N,147,Serato,loop and fade out
2021-06-29,Boy Bawang,Ljones,Summer Bumps Vol 02,2021,N,Y,N,Y,N,135,Serato,
2021-06-29,Keep It Real (Instrumental),DK,Soul Expressions: Instrumentals,2020,N,Y,N,Y,N,237,Serato,
2021-06-29,on purpose,Oz.,[true colors],2016,N,N,N,Y,N,141,Serato,
2021-06-29,Chronic Pain,Mr. Moods,V I B R A T O R ep,2021,N,Y,N,Y,N,206,Serato,
2021-06-29,Forfeit,Metawon,The 12 Trials of Kinso,2020,N,Y,N,Y,Y,76,Serato,
2021-06-29,tableau,parallel,Lineage,2020,N,Y,N,Y,Y,208,Serato,
2021-06-29,DAY 17 (CURLS),N??T,31 DAYS FOR DOOM,2021,N,Y,N,Y,Y,110,Serato,
2021-06-29,GREENLUV,DATSUNN,LUVSESSIONS,2021,N,Y,N,Y,N,89,Serato,
2021-06-29,California Coastin' 2.0,Beatchild,Nostalgia Beats of 2008 – 2020,2021,N,Y,N,Y,N,186,Serato,
2021-06-29,Ducky Bastard,re.verse,beat tape 1,2021,N,Y,N,Y,N,120,Serato,
2021-06-29,The Breaks,Milla Thyme,Everything Has Its Thyme,2021,N,N,Y,Y,N,306,Serato,
2021-06-29,No Small Talk,AlexintheMiddle,The One,2020,N,N,N,Y,N,117,Serato,
2021-06-29,Do It Again (Instrumental),Moka Only,It Can Do (Instrumentals),2020,N,Y,N,Y,N,156,Serato,loop and fade in
2021-06-29,Pho,Karavelo,The Cookbook Vol. 1,2019,N,Y,N,Y,N,97,Serato,
2021-06-29,July,Ljones,Soul Below,2012,N,Y,N,Y,N,241,Serato,"fade in, loop and fade out"
2021-06-29,November Mood,Ljones,Garden Interlude,2016,N,Y,N,Y,N,72,Serato,
2021-06-29,crystl catchr,Dec'or,Shade Tapes,2021,N,Y,N,Y,N,117,Serato,
2021-06-29,m's,bsd.u,can't remember,2020,N,N,N,Y,N,107,Serato,loop end and fade out
2021-06-29,ERPHKWAKE,Laizlo,laizlo;;edits,2020,N,N,N,Y,N,107,Serato,
2021-06-29,Elton John Type Beat,G Mills,Inner Ocean Sessions Ep. 2,2019,N,Y,N,N,N,90,Serato,
2021-06-29,where the other one at,matt piano,what's the vibe?,2020,N,Y,N,Y,N,86,Serato,
2021-06-29,po33 3,bsd.u,po33,2019,N,Y,N,Y,N,61,Serato,loop and fade out
2021-06-29,Mononc' (JMF),Dr. MaD,People Tape Vol. 3,2020,N,Y,N,Y,N,169,Serato,
2021-06-29,How Ya Doin'? (Instrumental),Dragon Fli Empire,Banff Avenue,2020,N,Y,N,Y,Y,201,Serato,loop end and mic
2021-06-29,s'oublier,kawfee,(s') oublier,2020,N,Y,N,Y,N,72,Serato,
2021-06-29,Phat Loot,Kawfee,Fate Will Lead The Way,2017,N,Y,N,Y,N,104,Serato,"loop and fade in, loop and fade out"
2021-06-29,f-zero,nikitta,stuff - EP,2021,N,Y,N,Y,N,156,Serato,loop and fade in
2021-06-29,Si j'étais (feat. D-Track),Nic Boulay,Voisinage,2020,Y,N,N,Y,N,222,Serato,
2021-06-29,BLUE NILE,Naman Cale,SILHOUETTE,2020,Y,Y,N,Y,N,514,Serato,
2021-06-29,E Preciso Perdoar,Ensemble Novo,This Is Ensemble Novo! and Carinhoso,2021,Y,Y,Y,N,N,469,Serato - Booth,
2021-07-06,Ginseng (feat. Bamao Yende?),Moonshine,SMS For Location Vol. 4,2021,N,Y,Y,Y,N,181,Serato,
2021-07-06,FluteSoul,$irrebral,SOUL TAPE,2020,N,Y,N,Y,N,177,Serato,
2021-07-06,BubbleHash (Instru),Atamone,SourDream,2020,N,Y,N,Y,N,118,Serato,Fade in
2021-07-06,SourDream (Instru),Atamone,SourDream,2020,N,Y,N,Y,N,114,Serato,
2021-07-06,Woah,"Matthew Tavares, Leland Whitty",Visions,2020,Y,Y,N,Y,N,390,Serato,
2021-07-06,W.O.M.E.N,Milla Thyme,Everything Has Its Thyme,2021,N,N,Y,Y,N,266,Serato,
2021-07-06,Eddie (Instrumental),Busty and the Bass,Eddie (Instrumentals),2020,N,Y,N,Y,N,259,Serato - Tidal,
2021-07-06,Endurance,Beatchild,Soul Movement Vol. 2,2014,N,Y,N,Y,N,285,Serato - Tidal,loop end and mic
2021-07-06,Rose Water,Hiatus Kaiyote,Mood Valiant,2021,Y,N,N,N,N,239,Serato - Tidal,
2021-07-06,Pelota (Cut a Rug Mix),"Khruangbin, Quantic",Pelota (Cut a Rug Mix),2021,N,N,N,N,N,301,Serato - Tidal,
2021-07-06,Breadsticks,Foshe & Bentley,Parlour Cucina,2021,Y,Y,N,N,N,292,Serato,loop and fade in
2021-07-06,Beyond the Rainbow Tunnel,Marinero,Hella Love,2021,Y,N,Y,N,N,155,Serato,
2021-07-06,"Cooked Ones, Pt. II",Athletic Progression,"cloud high in dreams, but heavy in the air",2021,Y,Y,N,N,N,394,Serato,
2021-07-06,A Dream With a Baseball Player,Faye Webster,I Know I'm Funny haha,2021,N,N,N,N,N,221,Serato - Tidal,
2021-07-06,Vertigo,"Hemai, Wallace",Strange Beauty,2021,N,N,N,N,N,269,Serato - Tidal,
2021-07-06,Shana’s Back!,Georgia Anne Muldrow,VWETO III,2021,N,N,N,N,N,247,Serato - Tidal,Loop beginning and mic
2021-07-06,Dingaling,Greentea Peng,MAN MADE,2021,N,N,Y,N,N,200,Serato,
2021-07-06,Etoh,The Avalanches,Since I Left You (20th Anniversary Deluxe),2021,N,Y,Y,N,N,303,Serato,
2021-07-06,Summer Crane,The Avalanches,Since I Left You (20th Anniversary Deluxe),2021,N,Y,Y,N,N,279,Serato,Loop end and mic
2021-07-06,Sun Kissed Child,Kamasi Washington,Liberated / Music For the Movement Vol. 3,2021,Y,Y,N,N,N,480,Serato,
2021-07-13,reality(isit?),Dec'or,Shade Tapes,2021,Y,Y,N,Y,N,160,Serato,
2021-07-13,everybody lives,parallel,Lineage,2020,Y,Y,N,Y,Y,108,Serato,Fade in
2021-07-13,Mi Barrio,Milla Thyme,Everything Has Its Thyme,2021,N,N,Y,Y,N,143,Serato,
2021-07-13,No More Milk,Monodrone,Smooth Cuts,2020,N,Y,N,Y,Y,297,Serato,
2021-07-13,JUNGELEN,Athletic Progression,"cloud high in dreams, but heavy in the air",2021,Y,Y,N,N,N,144,Serato,
2021-07-13,Earnest,Greentea Peng,MAN MADE,2021,N,N,Y,N,N,226,Serato,Speed up to 71.9 BPM
2021-07-13,Amaro,Koralle & Kuranes,Beat Kiosk,2021,N,Y,N,N,N,133,Serato,
2021-07-13,the path is new,pesewa,19999: a cephalopod fantasy,2020,Y,Y,N,Y,N,228,Serato,
2021-07-13,Remember The Way,Grace Weber,How Did We Get Here,2020,N,N,N,N,N,184,Serato - Tidal,
2021-07-13,Didn't Cha Know,Bluestaeb,Rodalquilar,2015,N,Y,N,N,N,158,Serato - Tidal,
2021-07-13,Daily Dose,Kawfee,Eden,2018,N,Y,N,Y,N,63,Serato - Tidal,Loop end and mic
2021-07-13,On va de?cider (feat. Le Motel and Pierre Kwenders),Moonshine,SMS For Location Vol. 4,2021,N,N,Y,Y,N,198,Serato,
2021-07-13,I Did It For You,Tom Misch & Yussef Dayes,What Kinda Music,2020,Y,N,N,N,N,241,Serato,loop end and fade out
2021-07-13,Tech Yes,Foshe & Bentley,Parlour Cucina,2021,N,Y,N,N,N,334,Serato,
2021-07-13,Violeiro,Prequel,Love Or (I Heard You Like Heartbreak),2021,N,N,N,N,N,311,Serato,
2021-07-13,Attune,Alfa Mist,Bring Backs,2021,Y,Y,N,N,N,424,Serato,
2021-07-13,Melting,James Francies,Purest Form ,2021,Y,N,Y,N,N,255,Serato,
2021-07-13,That's How I Feel,Sun Ra,Lanquidity,1978,Y,Y,Y,N,N,485,Serato,
2021-07-13,Ponterio,Ensemble Novo,This Is Ensemble Novo! and Carinhoso,2021,Y,Y,Y,N,N,325,Serato,
2021-07-13,Quiet Earth,Muriel Grossmann,Quiet Earth,2020,Y,Y,N,N,N,688,Serato,
2021-07-20,Everyday,Tarik Robinson,Everyday [SINGLE],2021,N,N,N,Y,Y,165,Serato,
2021-07-20,Sleight of Hand,Elaquent,Bedtime Stories,2020,N,Y,N,Y,N,185,Serato,
2021-07-20,White (feat. John Mayer),Frank Ocean,channel ORANGE,2012,Y,Y,N,N,N,76,Serato,
2021-07-20,mondaynight,howiewonder,float,2019,N,Y,N,Y,N,150,Serato,
2021-07-20,The Hum II,The Vernon Spring,A Plane Over Woods,2021,Y,Y,N,N,N,124,Serato,
2021-07-20,midair,$irrebral,SOUL TAPE II,2020,N,Y,N,Y,N,126,Serato,
2021-07-20,all love,Dec'or,Shade Tapes,2021,N,Y,N,Y,N,74,Serato,
2021-07-20,Man Made,Greentea Peng,MAN MADE,2021,N,N,Y,N,N,218,Serato,
2021-07-20,And We Go Gentle,Hiatus Kaiyote,Mood Valiant,2021,N,N,Y,N,N,203,Serato,
2021-07-20,Timeless (Instrumental),Ol' Burger Beats,Monologue.,2021,N,Y,N,N,N,226,Serato - Tidal,
2021-07-20,Ah Yeah,"Robert Glasper, Musiq Soulchild, Chrisette Michele",Black Radio,2012,Y,N,N,N,N,308,Serato - Tidal,Loop end and mic
2021-07-20,Eulogize the Source,The Poets Of Rhythm,Discern / Define,2021,Y,N,N,N,N,433,Serato - Tidal,Fade out
2021-07-20,En Camino,Echo Park Project Latin Jazz Octet,It's My Turn,2021,Y,Y,Y,N,N,314,Serato,
2021-07-20,Zanzibar,Ensemble Novo,This Is Ensemble Novo! and Carinhoso,2021,Y,Y,Y,N,N,367,Serato,Talk over intro
2021-07-20,Welcome Back from Varadero,Miguel de Armas,Continuous,2021,Y,Y,Y,Y,N,391,Serato,
2021-07-20,Quiere La Rumba,Okuté,Okuté,2021,Y,Y,Y,N,N,300,Serato,
2021-07-20,About the Things (Latin Remix / Instrumental),Funky DL,"Cool Classic Jazzstrumentals, Vol. 3",2011,N,Y,N,N,N,258,Serato - Tidal,
2021-07-20,Yards,7apes,Bluewerks Vol. 2: In Full Bloom,2021,N,Y,Y,N,N,167,Serato,Two loops and let play
2021-07-20,No BS,Jerome Thomas,That Secret Sauce,2021,N,N,N,N,N,329,Serato - Tidal,Loop and talk over
2021-07-20,Still Broke (Keyon's Cocktail Mix),Samm Henshaw,Still Broke (Keyon's Cocktail Mix),2021,Y,N,N,N,N,237,Serato - Tidal,Loop end and talk over
2021-07-20,Signal from the Noise,BADBADNOTGOOD,Talk Memory,2021,Y,Y,N,Y,N,542,Serato - Tidal,
2021-07-27,Quatorzo,Golden Melody Awards,Golden Melody Awards,2021,Y,Y,Y,Y,N,284,Serato,
2021-07-27,sewn walls,uncultured_air,sewn walls,2021,Y,Y,N,Y,N,51,Serato,
2021-07-27,Together In Love,Sweatson Klank,Jewels From The Sun EP,2021,N,Y,N,N,N,157,Serato,
2021-07-27,Dialogue,DeKobe,Left Behind,2017,N,Y,N,Y,N,200,Serato - Tidal,
2021-07-27,Focused,Dominant,Prismatic,2019,N,Y,N,Y,N,202,Serato - Tidal,
2021-07-27,Memento,Justice Der,Nostalgic for Things to Come,2018,Y,Y,N,Y,N,166,Serato - Tidal,
2021-07-27,Freedmen's Town,James Francies,Purest Form ,2021,Y,N,Y,N,N,331,Serato,
2021-07-27,The World Is Yours / Brooklyn Zoo,BADBADNOTGOOD,BBNG,2011,Y,Y,N,Y,N,382,Serato,
2021-07-27,You Mine,Anushka,Yemaya,2021,N,N,Y,N,N,180,Serato,Loop beginning and mic
2021-07-27,Last Card (Bumper Cars),Alfa Mist,Bring Backs,2021,Y,N,N,N,N,266,Serato,
2021-07-27,Sparkle Tape Breakup,Hiatus Kaiyote,Mood Valiant,2021,Y,N,Y,N,N,315,Serato,
2021-07-27,Wavelength,Née Pauline & Ol' Burger Beats,I Am Leaving,2021,N,N,N,N,N,205,Serato,Loop beginning and mic
2021-07-27,Hope You're Doin' Better,Mndsgn.,Rare Pleasure,2021,N,N,N,N,N,275,Serato,
2021-07-27,just a phase,WTCHDCTR,NTTLD,2016,Y,Y,N,Y,Y,115,Serato,
2021-07-27,Realisations,Ashley Henry,Beautiful Vinyl Hunter,2020,Y,Y,N,N,N,369,Serato,
2021-07-27,Reclamation,Brandee Younger,Somewhere Different,2021,Y,Y,N,N,N,402,Serato - Tidal,
2021-07-27,Sometimes,Faye Webster,I Know I'm Funny haha,2021,N,N,N,N,N,273,Serato - Tidal,
2021-07-27,Lucid Dream,Brainstory,Buck,2019,N,N,N,N,N,270,Serato,
2021-07-27,Go,Anushka,Yemaya,2021,N,N,Y,N,N,633,Serato - Booth,Loop between 23 and 27
2021-08-03,Speak To Me,Anushka,Yemaya,2021,N,N,Y,N,N,165,Serato,
2021-08-03,We Like It,STR4TA,Aspects,2021,N,N,Y,N,N,311,Serato,
2021-08-03,Underbar,parallel,Lineage,2020,N,Y,N,Y,Y,134,Serato,
2021-08-03,Opus,JSOUL,LEVELS,2020,N,N,N,N,N,181,Serato,
2021-08-03,Keep Up,"Slakah the Beatchild, Ayah",Soul Movement Vol. 2,2014,N,N,N,Y,N,562,Serato - Tidal,
2021-08-03,Home Is Where the Hatred Is,Curtis Nowosad,Curtis Nowosad,2019,Y,Y,N,Y,N,333,Serato - Tidal,
2021-08-03,Introduction to Charles,Schemes,Schemes,2019,Y,Y,N,Y,N,133,Serato - Tidal,
2021-08-03,L$D,Justice Der,Favorites 4,2020,Y,Y,N,Y,N,412,Serato - Tidal,Loop beginning and mic
2021-08-03,Sip Into Something Soft,Hiatus Kaiyote,Mood Valiant,2021,N,N,Y,N,N,102,Serato,
2021-08-03,Poor Man Skit,Greentea Peng,MAN MADE,2021,N,N,Y,N,N,158,Serato,
2021-08-03,Island Song,Kenny Cox,DJ Amir Presents ‘Strata Records The Sound of Detroit’ Volume 1,2021,Y,Y,N,N,N,552,Serato,
2021-08-03,Shhh / Peaceful (LP Mix),Miles Davis,In A Silent Way,1969,Y,Y,N,N,N,1094,Serato - Tidal,
2021-08-03,Horizon,Nujabes,Free Soul Nujabes First Collection,2014,Y,Y,N,N,N,437,Serato - Tidal,Loop end and mic
2021-08-03,I Remember,Atamone,Autumn in Montreal - pt2,2020,N,Y,N,Y,N,90,Serato,
2021-08-03,Strangers In MTL,Atamone,Autumn in Montreal - pt2,2020,N,Y,N,Y,N,90,Serato,
2021-08-03,QuickVibes,Atamone,Autumn in Montreal - pt2,2020,N,Y,N,Y,N,90,Serato,
2021-08-03,In a Little While,Atamone,Autumn in Montreal - pt2,2020,N,Y,N,Y,N,90,Serato,
2021-08-03,As Time Goes By,Atamone,Autumn in Montreal - pt2,2020,N,Y,N,Y,N,90,Serato,
2021-08-03,Where We Used to Be,Atamone,Autumn in Montreal - pt2,2020,N,Y,N,Y,N,90,Serato,
2021-08-03,Angel,Atamone,Autumn in Montreal - pt2,2020,N,Y,N,Y,N,90,Serato,
2021-08-10,Kitchen Yellow,David Lavoie & Carson Tworow,Urban Repurpose,2021,Y,Y,N,Y,Y,152,Serato,
2021-08-10,Goodnight Blue,"Joe Nora, Karavelo","Favorite Color, Rain",2019,Y,Y,N,Y,N,114,Serato - Tidal,
2021-08-10,This Sound,Greentea Peng,MAN MADE,2021,N,N,Y,N,N,141,Serato,
2021-08-10,Ladybug,Ljones,Summer Bumps Vol 01,2018,N,Y,N,Y,N,65,Serato,
2021-08-10,true colors,Oz.,[true colors],2016,N,Y,N,Y,N,165,Serato,
2021-08-10,Great Day - Instrumental,Madvillain,Madvillainy Instrumentals,2004,N,Y,N,N,N,139,Serato,Loop and fade out
2021-08-10,as strange,matt piano,what's the vibe?,2020,N,Y,N,Y,N,155,Serato,
2021-08-10,Villa,El Michels Affair,Adult Themes,2020,N,Y,N,N,N,165,Serato,
2021-08-10,Tinto Brass,Afternoons In Stereo,Leaves of Brass,2006,Y,Y,Y,Y,N,289,Serato,
2021-08-10,Search For Peace,Ishmael Ensemble,Blue Note Re:Imagined,2020,Y,Y,N,N,N,261,Serato,
2021-08-10,When The Night Stood Still,Beatchild,Nostalgia Beats of 2008 – 2020,2021,N,Y,N,Y,N,204,Serato,
2021-08-10,Bain de Minuit,"Brian Jackson, Adrian Younge & Ali Shaheed Muhammad",Brian Jackson JID008,2021,Y,Y,Y,N,N,347,Serato,
2021-08-10,Our People,Emma-Jean Thackray,Yellow,2021,Y,N,N,N,N,286,Serato - Tidal,
2021-08-10,Plus Plus,The Poets Of Rhythm,Discern / Define,2021,N,N,N,N,N,306,Serato - Tidal,
2021-08-10,Nights In Havana,"Blue Lab Beats, Alex Blake",We Will Rise,2021,Y,N,N,N,N,253,Serato - Tidal,
2021-08-10,Replay,"Visioneers, Voice",Marc Mac presents Visioneers - Dirty Old Hip Hop,2006,N,N,N,N,N,243,Serato - Tidal,Loop end and mic
2021-08-10,Everybody Loves the Sunshine,"Kiefer, Theo Croker",Between Days,2021,Y,Y,N,N,N,322,Serato - Tidal,
2021-08-10,Spirit & Bridge Song,Charnett Moffett,New Love,2021,Y,N,Y,N,N,292,Serato,
2021-08-10,Aya Belew Belew,Hailu Mergia & The Walias Band,Tezeta,2021,Y,Y,Y,N,N,264,Serato,Loop end and mic
2021-08-10,Mind The Gap (feat. Lex Amor),Alfa Mist,Bring Backs,2021,Y,N,N,N,N,208,Serato,
2021-08-10,That's How I Feel (Alternate version),Sun Ra,Lanquidity,1978,Y,Y,Y,N,N,730,Serato - Booth,
2021-08-17,I Can Only Whisper (feat. BADBADNOTGOOD),Charlotte Day Wilson,ALPHA,2021,N,N,Y,Y,N,164,Serato,
2021-08-17,Late,Gas Lab,FUTURES Vol. 7,2021,Y,Y,Y,Y,Y,124,Serato,Loop beginning and mic
2021-08-17,Infinity,Doctor Guava,FUTURES Vol. 7,2021,Y,Y,Y,Y,Y,91,Serato,
2021-08-17,Kali V2,Greentea Peng,MAN MADE,2021,N,N,Y,N,N,181,Serato,
2021-08-17,King Of The Hill,Thundercat,It Is What It Is,2020,N,N,N,N,N,171,Serato,
2021-08-17,Dance Of The Pseudo Nymph,Flying Lotus,Cosmogramma,2010,Y,Y,N,N,N,166,Serato,
2021-08-17,Ready For The Day (Feat. Vuyo),Née Pauline & Ol' Burger Beats,I Am Leaving,2021,Y,N,N,N,N,170,Serato,
2021-08-17,Soul Je T'Aime (long version),Sylvia,Sweet Stuff,1975,N,N,Y,N,N,320,Serato,
2021-08-17,Mars Walk,"Brian Jackson, Adrian Younge & Ali Shaheed Muhammad",Brian Jackson JID008,2021,Y,Y,Y,N,N,244,Serato,
2021-08-17,My Name,David Lavoie & Carson Tworow,Urban Repurpose,2021,Y,Y,N,Y,Y,143,Serato,Loop beginning and mic
2021-08-17,Percussions,Afternoons In Stereo,Leaves of Brass,2006,Y,Y,Y,Y,N,307,Serato,Loop end and mic
2021-08-17,Ecchi,Ebi Soda,Ugh,2020,Y,Y,N,N,N,274,Serato - Tidal,
2021-08-17,Sweet Shop,"Blue Lab Beats, Kaidi & NK-OK, NK-OK, Kaidi Akinnibi",The Sounds of Afrotronica,2021,Y,Y,N,N,N,230,Serato - Tidal,
2021-08-17,Venus,Emma-Jean Thackray,Yellow,2021,Y,Y,N,N,N,394,Serato - Tidal,
2021-08-17,Bandit's Pockets,"Hemai, FiFi Robo",Strange Beauty,2021,Y,N,N,N,N,310,Serato - Tidal,
2021-08-17,Carry It Mongo Man,Kaidi Tatham,An Insight To All Minds,2021,Y,Y,N,N,N,257,Serato - Tidal,
2021-08-17,Say No More,"Duke Hugh, Bryony Jarman-Pinto",`,2021,Y,N,N,N,N,194,Serato - Tidal,Loop end and mic
2021-08-17,GAEA (Alfie Swan Remix),Darkhouse Family,An Extra Offering,2018,N,N,N,N,N,436,Serato - Tidal,
2021-08-17,New Paradise,Harvey Sutherland,Bermuda,2017,N,Y,N,N,N,410,Serato - Tidal,Loop end and mic
2021-08-17,Wind Chaser,Dougie Stu,Familiar Future,2020,N,Y,N,N,N,479,Serato - Tidal,RECORD
2021-08-24,Siesta (feat. Hirokee Siesta),Oilix,Bluewerks Vol. 3: Heat Wave ,2021,Y,Y,Y,N,N,149,Serato,
2021-08-24,Bucharest,David Lavoie & Carson Tworow,Urban Repurpose,2021,N,Y,N,Y,Y,155,Serato,Loop beginning and mic
2021-08-24,Places To Be,PRGMAT,FUTURES Vol. 7,2021,N,Y,Y,Y,Y,176,Serato,
2021-08-24,In Da Crates (Pro-V),Dr. MaD,People Tape Vol. 3,2020,N,N,N,Y,N,162,Serato,
2021-08-24,Saarinen in Dub,Afternoons In Stereo,Leaves of Brass,2006,Y,Y,Y,Y,N,316,Serato,
2021-08-24,Mellow Guitar,Potelin,Mellow,2020,Y,Y,N,Y,N,269,Serato,
2021-08-24,The Loneliest Monk,The Kount,Old,2015,N,Y,N,Y,N,89,Serato,
2021-08-24,Discern/Define,The Poets Of Rhythm,Discern / Define,2021,N,N,N,N,N,247,Serato - Tidal,
2021-08-24,On the Corner (Instrumental),Funky DL,"Cool Classic Jazzstrumentals, Vol. 3",2011,N,Y,N,N,N,245,Serato - Tidal,Loop end and mic
2021-08-24,How It Made Me Feel / Unplug Me Medley (Live),Liv.e,CWTTY+,2021,N,N,N,N,N,268,Serato - Tidal,
2021-08-24,Martina,"Marcos Resende, Index",Marcos Resende & Index,2021,Y,Y,N,N,N,606,Serato - Tidal,
2021-08-24,La cumbia me está llamando (Kaidi Tatham Remix),"Nubya Garcia, La Perla",La cumbia me está llamando (Kaidi Tatham Remix),2021,Y,N,N,N,N,304,Serato - Tidal,
2021-08-24,Love No More,AlexintheMiddle,The One,2020,N,N,N,Y,N,168,Serato,
2021-08-24,Running Out the Clock,"Kiefer, The Kount",Between Days,2021,Y,Y,N,Y,N,232,Serato - Tidal,
2021-08-24,Duality,"Brian Jackson, Adrian Younge & Ali Shaheed Muhammad",Brian Jackson JID008,2021,Y,Y,Y,N,N,259,Serato,
2021-08-24,Sunbeams,Maple Syrup,Bluewerks Vol. 3: Heat Wave,2021,Y,Y,Y,N,N,158,Serato,
2021-08-24,HOT WIND BLOWS (feat. Lil Wayne),"Tyler, The Creator",CALL ME IF YOU GET LOST,2021,N,N,Y,N,N,155,Serato,
2021-08-24,Slow Hot Wind,Penny Goodwin,Portrait of a Gemini,1974,Y,N,N,N,N,291,Serato - Tidal,
2021-08-24,Farewell My Love,Ebony Expressions,Farewell My Love,1976,N,N,N,N,N,235,Serato - Tidal,
2021-08-24,Spirit U Will,Brandee Younger,Somewhere Different,2021,Y,Y,N,N,N,431,Serato - Tidal,RECORD
2021-08-31,Lovesick Utopia,Charlotte Day Wilson,Alpha,2021,N,N,Y,Y,N,175,Serato,
2021-08-31,Eaze,Do Work & Two FACTS,Bluewerks Vol. 3: Heat Wave,2021,Y,Y,Y,N,N,125,Serato,Loop intro and mic
2021-08-31,One Must Be Mine,kawfee,Sakiesa,2020,N,N,N,Y,N,70,Serato,
2021-08-31,Cobalto,Koralle & Kuranes,Beat Kiosk,2021,N,Y,N,N,N,148,Serato,
2021-08-31,Quarteto,Konteks,FUTURES Vol. 7,2021,Y,Y,Y,Y,Y,98,Serato,
2021-08-31,Doused,David Lavoie & Carson Tworow,Urban Repurpose,2021,Y,Y,N,Y,Y,87,Serato,
2021-08-31,Pardon Me,Evidence,Unlearning Vol. 1,2021,N,N,Y,N,N,197,Serato,Loop end and fade
2021-08-31,Lineage,parallel,Lineage,2020,Y,Y,N,Y,Y,192,Serato,
2021-08-31,get together,KALLITECHNIS,complementary,2018,N,N,N,Y,N,222,Serato - Tidal,
2021-08-31,No Coincidence,Opek,Corners,2021,Y,Y,N,N,N,259,Serato,
2021-08-31,PHANTOM PAIN,"Bluestaeb, Lance Jackson",GISEKE,2021,N,N,N,N,N,214,Serato - Tidal,Loop end and mic
2021-08-31,Nergal,"Marcos Resende, Index",Marcos Resende & Index,2021,Y,Y,N,N,N,554,Serato - Tidal,
2021-08-31,Golden Green,Emma-Jean Thackray,Yellow,2021,Y,N,N,N,N,244,Serato - Tidal,Loop intro and mic
2021-08-31,Baba Ibeji,"Brian Jackson, Adrian Younge & Ali Shaheed Muhammad",Brian Jackson JID008,2021,Y,Y,Y,N,N,255,Serato,
2021-08-31,Satori Ways (feat. Brandee Younger),"Web Web, Max Herre",WEB MAX,2021,Y,Y,N,N,N,337,Serato,Jazz flute baby!!!
2021-08-31,Bar Rumba,Mo' Horizons,Come Touch The Sun,1999,Y,Y,N,N,N,354,Serato - Tidal,
2021-08-31,Frank's Tune,Makaya McCraven,Deciphering The Message,2021,Y,N,N,N,N,217,Serato - Tidal,
2021-08-31,Happy Feet (for dancers) (feat. Malaya),Theo Croker,Happy Feet,2021,Y,N,N,N,N,234,Serato - Tidal,
2021-08-31,DSXSWC,Kaidi Tatham,An Insight To All Minds,2021,Y,Y,N,N,N,278,Serato - Tidal,
2021-08-31,Nowhere (I can go),"Clara Hill, AtJazz",All I Can Provide,2006,Y,Y,N,N,N,313,Serato - Tidal,
2021-08-31,Songs She Never Heard,Christian Scott,Axiom,2020,Y,Y,N,N,N,579,Serato - Booth,
2021-09-07,Flashing Lights,BADBADNOTGOOD,BBNG2,2012,Y,Y,N,Y,N,437,Serato,
2021-09-07,The Great Aerial Ocean,Afternoons In Stereo,Leaves of Brass,2006,Y,Y,Y,Y,N,386,Serato,
2021-09-07,Spatial (feat. Jerome Beaulieu),Nic Boulay,Voisinage,2020,Y,N,N,Y,N,180,Serato,
2021-09-07,Symbols of Transformation,Matthew Tavares & Leland Whitty,Visions,2020,Y,Y,N,Y,N,318,Serato,
2021-09-07,Just Space for Light,Badge Époque Ensemble,Self Help,2020,Y,N,N,Y,N,384,Serato,
2021-09-07,Night Function,David Lavoie & Carson Tworow,Urban Repurpose,2021,Y,Y,N,Y,Y,171,Serato,
2021-09-07,Take 5 (Kool Summer Mix),XL,Take 5,1993,N,N,N,N,N,393,Serato - Tidal,
2021-09-07,Get Freaky Now (Acid Jazz Mix),S-Tone Inc.,The Funk Connection (Dr. Bob Jones presents),1992,N,N,N,N,N,324,Serato - Tidal,
2021-09-07,So What!,Ronny Jordan,The Antidote,1992,N,Y,N,N,N,308,Serato - Tidal,
2021-09-07,Stillness in Time,Jamiroquai,The Return of the Space Cowboy,1994,Y,N,N,N,N,256,Serato - Tidal,
2021-09-07,"If I Like It, I Do It",Jamiroquai,Emergency on Planet Earth,1993,Y,N,N,N,N,292,Serato - Tidal,
2021-09-07,Space Cowboy (Remastered),Jamiroquai,The Return of the Space Cowboy,1995,Y,N,N,N,N,386,Serato - Tidal,
2021-09-07,Attune,Alfa Mist,Live at Metropolis,2021,Y,Y,N,N,N,449,Serato,
2021-09-07,First Light (Freddie Hubbard),Alfa Mist,Live at Metropolis,2021,Y,N,N,N,N,376,Serato,
2021-09-07,For Art's Sake,Kenny Garrett,Sounds from the Ancestors ,2021,Y,Y,Y,N,N,485,Serato - Booth,
2021-09-14,Turkish Delight,Carsten Rubeling,Turkish Delight,2021,Y,Y,N,Y,Y,240,Serato,
2021-09-14,always,monk,evergreen,2021,Y,Y,N,Y,N,106,Serato,
2021-09-14,14her,Drips Zacheer,FUTURES Vol. 7,2021,N,Y,Y,Y,N,145,Serato,
2021-09-14,Arriving Soon,Martin $ky,Bluewerks Vol. 2: In Full Bloom,2021,Y,Y,Y,N,N,129,Serato,
2021-09-14,Cruisin,Potelin,Août,2020,Y,Y,N,Y,N,303,Serato,
2021-09-14,Rollin' (Instrumental),DK,Soul Expressions: Instrumentals,2020,N,Y,N,Y,N,213,Serato,
2021-09-14,T-Neun (Instrumental),Twit One,Folie à Deux Instrumentals,2020,N,Y,N,N,N,187,Serato - Tidal,
2021-09-14,All Yours (Instrumental),"Ol' Burger Beats, Vuyo",All Yours,2020,N,Y,N,N,N,221,Serato - Tidal,
2021-09-14,i remember this picture,Kiefer,When There's Love Around,2021,Y,Y,N,N,N,213,Serato,
2021-09-14,Altamarea,Koralle & Kuranes,Beat Kiosk,2021,N,Y,N,N,N,107,Serato,Loop end and mic
2021-09-14,Fix It,"Joe Armon-Jones, Goya Gumbani",Fix It,2021,Y,N,N,N,N,234,Serato - Tidal,
2021-09-14,Pace (Moses Boyd Remix),Nubya Garcia,Pace (Moses Boyd Remix),2021,Y,Y,N,N,N,312,Serato - Tidal,Let fade out and mic
2021-09-14,Changes,Charlotte Day Wilson,Alpha,2021,N,N,Y,Y,N,178,Serato,
2021-09-14,Gypsy Woman,Tom Misch,Quarantine sessions,2021,Y,Y,N,N,N,179,Serato - Tidal,
2021-09-14,Infatuated Love,Née Pauline & Ol' Burger Beats,I Am Leaving,2021,N,N,N,N,N,142,Serato,"Loop intro a bit before starting, loop end and mic, fade out"
2021-09-14,The Sequel,Web Web x Max Herre,WEB MAX,2021,Y,Y,N,N,N,312,Serato,
2021-09-14,Keep Your Mind Free,Damon Locks - Black Monument Ensemble,NOW,2021,Y,N,N,N,N,354,Serato,
2021-09-14,The Message,"Gary Bartz, Ali Shaheed Muhammad & Adrian Younge",Gary Bartz JID 006,2021,Y,Y,N,N,N,251,Serato,
2021-09-14,La Closerie (Pour Prévost),Jahari Massamba Unit,Pardon My French,2020,Y,Y,N,N,N,124,Serato,
2021-09-14,Coasting,Alfa Mist,Live at Metropolis,2021,Y,Y,N,N,N,352,Serato,
2021-09-14,People (Feat. Kaya Thomas-Dyke),Alfa Mist,Live at Metropolis,2021,Y,N,N,N,N,255,Serato,
2021-09-14,It's Time To Come Home,Kenny Garrett,Sounds from the Ancestors ,2021,Y,Y,Y,N,N,590,Serato - Booth,
2021-09-21,Clean Dancing,hard.times,Clean Dancing,2021,Y,Y,N,Y,N,137,Serato,
2021-09-21,Kief Fingers,David Chief,FUTURES Vol. 7,2021,Y,Y,Y,Y,N,69,Serato,
2021-09-21,Kairos,Mindeliq,FUTURES Vol. 7,2021,N,Y,Y,Y,N,140,Serato,
2021-09-21,becks,bob le head,florence st,2019,N,N,N,Y,N,43,Serato,
2021-09-21,Broke in the City,karavelo,That's Boring!,2021,N,Y,N,Y,N,46,Serato,
2021-09-21,From Your Heart,Koralle & Kuranes,Beat Kiosk,2021,N,N,N,N,N,135,Serato,
2021-09-21,lonely,monk,evergreen,2021,Y,Y,N,Y,N,53,Serato,
2021-09-21,connie's groove,Sadwell,Vol. I,2021,N,N,N,Y,N,81,Serato,
2021-09-21,"The Ride feat. Sy Smith, Black Milk & Elzhi",Zo! & Tall Black Guy,Abstractions,2021,N,N,N,N,N,183,Serato,
2021-09-21,Cheezy Does It ,Burrito Brown,Bluewerks Vol. 3: Heat Wave ,2021,N,Y,Y,N,N,131,Serato,
2021-09-21,POUR ALACLAIR // END CREDITS,Dr. MaD,People Tape Vol. 3,2020,N,Y,N,Y,N,164,Serato,
2021-09-21,curly,Kiefer,When There's Love Around,2021,Y,Y,N,N,N,278,Serato,
2021-09-21,anotherday,Snk?,Selected Songs,2020,Y,Y,N,N,N,123,Serato,
2021-09-21,Daylight,Hiyasu,Bluewerks Vol. 1: Up Down Left Right [Blue Note/Astralwerks],2021,Y,Y,N,N,N,154,Serato,
2021-09-21,Dice,Ljones,Summer Bumps Vol 02,2021,Y,Y,N,Y,N,129,Serato,Loop end and mic
2021-09-21,Affirmations,Robohands,Affirmations,2021,Y,Y,N,N,N,140,Serato - Tidal,
2021-09-21,Mangrove (feat. Elucid & Antonia Gabriela),Moor Mother,Black Encyclopedia of the Air,2021,Y,N,N,N,N,130,Serato - Tidal,
2021-09-21,Stand With Each Other (KeiyaA Remix),Nubya Garcia,Stand With Each Other (KeiyaA Remix),2021,Y,N,N,N,N,202,Serato - Tidal,
2021-09-21,Autumn in New York,Makaya McCraven,Deciphering The Message,2021,Y,Y,N,N,N,356,Serato - Tidal,
2021-09-21,Motel Money,"High Pulp, Takuya Kuroda",Motel Money,2021,Y,Y,N,N,N,275,Serato - Tidal,
2021-09-21,Elegy for Love,Kit Sebastian,Melodi,2021,Y,N,N,N,N,220,Serato - Tidal,
2021-09-21,The Flood,Jordan Rakei,What We Call Life,2021,Y,N,N,N,N,435,Serato - Tidal,
2021-09-21,Beside April,BADBADNOTGOOD,Talk Memory,2021,Y,Y,N,Y,N,314,Serato - Tidal,
2021-09-21,Space 8,Nala Sinephro,Space 1.8,2021,Y,Y,Y,N,N,1052,Serato - Booth,
2021-09-28,Urban Repurpose,David Lavoie & Carson Tworow,Urban Repurpose,2021,N,Y,N,Y,Y,264,Serato,
2021-09-28,Drag,Dominic Pierce,FUTURES Vol. 7,2021,N,Y,Y,Y,Y,131,Serato,
2021-09-28,Malachite,Santa Rita,FUTURES Vol. 7,2021,N,Y,Y,Y,N,160,Serato,
2021-09-28,Reality,DATSUNN,Reality,2021,N,N,N,Y,N,151,Serato,Loop and fade in
2021-09-28,Alone in the Dark,Elaquent,Bedtime Stories,2020,N,N,N,Y,N,122,Serato,
2021-09-28,december,monk,evergreen,2021,Y,Y,N,Y,N,70,Serato,
2021-09-28,Melancholic5,Potelin,Août,2020,Y,Y,N,Y,N,386,Serato,
2021-09-28,i love my friends,Kiefer,When There's Love Around,2021,Y,Y,N,N,N,253,Serato,
2021-09-28,Maya,Greentea Peng,MAN MADE,2021,N,N,Y,N,N,209,Serato,
2021-09-28,Problems,St. Panther,Problems,2021,Y,N,N,N,N,154,Serato - Tidal,
2021-09-28,La Femme Fetal,Digable Planets,Reachin' (A New Refutation Of Time And Space),1993,N,N,N,N,N,275,Serato - Tidal,
2021-09-28,Footprints,Madlib,Shades Of Blue: Madlib Invades Blue Note,2003,Y,N,N,N,N,298,Serato - Tidal,
2021-09-28,Make Tracks (Instrumental),US3,Hand On The Torch,1993,Y,Y,N,N,N,279,Serato - Tidal,
2021-09-28,God-Man Cometh,Greg Osby,3-D Lifestyles,1993,Y,N,N,N,N,225,Serato - Tidal,Loop end and mic
2021-09-28,Space 2,Nala Sinephro,Space 1.8,2021,Y,Y,Y,N,N,295,Serato,
2021-09-28,Loosed,Ill Considered,Liminal Space,2021,Y,Y,N,N,N,375,Serato - Tidal,
2021-09-28,Anthem (feat. Gary Bartz),Theo Croker,BLK2LIFE || A FUTURE PAST,2021,Y,Y,N,N,N,231,Serato - Tidal,
2021-09-28,Altitude feat. Joel Ross & Michael Mayo,Nate Smith,Altitude feat. Joel Ross & Michael Mayo,2021,Y,Y,N,N,N,315,Serato - Tidal,
2021-09-28,Four Better or Worse (Pt. 1),"Damu The Fudgemunk, Nitty Scott",Conversation Peace,2021,N,N,N,N,N,292,Serato - Tidal,
2021-09-28,Twin Stars of Thence,Sun Ra,Lanquidity,1978,Y,Y,Y,N,N,574,Serato - Booth,
2021-10-05,THE LIGHTHOUSE (SAX: JULIUS VAN RHEE),Opek,Corners,2021,Y,Y,N,N,N,300,Serato,
2021-10-05,thatsthejam,howiewonder,pathways,2021,N,Y,N,Y,N,116,Serato,
2021-10-05,holdonforme,blackmagic.,black frequencies vol. 1 & 2,2021,N,Y,N,Y,N,125,Serato,
2021-10-05,Never Sign a Contract,karavelo,That's Boring!,2021,N,Y,N,Y,N,89,Serato,Fade out before words at the end
2021-10-05,Isolation (feat. Tommaso Cappellato),Telemakus,FUTURES Vol. 7,2021,Y,Y,Y,Y,N,170,Serato,
2021-10-05,THELIGHTPT2,DATSUNN,LUVSESSIONS,2021,N,Y,N,Y,N,145,Serato,
2021-10-05,Soulside ,leaf beach,Bluewerks Vol. 3: Heat Wave ,2021,N,Y,Y,N,N,140,Serato,
2021-10-05,"Suite Outro – Hodge, Poyser, Riggins",Karriem Riggins,Headnod Suite,2017,Y,Y,N,N,N,114,Serato - Tidal,
2021-10-05,Yes Baby Yes,Mo' Horizons,Come Touch The Sun,1999,Y,Y,N,N,N,300,Serato - Tidal,
2021-10-05,The Good Times,DeKobe,Left Behind,2017,N,Y,N,Y,N,160,Serato - Tidal,fade in
2021-10-05,Detroit City,falcxne,Timbits III - Last Timbit of the Night,2017,N,N,N,Y,N,231,Serato - Tidal,Loop end and mic'
2021-10-05,Dat it,"Blue Lab Beats, Kiefer",Dat It,2021,Y,Y,N,N,N,286,Serato - Tidal,
2021-10-05,MUSA Remix ft. Stas THEE Boss,Witch Prophet,DNA Activation (Deluxe),2021,Y,N,N,Y,N,170,Serato - Tidal,
2021-10-05,Remind Me (feat. Alex Isley),Butcher Brown,Remind Me,2021,Y,N,N,N,N,269,Serato - Tidal,
2021-10-05,Yalvarma,Kit Sebastian,Melodi,2021,Y,N,N,N,N,310,Serato,
2021-10-05,Rahu & Ketu,Emma-Jean Thackray,Yellow,2021,Y,Y,N,N,N,253,Serato,
2021-10-05,We've Landed (Cool Cats Mix),Tony Allen & Hugh Masekela,Rejoice (Special Edition),2021,Y,N,N,N,N,278,Serato - Tidal,
2021-10-05,Vicky's Interlude,Peyton,PSA,2021,N,Y,Y,N,N,123,Serato,
2021-10-05,Bingo Bongo,Bentley & Horatio Luna,Less Thinking More Dancing,2021,Y,Y,N,N,N,155,Serato - Tidal,
2021-10-05,Pretty,"Sam Wilkes, Christian Euman, Greg Paul",Pretty,2021,Y,Y,N,N,N,212,Serato - Tidal,Fade out
2021-10-05,AN IDEA IS A WORK OF ART,"R.A.P. Ferreira, Mike Ladd",Purple Moonlight Pages,2020,N,N,N,N,N,255,Serato - Tidal,Loop beginning and mic
2021-10-05,Do You (feat. Theo Croker),Kassa Overall,Go Get Ice Cream and Listen to Jazz,2019,Y,N,N,N,N,284,Serato - Tidal,
2021-10-05,Splattitorium,The Pharcyde,Labcabincalifornia,1995,N,N,N,N,N,178,Serato - Tidal,
2021-10-05,Days As Echoes,Misha Panfilov Sound Combo,Days As Echoes,2020,Y,Y,N,N,N,477,Serato - Tidal,
2021-10-12,Space 1,Nala Sinephro,SPACE 1.8,2021,Y,Y,Y,N,N,249,Serato,
2021-10-12,Baesong,Indigo Rose,LUV EP,2021,N,N,Y,Y,Y,193,Serato,
2021-10-12,I V,L'Rain,Fatigue,2021,N,N,Y,N,N,145,Serato,
2021-10-12,ASANTE SANA,Okyerema Asante,Drum Message,1977,Y,N,Y,N,N,393,Serato,
2021-10-12,Burning Plain,Cochemea,Vol. II Baca Sewa,2021,Y,N,Y,N,N,294,Serato,
2021-10-12,Freedom Jazz Dance,Leon Lee Dorsey,Freedom Jazz Dance,2021,Y,Y,Y,N,N,353,Serato,
2021-10-12,Je Prendrai Le Romanée-Conti (Putain De Leroy),Jahari Massamba Unit,Pardon My French,2020,Y,Y,N,N,N,120,Serato,
2021-10-12,Signal from the Noise,BADBADNOTGOOD,Talk Memory,2021,Y,Y,N,Y,N,542,Serato,
2021-10-12,Unfolding (Momentum 73) (feat. Laraaji),BADBADNOTGOOD,Talk Memory,2021,Y,Y,N,Y,N,270,Serato,
2021-10-12,City of Mirrors (feat. Arthur Verocai),BADBADNOTGOOD,Talk Memory,2021,Y,Y,N,Y,N,230,Serato,
2021-10-12,Beside April (feat. Arthur Verocai),BADBADNOTGOOD,Talk Memory,2021,Y,Y,N,Y,N,313,Serato,
2021-10-12,Love Proceeding (feat. Arthur Verocai),BADBADNOTGOOD,Talk Memory,2021,Y,Y,N,Y,N,325,Serato,
2021-10-12,"Timid, Intimidating",BADBADNOTGOOD,Talk Memory,2021,Y,Y,N,Y,N,377,Serato,
2021-10-12,Beside April (Reprise) (feat. Arthur Verocai),BADBADNOTGOOD,Talk Memory,2021,Y,Y,N,Y,N,100,Serato,
2021-10-12,"Talk Meaning (feat. Terrace Martin, Brandee Younger & Arthur Verocai)",BADBADNOTGOOD,Talk Memory,2021,Y,Y,N,Y,N,374,Serato,
2021-10-12,OUT HERE,Opek,Corners,2021,Y,N,N,N,N,446,Serato,
2021-10-19,The Mountain (feat K-Riz),Sargeant X Comrade,The Mountain (Single)(feat K-Riz),2021,N,N,N,Y,Y,184,Serato,
2021-10-19,Pumpkin spice,Racasse and Gabb.,Time to cook: Session 1,2021,N,Y,N,Y,N,97,Serato,
2021-10-19,For Granted,David Lavoie & Carson Tworow,Urban Repurpose,2021,N,Y,N,Y,Y,155,Serato,
2021-10-19,Heat Wave (Prelude) ,Bluewerks,Bluewerks Vol. 3: Heat Wave ,2021,N,Y,Y,N,N,44,Serato,
2021-10-19,yesterday,sftspkn,FUTURES Vol. 7,2021,N,Y,Y,Y,N,153,Serato,
2021-10-19,Swing a Little,Tenda Senda,FUTURES Vol. 7,2021,N,Y,Y,Y,N,175,Serato,
2021-10-19,Next Time That I See You,Sylvia,Sweet Stuff,1975,N,N,Y,N,N,199,Serato,
2021-10-19,stories,monk,evergreen,2021,N,Y,N,Y,N,80,Serato,
2021-10-19,crooklyn,howiewonder,pathways,2021,N,Y,N,Y,N,306,Serato,
2021-10-19,3Hands / Divine Hand I,Mndsgn,Rare Pleasure,2021,N,N,N,N,N,213,Serato,
2021-10-19,07 STUDIO B,PRO-V,PRO-V - PRO KNOWS...CKUT,2018,N,N,N,Y,N,105,Serato,
2021-10-19,Half Steppin',Makaya McCraven,Universal Beings E&F Sides,2020,Y,Y,N,N,N,220,Serato,Fade in
2021-10-19,Harlem River Drive,Bobbi Humphrey,Blacks And Blues,1974,Y,Y,N,N,N,470,Serato - Tidal,
2021-10-19,Memphis Underground,Herbie Mann,Memphis Underground,1969,Y,Y,N,N,N,429,Serato - Tidal,
2021-10-19,PLAY A SWEET RHYTHM ON THEM DRUMS,Okyerema Asante,Drum Message,1977,Y,Y,Y,N,N,392,Serato,
2021-10-19,Rememberance,Yussef Kamaal,Black Focus,2016,Y,Y,N,N,N,539,Serato,
2021-10-19,Shine,"Robert Glasper, D Smoke, Tiffany Gouché",Shine,2021,Y,N,N,N,N,387,Serato - Tidal,
2021-10-19,Déjà Vu,Ashley Henry,Ashley Henry's 5ive,2016,Y,Y,N,N,N,414,Serato - Tidal,
2021-10-19,DOLDRUMS (Explicit),R.A.P. Ferreira,Purple Moonlight Pages,2020,N,N,N,N,N,193,Serato - Tidal,
2021-10-19,What's New With You,Kassa Overall,Go Get Ice Cream and Listen to Jazz,2019,Y,N,N,N,N,256,Serato - Tidal,
2021-10-19,Damballa Wedo,Melanie Charles,The Girl with the Green Shoes,2017,Y,N,N,N,N,125,Serato - Tidal,
2021-10-26,Pelota (Cut a Rug Mix),Khruangbin & Quantic,Pelota (Cut a Rug Mix),2021,N,Y,N,N,N,301,Serato,
2021-10-26,Soul Makosa,Kaidi & NK-OK,The Sounds of Afrotronica,2021,Y,N,N,N,N,228,Serato,
2021-10-26,Connected feat. Josh Milan,Zo! & Tall Black Guy,Abstractions,2021,N,N,N,N,N,410,Serato,
2021-10-26,Speak To Me,Anushka,Yemaya,2021,N,N,N,N,N,165,Serato,
2021-10-26,Carry It Mongo Man,Kaidi Tatham,An Insight To All Minds,2021,Y,Y,N,N,N,257,Serato,
2021-10-26,Say No More,Duke Hugh & Bryony Jarman-Pinto,Say No More,2021,Y,N,N,N,N,194,Serato,
2021-10-26,The Road to Love,Sweatson Klank,The Road to Love,2021,Y,N,N,N,N,248,Serato,
2021-10-26,Gypsy Woman (Quarantine Sessions),Tom Misch,Quarantine Sessions,2021,Y,Y,N,N,N,179,Serato,
2021-10-26,Infatuated Love,Née Pauline & Ol' Burger Beats,I Am Leaving,2021,N,N,N,N,N,142,Serato,
2021-10-26,The Message Continues (Mark de Clive-Lowe Remix),Nubya Garcia,SOURCE ? WE MOVE,2021,Y,Y,N,N,N,369,Serato,
2021-10-26,Out of the Blue,Kaidi & NK-OK,The Sounds of Afrotronica,2021,Y,N,N,N,N,335,Serato,
2021-10-26,Love Is (feat. Cazeaux O.S.L.O),Prequel,Love Or (I Heard You Like Heartbreak),2021,N,N,N,N,N,333,Serato,
2021-10-26,Aspects,STR4TA,Aspects,2021,Y,N,N,N,N,466,Serato,
2021-10-26,Endurance,Beatchild,Nostalgia Beats of 2008 – 2020,2021,N,Y,N,Y,N,285,Serato,
2021-10-26,W.O.M.E.N,Milla Thyme,Everything Has Its Thyme,2021,N,N,N,N,N,266,Serato,
2021-10-26,Take Care Of You (feat. Syd),Charlotte Day Wilson,Alpha,2021,N,N,N,Y,N,214,Serato,
2021-10-26,Latino Negro,Madlib,Sound Ancestors,2021,Y,N,N,N,N,216,Serato,
2021-10-26,Ole Times Two (Instrumental),Ol' Burger Beats,Monologue.,2021,N,Y,N,N,N,165,Serato,
2021-10-26,Everybody Loves the Sunshine (feat. Theo Croker),Kiefer,Between Days,2021,Y,Y,N,N,N,322,Serato,
2021-10-26,Title Theme / Saria's Song / Song Of Storms,BADBADNOTGOOD,BBNG,2011,Y,Y,N,Y,N,574,Serato - Booth,
2021-11-02,Song for My Mother,Tenderlonious,Still Flute,2021,Y,Y,N,N,N,550,Serato - Tidal,
2021-11-02,believe,baechulgi,FUTURES Vol. 7,2021,N,Y,Y,Y,N,72,Serato,
2021-11-02,FOLLOW ME,Okyerema Asante,Drum Message,1977,Y,N,Y,N,N,326,Serato,
2021-11-02,Ahenk,Kit Sebastian,Melodi,2021,Y,N,N,N,N,209,Serato,
2021-11-02,Get Up,re.verse,beat tape 1,2021,Y,Y,N,Y,N,132,Serato,
2021-11-02,Oh My Word,Bentley & Horatio Luna,Less Thinking More Dancing,2021,Y,Y,N,N,N,489,Serato,
2021-11-02,Reminisce Over You (T.R.O.Y.) (Lou Piensa Remix),Pete Rock & C.L. Smooth,90S REMIXTAPE,2019,N,N,N,Y,N,268,Serato,Loop intro and mic
2021-11-02,Still In It,Tarik Robinson,Still In It [SINGLE],2021,N,N,N,Y,Y,256,Serato,"Bed music, Loop end"
2021-11-02,SHADES OF FLU 2: In These Odd Times,Kassa Overall,SHADES OF FLU 2,2021,Y,Y,N,N,N,2944,Serato,
2021-11-09,Jubilee,Blackbird Belle,Microcosm,2021,N,Y,N,Y,N,80,Serato,
2021-11-09,DAY 27 (MAD NICE),N??T,31 DAYS FOR DOOM,2021,N,Y,N,Y,Y,106,Serato,
2021-11-09,ça vo bin,kawfee,(s') oublier,2020,N,Y,N,Y,N,87,Serato,
2021-11-09,wolves,howiewonder,pathways,2021,N,Y,N,Y,N,132,Serato,
2021-11-09,Curls - Instrumental,Madvillain,Madvillainy Instrumentals,2004,N,Y,N,N,N,98,Serato,
2021-11-09,Space 3,Nala Sinephro,SPACE 1.8,2021,N,Y,Y,N,N,75,Serato,
2021-11-09,Rumbarimbula,Okuté,Okuté,2021,Y,N,N,N,N,226,Serato,
2021-11-09,Champin',The Dirty Sample,NO!,2020,N,Y,N,Y,Y,170,Serato,
2021-11-09,All Blu's,Blu & Exile,Miles,2020,Y,N,N,N,N,190,Serato,
2021-11-09,Sunset in São Paulo,Dr. MaD,People Tape Vol. 3,2020,N,Y,N,Y,N,189,Serato,
2021-11-09,Crack Rock,Frank Ocean,channel ORANGE (Explicit Version),2012,N,N,N,N,N,224,Serato,
2021-11-09,Pygmy,Flying Lotus,Flamagra,2019,Y,Y,N,N,N,84,Serato,
2021-11-09,introduction,Kiefer,When There's Love Around,2021,Y,Y,N,N,N,51,Serato,
2021-11-09,The Clearing,re.verse,beat tape 1,2021,Y,Y,N,Y,N,124,Serato,
2021-11-09,Late for Goodbye,Afternoons In Stereo,Leaves of Brass,2006,Y,Y,Y,Y,N,277,Serato,Loop beginning and mic
2021-11-09,Sunset,Makaya McCraven,Deciphering The Message,2021,Y,Y,N,N,N,228,Serato - Tidal,
2021-11-09,"Neon Chapter (feat. Arto Lindsay, Eric Harland, Yasushi Nakamura, Craig Hill)",BIGYUKI,Neon Chapter,2021,Y,Y,N,N,N,349,Serato - Tidal,Chat over last 40 seconds
2021-11-09,Love Proceeding (feat. Arthur Verocai),BADBADNOTGOOD,Talk Memory,2021,Y,Y,N,Y,N,325,Serato,
2021-11-09,I Hear You I See You,Scrimshire,Nothing Feels Like Everything,2021,Y,N,N,N,N,286,Serato - Tidal,
2021-11-09,My Voice,Ashley Henry,My Voice,2021,Y,Y,N,N,N,302,Serato - Tidal,
2021-11-09,"Drones (feat. Kendrick Lamar, Snoop Dogg, Ty Dolla $ign & James Fauntleroy) (Explicit)",Terrace Martin,DRONES,2021,N,N,N,N,N,265,Serato - Tidal,Fade out
2021-11-09,"Labels (feat. Tiana Major9, Kofi Stone)",Blue Lab Beats,Labels,2021,N,N,N,N,N,321,Serato - Tidal,The last minute is good for talking on the mic
2021-11-09,Koopa Troopa,Bentley & Horatio Luna,Less Thinking More Dancing,2021,Y,Y,N,N,N,397,Serato,
2021-11-09,Gum In My Mouth,Butcher Brown,#KingButch,2021,Y,N,N,N,N,150,Serato,
2021-11-09,Happiness,Muriel Grossmann,UNION,2021,Y,Y,N,N,N,672,Serato,
2021-11-16,Coasting On,David Lavoie & Carson Tworow,Urban Repurpose,2021,Y,Y,N,Y,Y,183,Serato,
2021-11-16,Any Other Way,Aladean Kheroufi,Beauty Beyond Grief,2020,N,N,N,Y,N,206,Serato,
2021-11-16,East End,AlexintheMiddle,The One,2020,N,N,N,Y,N,87,Serato,
2021-11-16,sittinintheshade,blackmagic.,black frequencies vol. 1 & 2,2021,N,Y,N,Y,N,108,Serato,fade in
2021-11-16,On and On (Lou Piensa Remix),Erykah Badu,90S REMIXTAPE,2019,N,N,N,Y,N,243,Serato,
2021-11-16,Cookies in the oven,Gabb.,Time to cook: Session 1,2021,Y,Y,N,Y,N,126,Serato,
2021-11-16,Persona,Koralle & Kuranes,Beat Kiosk,2021,Y,Y,N,N,N,127,Serato,
2021-11-16,Take It (ft. Yutaka Hirasaka),jus.,FUTURES Vol. 7,2021,N,Y,Y,Y,N,196,Serato,
2021-11-16,MYTHICAL,R.A.P. Ferreira,Purple Moonlight Pages,2020,Y,N,N,N,N,192,Serato - Tidal,
2021-11-16,Mazinger High ,Mujo,Bluewerks Vol. 3: Heat Wave ,2021,Y,Y,Y,N,N,101,Serato,
2021-11-16,Golden,Kiefer,Superbloom,2019,Y,Y,N,N,N,190,Serato - Tidal,
2021-11-16,Stereo,karavelo,That's Boring!,2021,N,N,N,Y,N,87,Serato,
2021-11-16,"Griots of the Crenshaw District (feat. Hit-Boy, Kamasi Washington & Robert Glasper)",Terrace Martin,DRONES,2021,Y,Y,N,N,N,204,Serato - Tidal,Loop intro and mic
2021-11-16,ADOWA,Okyerema Asante,Drum Message,1977,Y,Y,Y,N,N,199,Serato,
2021-11-16,Mystic Bounce,Madlib,Shades Of Blue: Madlib Invades Blue Note,2003,Y,Y,N,N,N,236,Serato - Tidal,fade out
2021-11-16,Please Don’t Take This Badly,Kit Sebastian,Melodi,2021,Y,N,N,N,N,254,Serato,
2021-11-16,Akinuba / The Heart (feat. Yusef Lateef),Web Web x Max Herre,WEB MAX,2021,Y,Y,N,N,N,284,Serato,
2021-11-16,Soul Flower (Remix),The Pharcyde,Bizarre Ride II The Pharcyde,1992,N,N,N,N,N,263,Serato,
2021-11-16,Peace Train,Johnny Hammond,JAZZZIPS.003,1971,Y,Y,N,N,N,267,Serato,
2021-11-16,Dribbles & Beats,Chassol,Ludi,2020,Y,Y,N,N,N,125,Serato,
2021-11-16,Brothers (Instrumental),Ol' Burger Beats,Monologue.,2021,N,Y,N,N,N,158,Serato - Tidal,
2021-11-16,Where Will You Go (feat. Kassa Overall),"Theo Croker, Kassa Overall",BLK2LIFE || A FUTURE PAST,2021,Y,N,N,N,N,222,Serato - Tidal,
2021-11-16,Speak No Evil (Night Dreamer),Emma-Jean Thackray,Blue Note Re:Imagined,2020,Y,N,N,N,N,299,Serato,
2021-11-16,Negroni,Foshe & Bentley,Parlour Cucina,2021,Y,Y,N,N,N,294,Serato,loop end and fade out
2021-11-16,[bump]inthenight,tkdwn.,instant transmission 01,2020,N,N,N,Y,N,96,Serato,
2021-11-16,ELEVATIONS,Opek,Corners,2021,Y,Y,N,N,N,225,Serato,Match bpm. Chat over this track?
2021-11-16,Kofi (The Angel Remix),Donald Byrd,The New Groove: The Blue Note Remix Project Vol. 1,1996,Y,N,N,N,N,511,Serato - Tidal,RECORD
2021-11-23,"Intro: ""Begin""",Tarik Robinson,Rotations,2021,N,N,N,Y,Y,21,Serato,
2021-11-23,Rotations,Tarik Robinson,Rotations,2021,N,N,N,Y,Y,215,Serato,
2021-11-23,Read My Mind,Lianne La Havas,Lianne La Havas,2020,N,N,N,N,N,288,Serato,Fade in
2021-11-23,Shampoo,karavelo,That's Boring!,2021,N,N,N,Y,N,85,Serato,
2021-11-23,Sangiovese,Koralle & Kuranes,Beat Kiosk,2021,N,Y,N,N,N,141,Serato,
2021-11-23,Dog It,Digable Planets,Blowout Comb,1994,N,N,N,N,N,260,Serato - Tidal,Loop end and fade out
2021-11-23,Late Night Banger,Illa J & Atamone,FUTURES Vol. 7,2021,N,Y,Y,Y,N,160,Serato,
2021-11-23,Maiden Voyage,Ursula Walker,DJ Amir Presents ‘Strata Records The Sound of Detroit’ Volume 1,2021,Y,Y,N,N,N,309,Serato,
2021-11-23,Te Esperaré (Instrumental),Née Pauline & Ol' Burger Beats,I Am Leaving,2021,Y,Y,N,N,N,126,Serato,
2021-11-23,Gonna Be,Rosie Lowe & Duval Timothy,SON,2021,Y,N,Y,N,N,251,Serato,
2021-11-23,Sunset,DOMINANT,Harvest of Memories,2021,N,Y,N,Y,N,143,Serato,Loop beginning and mic
2021-11-23,crybaby,Kiefer,When There's Love Around,2021,Y,Y,N,N,N,286,Serato,
2021-11-23,This Is How We Do,Kurt Elling,SuperBlue,2021,N,N,Y,N,N,77,Serato,
2021-11-23,NEVER FLY AWAY FROM THE FUNK,Okyerema Asante,Drum Message,1977,Y,N,Y,N,N,300,Serato,
2021-11-23,A Slice Of The Top,Makaya McCraven,Deciphering The Message,2021,Y,N,N,N,N,192,Serato - Tidal,
2021-11-23,Taking These (Lou Piensa Remix),The Coup,90S REMIXTAPE,2019,N,N,N,N,N,252,Serato,
2021-11-23,You're Welcome,karavelo,That's Boring!,2021,N,N,N,Y,N,91,Serato,
2021-11-23,Elevensz,The Jazzual Suspects,Lostramentals,2021,N,Y,N,N,N,277,Serato - Tidal,Mic break?
2021-11-23,Runnin Away (feat. Malaya),"Tall Black Guy, Ozay Moore",Of Process and Progression,2021,N,N,N,N,N,280,Serato - Tidal,Fade out end
2021-11-23,First Light,Alfa Mist,Two For Mistake,2021,Y,Y,N,N,N,372,Serato - Tidal,
2021-11-23,Intimidated (feat. H.E.R.),KAYTRANADA,Intimidated,2021,N,N,N,Y,N,207,Serato - Tidal,
2021-11-23,"Talk Meaning (feat. Terrace Martin, Brandee Younger & Arthur Verocai)",BADBADNOTGOOD,Talk Memory,2021,Y,Y,N,Y,N,374,Serato,
2021-11-23,Second Hand,David Lavoie & Carson Tworow,Urban Repurpose,2021,Y,Y,N,Y,Y,96,Serato,
2021-11-23,Food,BADBADNOTGOOD,Sour Soul Instrumentals,2015,Y,Y,N,Y,N,203,Serato,
2021-11-23,In All the Wrong Places,Kero One,Windmills of the Soul,2006,N,N,N,N,N,467,Serato - Tidal,Record
2021-11-30,Drifting,Tarik Robinson,Rotations,2021,N,N,N,Y,Y,191,Serato,
2021-11-30,Furah Bay,Rosie Lowe & Duval Timothy,SON,2021,Y,Y,Y,N,N,80,Serato,
2021-11-30,Way Out (Closure),Zenjungle & Valiska,Years From Now,2021,Y,Y,Y,Y,Y,138,Serato,
2021-11-30,Null & Void,Blackbird Belle,Microcosm,2021,Y,N,N,Y,N,96,Serato,
2021-11-30,Close,Indigo Rose,LUV EP,2021,N,N,Y,Y,Y,158,Serato,
2021-11-30,The Mountain (Instrumental),Sargeant X Comrade,The Mountain (Single)(feat K-Riz),2021,N,Y,N,Y,Y,184,Serato,
2021-11-30,Mercury (In Retrograde),Emma-Jean Thackray,Yellow,2021,Y,N,N,N,N,117,Serato,
2021-11-30,Big Flexer (feat. Ian McGilber),Peyton,PSA,2021,N,N,Y,N,N,111,Serato,
2021-11-30,5oclock,blackmagic.,black frequencies vol. 1 & 2,2021,N,Y,N,Y,N,104,Serato,
2021-11-30,rockonandon,howiewonder,pathways,2021,N,Y,N,Y,N,160,Serato,
2021-11-30,Space 7,Nala Sinephro,SPACE 1.8,2021,Y,Y,Y,N,N,101,Serato,
2021-11-30,Curandera,Cochemea,Vol. II Baca Sewa,2021,Y,Y,N,N,N,221,Serato,
2021-11-30,Liberation March,Web Web x Max Herre,WEB MAX,2021,Y,Y,N,N,N,140,Serato,
2021-11-30,Soulsea (Cut Chemist Remix),"Gary Bartz, Ali Shaheed Muhammad, Adrian Younge",Soulsea (Cut Chemist Remix),2021,Y,Y,N,N,N,143,Serato - Tidal,Loop intro and mic
2021-11-30,Frontline (CARRTOONS Remix),Butcher Brown,Frontline (CARRTOONS Remix),2021,Y,Y,N,N,N,186,Serato - Tidal,
2021-11-30,Places,St. Panther,Greatness / Places,2021,N,N,N,N,N,184,Serato - Tidal,
2021-11-30,Be My Muse (Gold Edit),"Aaron Taylor, Skinshape",ICARUS,2021,N,N,N,N,N,198,Serato - Tidal,
2021-11-30,Blackmissionfigs,"R.A.P. Ferreira, Eldon Somers",the Light Emitting Diamond Cutter Scriptures,2021,N,N,N,N,N,174,Serato - Tidal,
2021-11-30,Suffolk,Jeff Parker,Forfolks,2021,Y,Y,N,N,N,458,Serato - Tidal,
2021-11-30,Thoughts,Robohands,Reflections,2021,Y,Y,N,N,N,116,Serato - Tidal,
2021-11-30,C.F.D.,Makaya McCraven,Deciphering The Message,2021,Y,Y,N,N,N,197,Serato - Tidal,
2021-11-30,Love in Dreams,Scrimshire,Nothing Feels Like Everything,2021,Y,Y,N,N,N,364,Serato - Tidal,
2021-11-30,Sais (Egypt),Chip Wickham,Sais (Egypt),2021,Y,Y,N,N,N,462,Serato - Tidal,
2021-11-30,Eddie Harris,Kahil El’Zabar Quartet ,Eddie Harris,2021,Y,Y,N,N,N,472,Serato - Tidal,
2021-11-30,The People's Changes,Myele Manzanza,"Crisis & Opportunity, Vol. 2 - Peaks",2021,Y,Y,N,N,N,222,Serato - Tidal,
2021-11-30,The Dude,Donald Byrd,Electric Byrd,1970,Y,Y,N,N,N,468,Serato - Tidal,
2021-12-07,Ecaroh,Makaya McCraven,Deciphering The Message,2021,Y,Y,Y,N,N,178,Serato - Booth,
2021-12-07,Take You Back,Tarik Robinson,Rotations,2021,N,N,Y,Y,Y,191,Serato - Booth,
2021-12-07,Big Sacrifice ft. Lottery Odds,Adedon,Jazzified,2020,N,N,Y,Y,N,248,Serato - Booth,
2021-12-07,SABI (Black Fire Mix),Okyerema Asante,Drum Message,1977,Y,N,Y,N,N,385,Serato - Booth,
2021-12-07,Katsudon,Karavelo,The Cookbook Vol. 1,2019,N,Y,N,Y,N,87,Serato - Booth,
2021-12-07,Fusion Swirl,Jeff Parker,Suite For Max Brown,2020,Y,Y,N,N,N,333,Serato,
2021-12-07,Tony Sendo,"Underground Canopy, Bluestaeb, S. Fidelity ",Bluestaeb and S. Fidelity Present Underground Canopy,2020,Y,Y,N,N,N,230,Serato,
2021-12-07,ETMET,Witch Prophet,DNA ACTIVATION,2020,N,N,N,Y,N,149,Serato,
2021-12-07,Jazz is Dead,Adrian Younge and Ali Shaheed Muhammad,Jazz Is Dead 001,2020,Y,Y,N,N,N,168,Serato,
2021-12-07,Nights Introlude,Nightmares On Wax,Smoker's Delight (25th Anniversary Edition),1995,N,Y,N,N,N,280,Serato,
2021-12-07,What Kinda Music,Tom Misch & Yussef Dayes,What Kinda Music,2020,Y,N,N,N,N,230,Serato,
2021-12-07,King Of The Hill (feat. BADBADNOTGOOD and Flying Lotus),Thundercat,It Is What It Is,2020,Y,N,N,N,N,171,Serato,
2021-12-07,prior st theme,Laizlo,2MOrrow,2020,Y,Y,N,Y,N,118,Serato,
2021-12-07,The Message Continues,Nubya Garcia,Source,2020,Y,Y,N,N,N,404,Serato,
2021-12-07,B.O.M.B.,St. Panther,These Days,2020,N,N,N,N,N,203,Serato,
2021-12-07,#KingButch,Butcher Brown,#KingButch,2020,N,N,N,N,N,130,Serato,
2021-12-07,"CHILLIN ft. Scott Bevins, CARRTOONS, JMF, Kyle Hutchins",Evan Shay,NEW NORMAL,2020,Y,Y,N,Y,N,185,Serato,
2021-12-07,1st Light,Potatohead People,Mellow Fantasy,2020,Y,Y,N,Y,N,110,Serato,
2021-12-07,Sassafras,G Mills,Bluewerks Vol. 1: Up Down Left Right [Blue Note/Astralwerks],2021,N,Y,N,N,N,157,Serato,
2021-12-07,Kali V2,Greentea Peng,MAN MADE,2021,N,N,N,N,N,181,Serato,
2021-12-07,I Can Only Whisper (feat. BADBADNOTGOOD),Charlotte Day Wilson,ALPHA,2021,N,N,Y,Y,N,164,Serato,
2021-12-07,Great Divide,"Kazumi Kaneda, Carsten Rubeling",FUTURES Vol. 7,2021,Y,Y,Y,Y,Y,238,Serato,
2021-12-07,Aspects,STR4TA,Aspects,2021,N,N,N,N,N,466,Serato,
2021-12-14,Into You (feat. Yasi Gerami),Adedon,Jazzified,2020,N,N,Y,Y,N,219,Serato,
2021-12-14,Black Rhythm Happening,Makaya McCraven,Deciphering The Message,2021,Y,N,Y,N,N,215,Serato,
2021-12-14,Sing It Out Loud (ft. KazMega),Tarik Robinson,Rotations,2021,N,N,Y,Y,Y,207,Serato,
2021-12-14,Two Face,L'Rain,Fatigue,2021,N,N,N,N,N,246,Serato,
2021-12-14,Alive (Instrumental),Mark Farina,Mushroom Jazz 6,2008,N,Y,N,N,N,288,Serato - Tidal,
2021-12-14,Mid-City Fiesta,People Under The Stairs,The Next Step,1998,N,N,N,N,N,269,Serato,
2021-12-14,Slim's Return,Madlib,Shades Of Blue: Madlib Invades Blue Note,2003,N,Y,N,N,N,236,Serato - Tidal,
2021-12-14,Pack The Pipe,The Pharcyde,Bizarre Ride II The Pharcyde,1992,N,N,N,N,N,303,Serato,
2021-12-14,Energy,Alfa Mist & Emmavie,Epoch,2020,Y,N,N,N,N,187,Serato,
2021-12-14,COLORS,"Ashley Henry, Joshua Idehen",Beautiful Vinyl Hunter,2019,Y,N,N,N,N,269,Serato,
2021-12-14,Yo Chavez,Yussef Kamaal,Black Focus,2016,Y,Y,N,N,N,239,Serato - Tidal,
2021-12-14,Sure Thing,St. Germain,Tourist,2000,Y,Y,N,N,N,382,Serato,
2021-12-14,F(r)iends,Avantdale Bowling Club,Avantdale Bowling Club,2018,Y,N,N,N,N,370,Serato,
2021-12-14,If You Want,David Lavoie & Carson Tworow,Urban Repurpose,2021,Y,Y,N,Y,Y,159,Serato,
2021-12-14,stranger,howiewonder,float,2019,N,Y,N,Y,N,137,Serato,
2021-12-14,Na boca do sol,Arthur Verocai,Arthur Verocai,1971,Y,N,N,N,N,175,Serato,
2021-12-14,Nardis,Bill Evans Trio,Explorations,1961,Y,Y,N,N,N,350,Serato,
2021-12-14,America Latina,Osmar Milito e Quarteto Forma,Selva De Pedra,1972,Y,N,N,N,N,167,Serato,
2021-12-14,Bastard / Lemonade,BADBADNOTGOOD,BBNG2,2012,Y,Y,N,Y,N,424,Serato,
2021-12-21,CHRISTMASINWAIKIKI,DATSUNN,Cookies n' Milk Vol. 1,2020,N,N,N,Y,N,82,Serato,
2021-12-21,TIMEOFYEAR,DATSUNN,Cookies n' Milk Vol. 1,2020,N,N,N,Y,N,96,Serato,
2021-12-21,COMET,DATSUNN,Cookies n' Milk Vol. 1,2020,N,N,N,Y,N,107,Serato,
2021-12-21,RAINDROPS,DATSUNN,Cookies n' Milk Vol. 1,2020,N,N,N,Y,N,88,Serato,
2021-12-21,STANDINGTHERE,DATSUNN,Cookies n' Milk Vol. 1,2020,N,N,N,Y,N,69,Serato,
2021-12-21,REST,DATSUNN,Cookies n' Milk Vol. 1,2020,N,N,N,Y,N,101,Serato,
2021-12-21,DREAMIN',DATSUNN,Cookies n' Milk Vol. 1,2020,N,N,N,Y,N,96,Serato,
2021-12-21,WHATCHILD?,DATSUNN,Cookies n' Milk Vol. 1,2020,N,N,N,Y,N,80,Serato,
2021-12-21,IT'SHERE,DATSUNN,Cookies n' Milk Vol. 1,2020,N,N,N,Y,N,126,Serato,
2021-12-21,CHARLIESINTERLUDE,DATSUNN,Cookies n' Milk Vol. 1,2020,N,N,N,Y,N,74,Serato,
2021-12-21,DONNY'SOUTRO,DATSUNN,Cookies n' Milk Vol. 1,2020,N,N,N,Y,N,98,Serato,
2021-12-21,NIGHTCREAM,DATSUNN,Cookies n' Milk Vol. 2,2020,N,N,N,Y,N,105,Serato,
2021-12-21,XMASPAST,DATSUNN,Cookies n' Milk Vol. 2,2020,N,N,N,Y,N,94,Serato,
2021-12-21,WOWOWOW,DATSUNN,Cookies n' Milk Vol. 2,2020,N,N,N,Y,N,164,Serato,
2021-12-21,GOTOSLEEP,DATSUNN,Cookies n' Milk Vol. 2,2020,N,N,N,Y,N,126,Serato,"Loop end, talk on entire track"
2021-12-21,Opening Montage,Bird Peterson,The Bird Peterson Holiday Spectacular,2019,N,N,N,N,N,67,Vinyl,
2021-12-21,Ye Merry Gentlemen,Bird Peterson,The Bird Peterson Holiday Spectacular,2019,N,N,N,N,N,70,Vinyl,
2021-12-21,Happy Birthday (So Frosty),Bird Peterson,The Bird Peterson Holiday Spectacular,2019,N,N,N,N,N,125,Vinyl,
2021-12-21,Blue Christmas Loo Loo,Bird Peterson,The Bird Peterson Holiday Spectacular,2019,N,N,N,N,N,117,Vinyl,
2021-12-21,Christmas Magic,Bird Peterson,The Bird Peterson Holiday Spectacular,2019,N,N,N,N,N,160,Vinyl,
2021-12-21,Jingle Bells,Bird Peterson,The Bird Peterson Holiday Spectacular,2019,N,N,N,N,N,106,Vinyl,
2021-12-21,Trees,Bird Peterson,The Bird Peterson Holiday Spectacular,2019,N,N,N,N,N,127,Vinyl,
2021-12-21,A Special Message From Terry Rimmer Jr,Bird Peterson,The Bird Peterson Holiday Spectacular,2019,N,N,N,N,N,50,Vinyl,
2021-12-21,Charlie Pt 1 (What A Tree),Bird Peterson,The Bird Peterson Holiday Spectacular,2019,N,N,N,N,N,63,Vinyl,
2021-12-21,Charlie Pt 2 (Skating),Bird Peterson,The Bird Peterson Holiday Spectacular,2019,N,N,N,N,N,118,Vinyl,
2021-12-21,One Religious Song (So Grandma Doesn't Give Me What'fer),Bird Peterson,The Bird Peterson Holiday Spectacular,2019,N,N,N,N,N,130,Vinyl,
2021-12-21,Skitch & I,Bird Peterson,The Bird Peterson Holiday Spectacular,2019,N,N,N,N,N,137,Vinyl,
2021-12-21,That Christmas,Bird Peterson,The Bird Peterson Holiday Spectacular,2019,N,N,N,N,N,134,Vinyl,
2021-12-21,Look At Them Presents,Bird Peterson,The Bird Peterson Holiday Spectacular,2019,N,N,N,N,N,107,Vinyl,
2021-12-21,Holiday Nut Mix,Bird Peterson,The Bird Peterson Holiday Spectacular,2019,N,N,N,N,N,116,Vinyl,
2021-12-21,Another Special Message From Trim Rim Jr,Bird Peterson,The Bird Peterson Holiday Spectacular,2019,N,N,N,N,N,44,Vinyl,
2021-12-21,Without Your Loving Arms,Bird Peterson,The Bird Peterson Holiday Spectacular,2019,N,N,N,N,N,110,Vinyl,
2021-12-21,The Christmas Waltz,Bird Peterson,The Bird Peterson Holiday Spectacular,2019,N,N,N,N,N,75,Vinyl,
2021-12-21,Let It Snow 2010,Bird Peterson,The Bird Peterson Holiday Spectacular,2019,N,N,N,N,N,88,Vinyl,
2021-12-21,The Grinch Pt 1 & 2,Bird Peterson,The Bird Peterson Holiday Spectacular,2019,N,N,N,N,N,244,Vinyl,
2021-12-21,Blazin Yule Logs,Bird Peterson,The Bird Peterson Holiday Spectacular,2019,N,N,N,N,N,87,Vinyl,
2021-12-21,It's Here,Bird Peterson,The Bird Peterson Holiday Spectacular,2019,N,N,N,N,N,100,Vinyl,
2021-12-21,Smoochin,Bird Peterson,The Bird Peterson Holiday Spectacular,2019,N,N,N,N,N,105,Vinyl,
2021-12-21,"A Wish, The Moon, And Silver Tongue Stewart",Bird Peterson,The Bird Peterson Holiday Spectacular,2019,N,N,N,N,N,139,Vinyl,
2021-12-21,A Semi Special Moment With Dr Rim J,Bird Peterson,The Bird Peterson Holiday Spectacular,2019,N,N,N,N,N,40,Vinyl,
2021-12-21,8 Day Oil (featuring Deerflesh),Bird Peterson,The Bird Peterson Holiday Spectacular,2019,N,N,N,N,N,126,Vinyl,
2021-12-21,I Hope,Bird Peterson,The Bird Peterson Holiday Spectacular,2019,N,N,N,N,N,103,Vinyl,
2021-12-21,Charlie Pt 3 (Hark),Bird Peterson,The Bird Peterson Holiday Spectacular,2019,N,N,N,N,N,162,Vinyl,
2021-12-21,Charlie Pt 4 (Jingle Bells),Bird Peterson,The Bird Peterson Holiday Spectacular,2019,N,N,N,N,N,142,Vinyl,
2021-12-21,Snowfall,Bird Peterson,The Bird Peterson Holiday Spectacular,2019,N,N,N,N,N,78,Vinyl,
2021-12-21,The Spirit Of 89,Bird Peterson,The Bird Peterson Holiday Spectacular,2019,N,N,N,N,N,112,Vinyl,
2021-12-21,Razzleberry Dressing,Bird Peterson,The Bird Peterson Holiday Spectacular,2019,N,N,N,N,N,248,Vinyl,
2021-12-21,Midnight,Bird Peterson,The Bird Peterson Holiday Spectacular,2019,N,N,N,N,N,175,Vinyl,
2021-12-28,Road of the Lonely Ones,Madlib,Sound Ancestors,2021,N,N,N,N,N,218,Serato - Tidal,
2021-12-28,Robber,The Weather Station,Ignorance,2021,N,N,N,Y,N,321,Serato,
2021-12-28,Right To Be Wrong (Featuring Mt. Cullane Tambrin Band),Jesse Ryan,Bridges,2021,Y,Y,N,Y,N,332,Serato,
2021-12-28,Odysea,Robohands,Shapes,2021,Y,Y,N,N,N,263,Serato - Tidal,
2021-12-28,Superhero,Kiefer,Between Days,2021,Y,Y,N,N,N,166,Serato - Tidal,Loop beginning and mic?
2021-12-28,Spiritual Ideation,"Gary Bartz, Ali Shaheed Muhammad & Adrian Younge",Gary Bartz JID 006,2021,Y,Y,N,N,N,238,Serato,
2021-12-28,All I'm Missing Is You,Prequel,Love Or (I Heard You Like Heartbreak),2021,N,N,N,N,N,280,Serato - Tidal,Loop beginning and mic?
2021-12-28,Teki,Alfa Mist,Bring Backs,2021,Y,Y,N,N,N,360,Serato - Tidal,Fade out
2021-12-28,Seasons,Brainstory,Ripe EP,2021,N,N,N,N,N,212,Serato - Tidal,
2021-12-28,Say Something,Emma-Jean Thackray,Yellow,2021,Y,N,N,N,N,229,Serato - Tidal,
2021-12-28,Turkish Delight,Carsten Rubeling,Turkish Delight,2021,Y,Y,N,Y,Y,240,Serato,
2021-12-28,My Name,David Lavoie & Carson Tworow,Urban Repurpose,2021,Y,Y,N,Y,Y,143,Serato,Loop beginning and mic?
2021-12-28,I Can Only Whisper (feat. BADBADNOTGOOD),Charlotte Day Wilson,ALPHA,2021,N,N,N,Y,N,164,Serato,
2021-12-28,The Message Continues (Mark de Clive-Lowe Remix),Nubya Garcia,SOURCE ? WE MOVE,2021,Y,Y,N,N,N,369,Serato,Loop beginning and mic?
2021-12-28,HOT WIND BLOWS (feat. Lil Wayne),"Tyler, The Creator",CALL ME IF YOU GET LOST,2021,N,N,N,N,N,155,Serato,
2021-12-28,Autumn in New York,Makaya McCraven,Deciphering The Message,2021,Y,Y,Y,N,N,356,Serato - Tidal,
2021-12-28,Yalvarma,Kit Sebastian,Melodi,2021,Y,N,N,N,N,310,Serato,
2021-12-28,My Voice,Ashley Henry,My Voice,2021,Y,Y,N,N,N,302,Serato - Tidal,Loop end and mic?
2021-12-28,Love Proceeding (feat. Arthur Verocai),BADBADNOTGOOD,Talk Memory,2021,Y,Y,Y,Y,N,325,Serato - Booth,
2022-01-04,Saloon,Uyemi,Butterfly Effect EP,2021,N,N,Y,Y,Y,221,Serato,
2022-01-04,Waiting For Your Love,Tendavillage,A Tenda Universe - EP,2021,N,N,Y,Y,Y,211,Serato,
2022-01-04,The Revolution Will Not Be Tel,Sargeant X Comrade,The Elephant In The Room,2021,N,N,Y,Y,Y,176,Serato,
2022-01-04,Monaco ,Makaya McCraven,Deciphering The Message,2021,Y,N,Y,N,N,145,Serato,
2022-01-04,MOTHER AFRICA,Okyerema Asante,Drum Message,1977,Y,Y,Y,N,N,298,Serato,
2022-01-04,Oh My Word,Bentley & Horatio Luna,Less Thinking More Dancing,2021,Y,Y,N,N,N,488,Serato,
2022-01-04,Moira,The Poets Of Rhythm,Discern / Define ,2021,N,N,N,N,N,252,Serato,
2022-01-04,Radiation,Tarik Robinson,Rotations,2021,N,N,Y,Y,Y,227,Serato,Loop beginning and mic
2022-01-04,Cool Out,Leroy Hutson,Hutson,1975,Y,Y,N,N,N,179,Serato - Tidal,
2022-01-04,Summer In The City,Quincy Jones,I Heard That!!,1976,Y,Y,N,N,N,262,Serato - Tidal,Loop end and mic
2022-01-04,Excess Success,Jeff Parker,Forfolks,2021,Y,Y,N,N,N,653,Serato - Tidal,
2022-01-04,Sundown,Muriel Grossmann,UNION,2021,Y,Y,N,N,N,509,Serato,
2022-01-04,La cumbia me está llamando (Suricata Remix),"Nubya Garcia, La Perla",SOURCE ? WE MOVE,2021,Y,N,N,N,N,328,Serato - Tidal,Loop beginning and mic
2022-01-04,Within Without,Scrimshire,Nothing Feels Like Everything,2021,Y,Y,N,N,N,388,Serato - Tidal,
2022-01-04,A Time for Healing,Kahil El'Zabar Quartet,A Time for Healing,2022,Y,Y,N,N,N,789,Serato - Tidal,
2022-01-11,omens,m_ficus,BLESS Vol. 1,2017,N,Y,N,N,N,186,Serato - Tidal,
2022-01-11,Quest (Alfa Mist Remix),Kennebec,Quest,2020,N,Y,N,N,N,178,Serato - Tidal,
2022-01-11,Mindful,Uyemi,Butterfly Effect EP,2021,N,N,Y,Y,Y,250,Serato,
2022-01-11,On The Break,Johnathan Blake,Homeward Bound,2021,Y,N,Y,N,N,64,Serato,
2022-01-11,Besame,DeKobe,Dindi,2021,N,Y,N,Y,N,240,Serato,
2022-01-11,Coppin' The Haven,Makaya McCraven,Deciphering The Message,2021,Y,Y,Y,N,N,156,Serato,
2022-01-11,Whussup? (ft. Janessa J),Tarik Robinson,Rotations,2021,N,N,Y,Y,Y,208,Serato,
2022-01-11,Pianissimo,Potelin,Stop,2020,N,Y,N,Y,N,176,Serato,
2022-01-11,Illuminance,Blackbird Belle,Microcosm,2021,N,Y,N,Y,N,110,Serato,
2022-01-11,Hail Mary (feat Rasheed Chappelle),Sargeant X Comrade,The Elephant In The Room,2021,N,N,Y,Y,Y,182,Serato,
2022-01-11,NINE JAN FOUR,Bluestaeb,GISEKE,2021,N,Y,N,N,N,112,Serato - Tidal,
2022-01-11,Jazz Club After Hours,Barry Can't Swim,Jazz Club After Hours,2021,N,Y,N,N,N,294,Serato - Tidal,Loop intro and mic
2022-01-11,The Puma,Afternoons In Stereo,Leaves of Brass,2006,N,Y,N,Y,N,120,Serato,
2022-01-11,No Fear,Inflo,Back to Mine : Jungle,2019,N,Y,N,N,N,251,Serato - Tidal,Fade in
2022-01-11,Natten,Bremer/McCoy,Natten,2021,Y,Y,N,N,N,337,Serato - Tidal,
2022-01-11,No Pt III,Corto.Alto,Not for Now,2021,Y,Y,N,N,N,335,Serato - Tidal,
2022-01-11,Spread Too Thin,Joomanji,Manj,2013,Y,N,N,N,N,285,Serato - Tidal,
2022-01-11,Beat 5,"Benny Sings, St. Panther, Rae Khalil",Beat Tape II,2021,N,N,N,N,N,106,Serato - Tidal,Loop beginning and mic
2022-01-11,Children Of The Internet (Ezra Collective Remix),"Future Utopia, Ezra Collective, Dave, Es Devlin",Children Of The Internet,2020,Y,N,N,N,N,353,Serato - Tidal,
2022-01-11,Four Folks,Jeff Parker,Forfolks,2021,Y,Y,N,N,N,334,Serato - Tidal,
2022-01-11,Dreamflower,Tarika Blue,Tarika Blue,2002,Y,Y,N,N,N,255,Serato - Tidal,
2022-01-11,Dark Keys (feat. M'Selem),Jazz Liberatorz,Fruit of the Past,2009,N,N,N,N,N,257,Serato - Tidal,Loop end and mic
2022-01-11,Blue to Red,Chip Wickham,Blue to Red,2020,Y,Y,N,N,N,442,Serato - Booth,
2022-01-18,The Tide,Tendavillage,A Tenda Universe - EP,2021,N,N,Y,Y,Y,290,Serato,Loop end and mic
2022-01-18,Kassa Overall Featuring Theo Croker Live In The Brownswood Basement,Kassa Overall,Kassa Overall Featuring Theo Croker Live In The Brownswood Basement,2022,Y,N,N,N,N,1455,Serato,
2022-01-18,Stages,Sargeant X Comrade,The Elephant In The Room,2021,N,N,Y,Y,Y,182,Serato,Loop beginning and mic
2022-01-18,Street Rap (DJ Amir & Re.decay Jazz Re.Constructed Remix),Maulawi,Street Rap (DJ Amir & Re.Decay Jazz Re.Constructed Remix) / Salsa (DJ Dez Salsa (de Corazon) Remix),2021,Y,Y,N,N,N,307,Serato,
2022-01-18,Doncella,Quantic & Nidia Gongora,Almas Conectadas,2021,Y,Y,Y,N,N,46,Serato,
2022-01-18,El Chiclan,Quantic & Nidia Gongora,Almas Conectadas,2021,Y,N,Y,N,N,330,Serato,
2022-01-18,Fifth,Potelin,2022,2022,Y,Y,N,Y,N,219,Serato,
2022-01-18,Jazz Is Dead Series 1,J?.?Rocc,Jazz Is Dead Series 1 Mixed By J.Rocc,2021,Y,N,N,N,N,1800,Tape,
2022-01-18,Freddie's Dead,MFSB,MFSB,1973,Y,Y,N,N,N,431,Serato - Tidal,
2022-01-25,Liaisons (Dibiase Remix),João Donato,Remixes JID010,2021,Y,Y,N,N,N,362,Serato,
2022-01-25,TELL THE TRUTH (Uptown Remix),Jon Batiste,We Are ,2021,N,N,Y,N,N,195,Serato,
2022-01-25,Moving Quietly,Uyemi,Butterfly Effect EP,2021,N,N,Y,Y,Y,203,Serato,
2022-01-25,YAYO,Justice Der,COVERS 9,2020,Y,Y,N,Y,N,329,Serato,
2022-01-25,Dindi,DeKobe,Dindi,2021,N,Y,N,Y,N,187,Serato,
2022-01-25,Soul Garden,Beatchild,Nostalgia Beats of 2008 – 2020,2021,N,Y,N,Y,N,174,Serato,
2022-01-25,Same Beat (Instrumental),Damu The Fudgemunk,Public Assembly,2014,N,Y,N,N,N,231,Serato - Tidal,
2022-01-25,Soul Vibes Summit,Trog'low,Midnight Calisthenics,2021,N,Y,N,Y,N,204,Serato - Tidal,Loop end
2022-01-25,LABOU,Mach-Hommy,Balens Cho (Hot Candles),2021,N,N,N,N,N,168,Serato - Tidal,
2022-01-25,Tranquillity,Makaya McCraven,Deciphering The Message,2021,Y,Y,Y,N,N,219,Serato - Tidal,
2022-01-25,You Didn't Care (feat. Nubya Garcia),Joe Armon-Jones,Turn to Clear View,2019,Y,Y,N,N,N,310,Serato - Tidal,
2022-01-25,"Two For Pay Jay (No Dough, No Show)",Madlib,Beat Konducta Vol. 5-6: Dil Cosby & Dil Withers Suite,2008,N,Y,N,N,N,96,Serato - Tidal,
2022-01-25,Jazz (We've Got),A Tribe Called Quest,The Low End Theory,1991,N,N,N,N,N,250,Serato - Tidal,
2022-01-25,Jazz Is Dead Series 1,J?.?Rocc,Jazz Is Dead Series 1 Mixed By J.Rocc,2021,Y,N,N,N,N,1800,Tape,
2022-01-25,Mangroves (Contours Edit),"Pyramid Project, Mutoriah",Mangroves EP,2020,Y,Y,N,N,N,401,Serato,
2022-02-01,Shelter in Place Side B,Thes One,Shelter in Place,2022,N,Y,N,N,N,1071,Serato - Tidal,
2022-02-01,Nancy Wilson (Shigeto Remix Feat. Ahya Simone & Dez Andrès),Brian Jackson,Remixes JID010,2021,Y,Y,N,N,N,621,Serato,
2022-02-01,Checkers (interlude),Moka Only,Martian XMAS 2021,2021,N,N,N,Y,N,26,Serato,
2022-02-01,Meant To Be Dat,Moka Only,Martian XMAS 2021,2021,N,Y,N,Y,N,154,Serato,Loop intro and mic
2022-02-01,update !t,blackmagic.,The Long Road,2021,N,Y,N,Y,N,117,Serato,Loop intro and fade in
2022-02-01,I Don't get Jealous ft. Yasi Gerami,Adedon,Jazzified,2020,N,N,N,Y,N,225,Serato,
2022-02-01,"Outro: ""Begin Again""",Tarik Robinson,Rotations,2021,N,N,Y,Y,Y,51,Serato,
2022-02-01,All The Way Live (ft. DJ Cosm),Tarik Robinson,Rotations,2021,N,N,Y,Y,Y,191,Serato,
2022-02-01,GOOD YEARS (Intro),Len Bowen,Flow Nostalgic 2: Good Years EP,2021,N,N,Y,Y,N,89,Serato,
2022-02-01,Your Man (Feat. BRAINiac),The Dough Boys,The Dough Boys,2021,N,N,N,Y,N,181,Serato,
2022-02-01,Little Heart Of Pieces,Barry Miles,Mainstream Funk,2021,Y,N,Y,N,N,273,Serato,Loop intro and mic
2022-02-01,The Thump (Live),Marquis Hill,The Thump (Live),2022,Y,Y,N,N,N,483,Serato - Tidal,
2022-02-01,Astral Traveling,Pharoah Sanders,Thembi,1971,Y,Y,N,N,N,350,Serato - Tidal,
2022-02-01,Cameron The Wise,Charles Owens Trio,10 Years,2021,Y,N,N,N,N,304,Serato - Tidal,Loop intro and mic
2022-02-01,New Morning,Lance Ferguson,"Rare Groove Spectrum, Vol. 2",2022,Y,N,N,N,N,226,Serato - Tidal,
2022-02-01,Musica,"The Soul Rebels, Christian Scott",More Motion: Bonus Tracks from Poetry in Motion,2022,Y,Y,N,N,N,253,Serato - Tidal,
2022-02-01,Right Off,John White,Mainstream Funk,2021,Y,Y,Y,N,N,460,Serato - Booth,
2022-02-08,Free Problems,"Terrell Morris, Free n Losh",Molasses,2018,N,N,N,Y,N,245,Serato - Tidal,
2022-02-08,Stan's Plan,Claude Cooper,Myriad Sounds,2022,Y,Y,N,N,N,183,Serato - Tidal,
2022-02-08,Save Me,Kamaal Williams,Wu Hen,2020,Y,Y,N,N,N,358,Serato,
2022-02-08,diamond og,funkywhat,quaranteen qook up,2020,N,Y,N,Y,N,115,Serato,Loop end and fade out
2022-02-08,THE CHEF & THE DJ,"_BY.ALEXANDER, Michèle Lamy",000 CHANNEL BLACK,2020,Y,N,N,N,N,173,Serato - Tidal,
2022-02-08,Say Something (Live On Later With Jools Holland),Emma-Jean Thackray,Yellower Vol. 1,2022,Y,N,N,N,N,236,Serato - Tidal,Loop intro and mix in
2022-02-08,Quiet Up,Trog'low,Midnight Calisthenics,2021,N,Y,N,Y,N,154,Serato - Tidal,
2022-02-08,Poe Mans Dreams (His Vice) (Feat. GLC),Kendrick Lamar,Section.80,2011,N,N,N,N,N,261,Serato,
2022-02-08,Take Me Back,Tom Misch,Beat Tape 1,2014,N,Y,N,N,N,225,Serato - Tidal,Loop end and mic
2022-02-08,Jazz In The Present Tense,Solsonics,Jazz In The Present Tense,1993,Y,Y,N,N,N,258,Serato - Tidal,
2022-02-08,78 Cutlass,"Dream Crews, flowz4daze, DJ Mitsu The Beats, MacVillain",Dream Crews,2022,N,N,N,N,N,268,Serato - Tidal,Fade out
2022-02-08,Summer Madness,Lance Ferguson,"Rare Groove Spectrum, Vol. 2",2022,Y,Y,N,N,N,270,Serato - Tidal,
2022-02-08,lle lfe,Philadelphia Experiment,Philadelphia Experiment,2004,Y,Y,N,N,N,304,Serato - Tidal,
2022-02-08,Bitsu-Bitsu,DeKobe,Appreciation,2016,N,Y,N,Y,N,220,Serato - Tidal,Loop intro and mic
2022-02-08,Easy Road,Tommyhil,I Miss 2016,2021,N,Y,N,Y,N,215,Serato - Tidal,
2022-02-08,Live & Direct (Live),"Jazzbois, Kid Abstrakt",Live & Direct,2020,N,N,N,N,N,250,Serato - Tidal,
2022-02-08,Super Duper Love,Sugar Billy,Mainstream Funk,2021,Y,Y,Y,N,N,196,Serato,Loop intro and mic
2022-02-08,Mr. Jin,Makaya McCraven,Deciphering The Message,2021,Y,Y,Y,N,N,178,Serato,
2022-02-08,Let It Go,Azar Lawrence,New Sky,2022,Y,Y,Y,N,N,345,Serato,
2022-02-08,Disco Duck,Darkhouse Family,Solid Gold EP,2016,Y,N,N,N,N,167,Serato - Tidal,
2022-02-08,All Talk,Brian Jackson,All Talk,2022,Y,N,N,N,N,202,Serato - Tidal,
2022-02-08,Bossa Nova Do Marilla,"Milt Jackson, The Monty Alexander Trio",Soul Fusion,1977,Y,Y,N,N,N,428,Serato,
2022-02-15,Just Because of You,Azar Lawrence,New Sky,2022,Y,N,Y,N,N,400,Serato,
2022-02-15,Inner City Blues (Make Me Wanna Holler),Sarah Vaughan,Mainstream Funk,2021,Y,N,Y,N,N,250,Serato,
2022-02-15,Dam (Feat. BRAINiac),The Dough Boys,The Dough Boys,2021,Y,N,N,Y,N,173,Serato,
2022-02-15,Escargot and Risotto,Tendavillage,A Tenda Universe - EP,2021,N,N,Y,Y,Y,217,Serato,
2022-02-15,Secret (Number Station Mix) (feat Gift Of Gab),Sargeant X Comrade,The Elephant In The Room,2021,N,N,Y,Y,Y,179,Serato,
2022-02-15,Good Life,Bentley & Horatio Luna,Less Thinking More Dancing,2021,Y,Y,N,N,N,246,Serato,
2022-02-15,Sixth,Potelin,2022,2022,Y,Y,N,Y,N,87,Serato,
2022-02-15,Embryonic,Blackbird Belle,Microcosm,2021,N,Y,N,Y,N,81,Serato,
2022-02-15,euphoria,howiewonder,pathways,2021,N,Y,N,Y,N,113,Serato,Loop end and fade out
2022-02-15,Phasing Through,Dominant,Prismatic,2019,N,Y,N,Y,N,177,Serato,Loop beginning and mic
2022-02-15,Africa,D'Angelo,Voodoo,2000,Y,N,N,N,N,373,Serato,
2022-02-15,Detroit will rise again,Chicago Soul Jazz Collective,It Takes a Spark to Start a Fire,2020,Y,Y,N,N,N,543,Serato - Tidal,Loop end and mic
2022-02-15,Yeh Yeh,"Ben Hauke, Nubya Garcia",First Takes,2018,Y,Y,N,N,N,334,Serato - Tidal,
2022-02-15,Dapper (feat. Anderson .Paak),Domo Genesis,Genesis,2016,N,N,N,N,N,193,Serato - Tidal,
2022-02-15,Design A Nation,Donald Byrd,Stepping Into Tomorrow,1975,Y,N,N,N,N,260,Serato - Tidal,
2022-02-15,Games Begin,Del Tha Funkee Homosapien,Future Development,1998,N,N,N,N,N,248,Serato - Tidal,Loop beginning and mic
2022-02-15,9th Wonder (Blackitolism),Digable Planets,Blowout Comb,1994,N,N,N,N,N,267,Serato - Tidal,
2022-02-15,"The Signs, Part One",David Axelrod,The Edge: David Axelrod At Capitol Records 1966-1970,1970,Y,N,N,N,N,224,Serato - Tidal,
2022-02-15,Librium,Chicken Curry & His Pop Percussion Orchestra,Funky Chicken: Belgian Grooves From The 70's,2014,Y,Y,N,N,N,230,Serato - Tidal,
2022-02-15,Noche de Amor,Juancho Vargas con Ondatropica,Selva Selects: Thunderclaps,2020,Y,Y,N,N,N,443,Serato - Booth,
2022-02-22,Prologue,Les Louanges,Crash,2022,Y,N,Y,Y,N,103,Serato,
2022-02-22,Caribou,Busty and the Bass,Airplanes / Caribou,2022,Y,Y,N,Y,N,307,Serato - Tidal,
2022-02-22,Memory Leaves,"Anomalie, Masego",Galerie,2022,Y,N,N,Y,N,196,Serato - Tidal,
2022-02-22,Introductions,Ljones,Soul Below,2012,N,Y,N,Y,N,170,Serato,Loop end and fade out
2022-02-22,Nights at NBS,Dr. MaD,People Tape Vol. 3,2020,N,N,N,Y,N,56,Serato,
2022-02-22,When Your Lover Has Gone,Makaya McCraven,Deciphering The Message,2021,Y,Y,Y,N,N,131,Serato,
2022-02-22,autumn leaves,WTCHDCTR,NTTLD,2016,N,Y,N,Y,Y,189,Serato,
2022-02-22,For Ras G,Ol' Burger Beats,Loft,2021,N,Y,N,N,N,142,Serato,
2022-02-22,M'Bassa,Lamont Johnson,Mainstream Funk,2021,Y,Y,Y,N,N,438,Serato,
2022-02-22,Bluetopia,Moka Only,Martian XMAS 2021,2021,N,N,N,Y,N,130,Serato,Loop end and mic
2022-02-22,Forever Flowing (Full Album),DATSUNN,Forever Flowing,2022,N,N,N,Y,N,1419,Serato,
2022-02-22,#1,"Fatima, Joe Armon-Jones",#1,2022,Y,N,N,N,N,393,Serato - Tidal,Loop beginning and mic
2022-02-22,Breath,"Kaidi & NK-OK, Theo Croker",The Sounds of Afrotronica,2021,Y,Y,N,N,N,251,Serato - Tidal,
2022-02-22,Sueno Con Mexico,Lance Ferguson,"Rare Groove Spectrum, Vol. 2",2022,Y,Y,N,N,N,379,Serato - Tidal,Loop beginning and mic
2022-02-22,Make Tracks,US3,Hand On The Torch - 20th Anniversary Edition,1993,Y,N,N,N,N,285,Serato - Tidal,
2022-02-22,Family Tree,St Germain,St Germain,2015,Y,Y,N,N,N,474,Serato - Tidal,Record
2022-03-01,Shelter in Place Side A,Thes One,Shelter in Place,2022,N,Y,N,N,N,1208,Serato - Tidal,
2022-03-01,Gaston,Les Louanges,Crash,2022,Y,N,Y,Y,N,44,Serato,
2022-03-01,The Garden (Feat. Wendell Harrison),Ol' Burger Beats,Loft,2022,N,Y,N,N,N,181,Serato,
2022-03-01,Fourth,Potelin,2022,2022,N,Y,N,Y,N,107,Serato,
2022-03-01,Elephant Song,Sargeant X Comrade,The Elephant In The Room,2021,N,N,Y,Y,Y,197,Serato,
2022-03-01,Shivery Shift,Moka Only,Martian XMAS 2021,2021,N,N,N,Y,N,93,Serato,Loop intro and mic
2022-03-01,mangoes,blackmagic.,The Long Road,2021,N,Y,N,Y,N,126,Serato,
2022-03-01,Be Encouraged,Kiefer,Superbloom,2019,Y,Y,N,N,N,221,Serato,
2022-03-01,coffee,howiewonder,pathways,2021,N,Y,N,Y,N,154,Serato,Fade in
2022-03-01,Soulsea,"Gary Bartz, Ali Shaheed Muhammad & Adrian Younge",Gary Bartz JID 006,2021,Y,Y,N,N,N,120,Serato,
2022-03-01,Hurry,Koralle & Kuranes,Beat Kiosk,2021,N,Y,N,N,N,132,Serato,
2022-03-01,A certain smile,Mr. Moods,Mad blunted jazz vol 3,2014,N,Y,N,Y,N,228,Serato,
2022-03-01,Traneing In,Muriel Grossmann,UNION,2021,Y,Y,N,N,N,689,Serato,Loop intro and mic
2022-03-01,Dancing Again Pt.1,Bentley & Horatio Luna,Less Thinking More Dancing,2021,Y,Y,N,N,N,369,Serato,Loop intro and mic
2022-03-01,Dancing Again Pt. 2,Bentley & Horatio Luna,Less Thinking More Dancing,2021,Y,Y,N,N,N,429,Serato,Fade out
2022-03-01,Melodi Pt 1,Kit Sebastian,Melodi,2021,Y,N,N,N,N,117,Serato,
2022-03-01,Melodi Pt 2,Kit Sebastian,Melodi,2021,Y,N,N,N,N,218,Serato,
2022-03-01,SOUL CONNECTION,John Patton,SOUL CONNECTION,2022,Y,Y,N,N,N,585,Serato,
2022-03-08,Only Fan of the Space Program,untrained animals,Stranded Somewhere on the Planet Fantastic,2022,Y,Y,Y,Y,Y,190,Serato,
2022-03-08,Return (Feat. Ralph Thomas),Ol' Burger Beats,Loft,2022,Y,Y,N,N,N,187,Serato,
2022-03-08,Country Fried,DJ Harrison,Tales From The Old Dominion,2022,N,N,Y,N,N,103,Serato,
2022-03-08,GREENPOINT,"Local Talent, Projectwhatever",REMOTISM,2022,Y,Y,N,Y,N,269,Serato,
2022-03-08,EXTENSIONS,John Patton,SOUL CONNECTION,2022,Y,Y,N,N,N,413,Serato,
2022-03-08,Eulogy (Feat. BRAINiac),The Dough Boys,The Dough Boys,2021,Y,N,N,Y,N,179,Serato,
2022-03-08,Wail Bait,Makaya McCraven,Deciphering The Message,2021,Y,Y,Y,N,N,129,Serato,
2022-03-08,Low Tide,Bentley & Horatio Luna,Less Thinking More Dancing,2021,Y,Y,N,N,N,372,Serato,
2022-03-08,CODES,Opek,Corners,2021,Y,Y,N,N,N,201,Serato,"Loop end, mic throughout"
2022-03-08,howugonpretend,howiewonder,pathways,2021,N,N,N,Y,N,216,Serato,
2022-03-08,Space 6,Nala Sinephro,SPACE 1.8,2021,Y,Y,N,N,N,269,Serato,
2022-03-08,Union,Muriel Grossmann,UNION,2021,Y,Y,N,N,N,500,Serato,
2022-03-08,Peruggia (feat. Educut),"Devaloop, Ryler Smith",Eternal Dreams,2021,N,Y,N,N,N,158,Serato - Tidal,Loop intro and mic
2022-03-08,A Piece of Havana,Lou Piensa,The World is You,2018,N,N,N,Y,N,303,Serato - Tidal,
2022-03-08,The Journey (Insturmental),The Deli,Daydreaming Instrumentals,2017,N,Y,N,N,N,140,Serato - Tidal,
2022-03-08,The Offering,Darkhouse Family,The Offering,2017,Y,N,N,N,N,173,Serato - Tidal,
2022-03-08,Melanin,Ashley Henry,Melanin,2022,Y,Y,N,N,N,260,Serato - Tidal,
2022-03-08,Déziel,Les Louanges,Crash,2022,Y,Y,Y,Y,N,57,Serato,
2022-03-08,Real Good,"Blue Lab Beats, Jerome Thomas",Motherland Journey,2022,Y,N,N,N,N,207,Serato - Tidal,Loop intro and mic
2022-03-08,Come Touch The Sun,Mo' Horizons,Come Touch The Sun,1999,Y,Y,N,N,N,327,Serato - Tidal,
2022-03-08,Quiet Afternoon,Buddy Terry,Mainstream Funk,2022,Y,Y,Y,N,N,613,Serato - Booth,
2022-03-15,Sunrise,DeKobe,Left Behind,2017,N,Y,N,Y,N,165,Serato - Tidal,
2022-03-15,I Love You (Outro),falcxne,Timbits Outro - Half Dozen,2018,N,N,N,Y,N,195,Serato - Tidal,Fade out
2022-03-15,Shining,Trog'low,Jazz Joints,2018,N,Y,N,Y,N,148,Serato - Tidal,
2022-03-15,Sunrose,"Lou Piensa, Dr. MaD, the Loop Pilots",And Then...The Sea,2015,N,Y,N,Y,N,250,Serato - Tidal,
2022-03-15,Film '68,Datsunn,Familiar Faces,2019,N,Y,N,Y,N,128,Serato - Tidal,
2022-03-15,Sprung,Tendavillage,A Tenda Universe - EP,2021,N,N,Y,Y,Y,263,Serato,
2022-03-15,Locanda Paradiso,Koralle & Kuranes,Beat Kiosk,2021,N,Y,N,N,N,140,Serato,
2022-03-15,Autumn Groove,Ljones,Soul Below,2012,N,Y,N,Y,N,193,Serato,
2022-03-15,Make Your Moves (Instrumental),DK,Soul Expressions: Instrumentals,2020,N,Y,N,Y,N,186,Serato,
2022-03-15,Vent (Instrumental),Ol' Burger Beats,Monologue.,2021,N,Y,N,N,N,132,Serato - Tidal,
2022-03-15,RVA Follies,DJ Harrison,Tales From The Old Dominion,2022,N,Y,Y,N,N,110,Serato,
2022-03-15,Betcha Can't Guess My Sign,Prophecy,Mainstream Funk,2021,Y,N,Y,N,N,176,Serato,
2022-03-15,UNTIL,Jon Batiste,We Are,2021,Y,N,N,N,N,64,Serato,
2022-03-15,Feed Infinite,Binker and Moses,Feeding the Machine,2022,Y,Y,N,N,N,530,Serato - Tidal,
2022-03-15,Urban Shaman,Kahil El’Zabar Quartet,A Time for Healing,2022,Y,Y,N,N,N,642,Serato - Tidal,
2022-03-15,Call For All Demons,Philadelphia Experiment,Philadelphia Experiment,2004,Y,Y,N,N,N,326,Serato - Tidal,
2022-03-15,Far Beyond,Lance Ferguson,"Rare Groove Spectrum, Vol. 2",2022,N,Y,N,N,N,372,Serato - Tidal,
2022-03-15,Zeytin,"Testiculo y Uno, Hulk Hodn",Two,2020,N,Y,N,N,N,179,Serato - Tidal,
2022-03-15,Theme for Us,"Scrimshire, Joshua Idehen, Chip Wickham",Listeners,2019,Y,N,N,N,N,448,Serato - Tidal,
2022-03-15,It's The Right Thing,Pete Yellin,Mainstream Funk,2021,Y,Y,Y,N,N,567,Serato - Booth,
2022-03-22,THE DEVIL MAY CRY,"Local Talent, Projectwhatever",REMOTISM,2022,Y,Y,N,Y,N,248,Serato,
2022-03-22,2021 Disco feat. Stimulator Jones,DJ Harrison,Tales From The Old Dominion,2022,N,N,Y,N,N,219,Serato,
2022-03-22,Relative Calm,Ziad Rahbani,Houdou Nisbi,1985,Y,Y,Y,N,N,272,Serato,
2022-03-22,Bolero,Les Louanges,Crash,2022,N,N,Y,Y,N,169,Serato,
2022-03-22,Cs60,BADBADNOTGOOD,III,2014,Y,Y,N,Y,N,413,Serato,
2022-03-22,pneumonia in my fist,bsd.u,can't remember,2020,N,N,N,Y,N,136,Serato,
2022-03-22,Synergy,Kawfee,Fate Will Lead The Way,2017,N,Y,N,Y,N,72,Serato,
2022-03-22,Rhodes Interlude,Potelin,Août,2020,N,Y,N,Y,N,121,Serato,
2022-03-22,choices,howiewonder,pathways,2021,N,Y,N,Y,N,116,Serato,
2022-03-22,This Beat,The Jazzual Suspects,Mushroom Jazz 6,2008,N,Y,N,N,N,290,Serato - Tidal,Loop mid and mic
2022-03-22,Beatin' Tha Breaks (Freddie Joachim Remix),Magic in Threes,Beatin' Tha Breaks,2015,N,Y,N,N,N,248,Serato - Tidal,
2022-03-22,The Smoke (Dennis Bovell RMX),The Smile,The Smoke (Dennis Bovell RMX),2022,Y,Y,N,N,N,304,Serato - Tidal,
2022-03-22,"Sabbat pt 1, 2 & 3",Cortex,Troupeau Bleu,1975,Y,Y,N,N,N,292,Serato - Tidal,
2022-03-22,On Love,David T. Walker,On Love,1976,Y,Y,N,N,N,298,Serato - Tidal,
2022-03-22,"Capricorn (Live From The Troubadour, Los Angeles, CA/1972)",Cannonball Adderley,"Music, You All",1972,Y,N,N,N,N,305,Serato - Tidal,
2022-03-22,Siesta / Wake Up / That's What I Said,Billy Cobham,Life & Times,1976,Y,Y,N,N,N,237,Serato - Tidal,
2022-03-22,The World Is Yours (Ashley Henry Version),"Ashley Henry, The RE: Ensemble",Easter - EP,2018,Y,Y,N,N,N,317,Serato - Tidal,
2022-03-22,Hold Tight (Instrumental),"Slum Village, Abstract Orchestra","Fantastic 2020, Vol. 1",2019,Y,Y,N,N,N,387,Serato - Tidal,
2022-03-22,Hydra,"Grover Washington, Jr.",Feels So Good,1975,Y,Y,N,N,N,549,Serato - Tidal,RECORD
2022-03-29,Hummingbird,"Anomalie, Bad Snacks",Galerie,2022,Y,Y,N,Y,N,196,Serato - Tidal,
2022-03-29,What Matters,Elaquent,Bedtime Stories III,2022,N,N,N,Y,N,74,Serato - Tidal,
2022-03-29,Beachside Thoughts,Jonny Tobin,Together,2022,N,Y,N,Y,N,338,Serato - Tidal,
2022-03-29,Summer Squall,Trog'low,Midnight Calisthenics,2021,N,Y,N,Y,N,180,Serato - Tidal,
2022-03-29,Smooth AF,grindmaster,Bedhead,2021,N,Y,N,Y,N,136,Serato - Tidal,
2022-03-29,Bonzai View,Potatohead People,20 Years of Bastard Jazz,2021,N,Y,N,Y,N,212,Serato - Tidal,
2022-03-29,Kawai Voyage,DJ Harrison,Tales From The Old Dominion,2022,N,Y,Y,N,N,210,Serato,"Loop in, Fade out"
2022-03-29,Impressions (Feat. Ralph Thomas),Ol' Burger Beats,Loft,2022,N,Y,N,N,N,184,Serato,
2022-03-29,Daisy on board,Mr. Moods,Mad blunted jazz vol 3,2014,N,N,N,Y,N,271,Serato,Loop end and mic
2022-03-29,Matrix,Mike Longo,Mainstream Funk,2021,Y,Y,Y,N,N,317,Serato,
2022-03-29,For Sure,Ziad Rahbani,Houdou Nisbi,1985,Y,N,Y,N,N,162,Serato,
2022-03-29,B Side,Khruangbin,Texas Moon,2022,N,N,Y,N,N,274,Serato,Loop end and mic
2022-03-29,Old Eye,Ivan Ave,Every Eye,2017,Y,N,N,N,N,262,Serato - Tidal,
2022-03-29,Escapism (Gettin' Free),Digable Planets,Reachin' (A New Refutation Of Time And Space),1993,N,N,N,N,N,204,Serato - Tidal,
2022-03-29,Leopold,The Jazzual Suspects,The Jazzual Suspects,2018,Y,Y,N,N,N,279,Serato - Tidal,
2022-03-29,Cookin' Up,Jack Wolff,"East Mids, Vol. 19",2019,Y,Y,N,N,N,127,Serato - Tidal,
2022-03-29,Award Tour (We Gettin' Down),Soul Supreme,Award Tour (We Gettin' Down),2022,Y,Y,N,N,N,300,Serato - Tidal,
2022-03-29,Wildflower feat. Aleh,Robohands,Wildflower,2022,Y,N,N,N,N,178,Serato - Tidal,Loop intro and mic
2022-03-29,Great Divide,Carsten Rubeling,Volk // People,2019,Y,Y,N,Y,Y,239,Serato - Tidal,
2022-03-29,Captured Time,Portico Quartet,Next Stop,2022,Y,Y,N,N,N,264,Serato - Tidal,
2022-03-29,Riders on the Storm,Yonderboi,Shallow and Profound,2001,Y,Y,N,N,N,259,Serato - Tidal,
2022-03-29,Love is the Message,"Yussef Dayes, Alfa Mist, Mansur Brown",Love is the Message,2018,Y,Y,N,N,N,450,Serato - Tidal,
2022-04-12,Mariella,Khruangbin,Texas Moon,2022,N,N,Y,N,N,310,Serato,
2022-04-12,Glorious Day feat. Billy Mercury,DJ Harrison,Tales From The Old Dominion,2022,N,N,Y,N,N,157,Serato,
2022-04-12,Chaperon,Les Louanges,Crash,2022,N,N,Y,Y,N,196,Serato,
2022-04-12,ADULTHOOD (feat. Hot 8 Brass Band),Jon Batiste,We Are,2021,N,N,Y,N,N,223,Serato,
2022-04-12,po33 2,bsd.u,po33,2019,N,Y,N,Y,N,40,Serato,
2022-04-12,FromTheSky,$irrebral,SOUL TAPE,2020,N,N,N,Y,N,114,Serato,
2022-04-12,obligatory soul joint,funkywhat,quaranteen qook up,2020,N,Y,N,Y,N,103,Serato,
2022-04-12,Rose Water,Ljones,Summer Bumps Vol 02,2021,N,Y,N,Y,N,132,Serato,
2022-04-12,AIR FILTERED,Laizlo,laizlo;;edits,2020,N,N,N,Y,N,79,Serato,
2022-04-12,return2u,Dec'or,Shade Tapes,2021,N,Y,N,Y,N,95,Serato,
2022-04-12,The Kitchen,Karavelo,The Cookbook Vol. 1,2019,N,Y,N,Y,N,71,Serato,
2022-04-12,Based Is How You Feel Inside,BADBADNOTGOOD,BBNG,2011,N,Y,N,Y,N,82,Serato,
2022-04-12,Ciudad De México,Tarik Robinson,Unión Latinoamericana (Beat Tape),2019,N,Y,N,Y,Y,228,Serato,
2022-04-12,My Friend feat. Arto Lindsay,Kassa Overall,Go Get Ice Cream and Listen to Jazz,2019,Y,N,N,N,N,348,Serato - Tidal,Loop intro and mic
2022-04-12,Save,Sen Morimoto,Sen Morimoto,2020,N,N,N,N,N,154,Serato - Tidal,
2022-04-12,7th Seal,Freestyle Fellowship,To Whom It May Concern,1991,N,N,N,N,N,323,Serato - Tidal,
2022-04-12,Time To Rock Our Shit,People Under The Stairs,The Next Step,1998,N,N,N,N,N,323,Serato,
2022-04-12,Solitary Sanctuary,Stu Phillips,Jud (Music From The Original Soundtrack),1970,N,Y,N,N,N,117,Serato,
2022-04-12,Moments Avec Toi,Dday One,Manu Propria,2022,N,Y,N,N,N,205,Serato - Tidal,Loop intro and mic
2022-04-12,Rain,"Jimpster, Cairo",Birdhouse,2022,N,N,N,N,N,236,Serato - Tidal,
2022-04-12,Drive Beats (Spanish Remix),Kero One,Drive,2022,N,Y,N,N,N,227,Serato - Tidal,
2022-04-12,Vacation (feat. J. Live),Jazz Liberatorz,Clin d'oeil,2008,N,N,N,N,N,292,Serato - Tidal,
2022-04-12,Checkmate,King Garbage,Heavy Metal Greasy Love,2022,N,N,N,N,N,119,Serato - Tidal,
2022-04-12,Let Em Talk,King Garbage,Heavy Metal Greasy Love,2022,N,N,N,N,N,243,Serato - Tidal,
2022-04-12,Midnight Ceremony,Boobjazz,Needs (not wants) - Retrospective,2022,N,Y,N,N,N,408,Serato - Tidal,
2022-04-12,Levin's Lope,Nicholas Payton,Smoke Sessions,2021,Y,Y,N,N,N,408,Serato - Tidal,RECORD
2022-04-19,In Tune (feat. Amir Sulaiman),Robert Glasper,Black Radio III,2022,Y,N,Y,N,N,199,Serato,
2022-04-19,"Black Superhero (feat. Killer Mike, BJ the Chicago Kid and Big K.R.I.T.)",Robert Glasper,Black Radio III,2022,Y,N,Y,N,N,260,Serato,
2022-04-19,Coffy feat. Nigel Hall,DJ Harrison,Tales From The Old Dominion,2022,N,N,Y,N,N,61,Serato,
2022-04-19,Doris,Khruangbin,Texas Moon,2022,N,N,Y,N,N,230,Serato,
2022-04-19,Impressions,Anzola,Bodega,2022,N,Y,N,Y,N,180,Serato - Tidal,
2022-04-19,Rose Petals,Elaquent,Bedtime Stories III,2022,N,Y,N,Y,N,168,Serato - Tidal,
2022-04-19,Due Time,"Mecca:83, Jonny Tobin",Due Time,2020,N,Y,N,Y,N,218,Serato - Tidal,
2022-04-19,In Cooler Climes,Trog'low,Nostalgia Pieces 1,2021,N,Y,N,Y,N,154,Serato - Tidal,
2022-04-19,Cookie Man,TWO-BIT,Euphony,2021,N,Y,N,Y,N,56,Serato - Tidal,
2022-04-19,Downtown Solitude,Tommyhil,Pinner,2021,N,Y,N,Y,N,150,Serato - Tidal,
2022-04-19,Jasper,Docta Swatch,"Precious Gems, Vol. 3",2021,N,Y,N,Y,N,109,Serato - Tidal,
2022-04-19,(Love Is) Just a Game,bsd.u,A Sad Kind of Bliss,2016,N,N,N,Y,N,54,Serato - Tidal,
2022-04-19,Carluccio,Loyle Carner,"Not Waving, But Drowning",2019,N,N,N,N,N,192,Serato - Tidal,Loop intro and mic
2022-04-19,Morning Scapes (Instrumental),Jazzanova,Of All the Things (Instrumentals),2019,N,Y,N,N,N,250,Serato - Tidal,
2022-04-19,Magnetic,Kiefer,Happysad,2018,N,Y,N,N,N,235,Serato - Tidal,Loop outro and mic
2022-04-19,Sweeter (feat. Jerome Thomas),melo-zed,Zachary,2019,N,N,N,N,N,134,Serato - Tidal,
2022-04-19,Thru You,"Scrimshire, Georgia Anne Muldrow",Listeners,2019,Y,N,N,N,N,238,Serato - Tidal,
2022-04-19,You Ain't Fly,The Roots,Do You Want More?!!!??!,1995,N,N,N,N,N,283,Serato - Tidal,
2022-04-19,"Now (Pink Triangle, Blue Valley)",Alabaster Deplume,GOLD,2022,Y,Y,N,N,N,426,Serato - Tidal,
2022-04-19,Time for Learning,Pete Rock,Petestrumentals 4,2022,N,Y,N,N,N,255,Serato - Tidal,Loop intro and mic
2022-04-19,Outer Space,Peter Somuah,Outer Space,2022,Y,Y,N,N,N,378,Serato - Tidal,
2022-04-19,The Griot,"Henry Franklin, Adrian Younge, Ali Shaheed Muhammad",Henry Franklin JID014,2022,Y,Y,N,N,N,270,Serato - Tidal,
2022-04-19,Capture This,Gianni Brezzo,Capture This,2022,Y,Y,N,N,N,225,Serato - Tidal,
2022-04-19,Never Die,King Garbage,Heavy Metal Greasy Love,2022,N,N,N,N,N,489,Serato - Tidal,
2022-04-26,Merry Go Round,"Busty and the Bass, STS",Memories About You,2022,N,N,N,Y,N,211,Serato - Tidal,
2022-04-26,CONTROL CENTER (feat. Autobahn Trio),"Local Talent, Projectwhatever",REMOTISM,2022,Y,Y,N,Y,N,198,Serato,
2022-04-26,Early Morning Euphoria,Monodrone,Customer Service,2021,N,Y,N,Y,Y,404,Serato,
2022-04-26,Loner,Kawfee,Fate Will Lead The Way,2017,N,Y,N,Y,N,128,Serato,
2022-04-26,PRODUCTION,PRO-V,PRO-V - PRO KNOWS...CKUT,2018,N,Y,N,Y,N,184,Serato,
2022-04-26,IN MY EYES,Laizlo,laizlo;;edits,2020,N,N,N,Y,N,72,Serato,
2022-04-26,love³,Trog'low,Love Forever [side B],2019,N,Y,N,Y,N,171,Serato,
2022-04-26,Spiritual State,"Nujabes, The Champloo",Spiritual State,2022,Y,Y,N,N,N,417,Serato - Tidal,
2022-04-26,Falling to Pieces,Birocratic,Wrapped Up / Falling to Pieces,2021,N,Y,N,N,N,227,Serato - Tidal,Loop intro and mic
2022-04-26,Roman Plumbing feat. Kristian Harborg,Axel Boman,Quest for fire,2022,N,N,N,N,N,353,Serato - Tidal,Introduce in intro
2022-04-26,JAZZ IS DEAD (feat. Gary Bartz & Kassa Overall),"Theo Croker, Gary Bartz, Kassa Overall",LOVE QUANTUM,2022,Y,N,N,N,N,307,Serato - Tidal,
2022-04-26,Family,HNNY,Family,2022,Y,Y,N,N,N,173,Serato - Tidal,
2022-04-26,Jazz Potato,Mr Scruff,Mrs Cruff,1997,Y,Y,N,N,N,365,Serato - Tidal,Loop intro and mic
2022-04-26,Autumn Rain,Freddie Joachim,Midway,2010,N,Y,N,N,N,141,Serato - Tidal,
2022-04-26,Have You Ever Been [To Electric Ladyland],DJ Harrison,Tales From The Old Dominion,2022,N,N,Y,N,N,104,Serato,
2022-04-26,Sip Into Something Soft (Teebs Remix),Hiatus Kaiyote,Mood Variant,2022,N,N,Y,N,N,183,Serato,
2022-04-26,Over (feat. Yebba),Robert Glasper,Black Radio III,2022,Y,N,Y,N,N,295,Serato,
2022-04-26,Thirst (Feat. BRAINiac),The Dough Boys,The Dough Boys,2021,Y,N,N,Y,N,190,Serato,
2022-04-26,What It Seems Feat Skyzoo and Rome Streetz,Ghettosocks x DK,What It Seems,2022,N,N,N,Y,N,240,Serato,Loop intro and mic
2022-04-26,Watercolours,Allysha Joy,Light It Again,2020,N,N,N,N,N,268,Serato - Tidal,
2022-04-26,Thinkin of,Kiefer,Happysad,2018,Y,Y,N,N,N,153,Serato - Tidal,
2022-04-26,Prayer,Joel Ross,The Parable of the Poet,2022,Y,Y,Y,N,N,465,Serato - Booth,
2022-05-03,Squeez'n,AlexInTheMiddle,Short And Sweet,2021,N,N,N,Y,N,131,Serato,
2022-05-03,Please Do Not Lean,"Daniel Caesar, Badbadnotgood",Please Do Not Lean,2022,N,N,N,Y,N,240,Serato - Tidal,
2022-05-03,Memories About You,"Busty and the Bass, STS, Jordan Brown",Memories About You,2022,N,N,N,Y,N,230,Serato - Tidal,
2022-05-03,Generations,"Anomalie, Shad",Galerie,2022,Y,N,N,Y,N,226,Serato - Tidal,
2022-05-03,Grammy Snubnose,Fly Anakin,Frank,2022,N,N,Y,N,N,154,Serato,
2022-05-03,Red Room (Nick Hakim Remix),Hiatus Kaiyote,Mood Variant,2022,N,N,Y,N,N,299,Serato,FADE OUT
2022-05-03,Awake,Jonny Tobin,Together,2022,Y,Y,N,Y,N,217,Serato - Tidal,
2022-05-03,Everybody Love (feat. Musiq Soulchild and Posdnuos),Robert Glasper,Black Radio III,2022,Y,N,Y,N,N,303,Serato,FADE OUT
2022-05-03,Spectre (Theo Kottis Remix),Emma-Jean Thackray,Spectre (Theo Kottis Remix),2022,Y,N,N,N,N,290,Serato - Tidal,Loop intro and mic
2022-05-03,SMiLE,DOMi & JD BECK,SMiLE,2022,Y,Y,N,N,N,191,Serato - Tidal,Loop outro and mic
2022-05-03,Jazzberry Patch,Jazzberry Patch,Jazzberry Patch,1977,Y,Y,N,N,N,1194,Serato,
2022-05-03,City Lights,"Peter Somuah, Delasi",Outer Space,2022,Y,N,N,N,N,212,Serato - Tidal,Loop intro and mic
2022-05-03,Love Life Hope,"Fatima, Joe Armon-Jones",Tinted Shades,2022,Y,N,N,N,N,388,Serato - Tidal,
2022-05-03,Why We Speak (feat. Q-Tip and Esperanza Spalding),Robert Glasper,Black Radio III,2022,Y,N,Y,N,N,379,Serato,Loop intro and mic
2022-05-03,Levada (feat. Dal),FloFilz,Close Distance,2022,Y,Y,N,N,N,247,Serato,
2022-05-03,Intro (Grooveman Spot Remix),DJ Mitsu The Beats,"Re New Awakening, Pt. 2",2008,Y,N,N,N,N,448,Serato - Tidal,
2022-05-10,Love Don't Mean a Thing,Tanika Charles,Papillon de Nuit,2022,N,N,Y,Y,N,253,Serato,
2022-05-10,Grass is blue,MODLEE,SOUL URGE,2022,N,N,Y,Y,N,302,Serato,
2022-05-10,LIGHTS OUT,AlexInTheMiddle,WONDERLOVE,2022,N,N,N,Y,N,239,Serato - Tidal,
2022-05-10,Dribble,Anomalie,Galerie,2022,Y,Y,N,Y,N,210,Serato - Tidal,
2022-05-10,The Masters (feat. C.L. Smooth & El Da Sensei),"Ghettosocks, DK",The Masters (feat. C.L. Smooth & El Da Sensei),2022,N,N,N,Y,N,273,Serato - Tidal,
2022-05-10,doused in indigo,Monodrone,???????????????,2022,N,Y,N,Y,Y,279,Serato,
2022-05-10,Tie Break (Radio Edit),Sly5thAve & Roberto Verástegui,Agua de Jamaica,2022,Y,Y,Y,N,N,258,Serato,
2022-05-10,Saturday Night Special,Jazzanova,Strata Records - The Sound of Detroit - Reimagined By Jazzanova,2022,Y,Y,Y,N,N,372,Serato,Loop intro and mic
2022-05-10,Move Different,Werkha,All Werk is Play,2022,Y,N,N,N,N,251,Serato - Tidal,
2022-05-10,Kepler-22b,King Gizzard & The Lizard Wizard,Omnium Gatherum,2022,Y,N,N,N,N,192,Serato - Tidal,
2022-05-10,Left Right Goodnight,Bentley,Lazybones,2022,Y,Y,N,N,N,533,Serato - Tidal,
2022-05-10,TO BE WE (feat. Jill Scott),Theo Croker,LOVE QUANTUM,2022,Y,N,N,N,N,286,Serato - Tidal,Loop intro and mic
2022-05-10,Il Sole,Gianni Brezzo,Il Sole,2022,Y,Y,N,N,N,261,Serato - Tidal,
2022-05-10,Sunbeam Symphony,Third Attempt,Sunbeam Symphony,2022,Y,Y,N,N,N,291,Serato - Tidal,Mic at end (purple cue)
2022-05-10,Tinted Shades,"Fatima, Joe Armon-Jones",Tinted Shades,2022,Y,N,N,N,N,304,Serato - Tidal,Loop intro
2022-05-10,Something's Going On,Kokoroko,Could We Be More,2022,Y,N,N,N,N,312,Serato - Tidal,
2022-05-10,Dust On The Curb (feat. Summers Sons & C.Tappin),FloFilz,Close Distance,2022,Y,N,N,N,N,254,Serato - Tidal,
2022-05-10,Rose Rouge,Jorja Smith,Blue Note Re:Imagined,2020,Y,N,N,N,N,359,Serato - Booth,
2022-05-17,Root In 7-4 Plus,Jazzanova,Strata Records - The Sound of Detroit - Reimagined By Jazzanova,2022,Y,N,Y,N,N,600,Serato,
2022-05-17,Wonder,MODLEE,SOUL URGE,2022,N,N,Y,Y,N,104,Serato,
2022-05-17,Different Morning feat DijahSB,Tanika Charles,Papillon de Nuit,2022,N,N,Y,Y,N,304,Serato,
2022-05-17,Out Of My Hands (feat. Jennifer Hudson),Robert Glasper,Black Radio III,2022,Y,N,Y,N,N,335,Serato,Fade out
2022-05-17,Red Room (Ki Pharaoh Basement Edit),Hiatus Kaiyote,Mood Variant,2022,N,N,Y,N,N,244,Serato,
2022-05-17,Waves (Reprise),"Busty and the Bass, STS",KARNEVAL,2022,Y,N,N,Y,N,57,Serato - Tidal,
2022-05-17,I'M IN LOVE!,Parallel,katharos,2022,N,N,N,Y,Y,82,Serato - Tidal,
2022-05-17,Come Running to Me,Anomalie,Galerie,2022,Y,Y,N,Y,N,220,Serato - Tidal,
2022-05-17,Carousel (Interlude),"Busty and the Bass, STS",KARNEVAL,2022,Y,Y,N,Y,N,38,Serato - Tidal,Loop outro and mic
2022-05-17,United in Grief,Kendrick Lamar,Mr. Morale & The Big Steppers,2022,N,N,N,N,N,255,Serato - Tidal,
2022-05-17,Let It!,Allysha Joy,Torn : Tonic,2022,Y,N,N,N,N,312,Serato - Tidal,
2022-05-17,BLACK MAN,Butcher Brown,BLACK MAN,2022,Y,N,N,N,N,175,Serato - Tidal,
2022-05-17,Il Consiglio,Gianni Brezzo,Tutto Passa,2022,Y,Y,N,N,N,280,Serato - Tidal,
2022-05-17,Skybox (feat. Blue Lab Beats),FloFilz,Close Distance,2022,Y,Y,N,N,N,181,Serato,
2022-05-17,Ebun,"Adrian Younge, Ali Shaheed Muhammad, Tony Allen",Jazz Is Dead 011,2022,Y,Y,N,N,N,339,Serato - Tidal,Loop intro and mic
2022-05-17,San Juan Sunset,Deodato,Love Island,1978,Y,Y,N,N,N,255,Serato - Tidal,
2022-05-17,Path to Macondo / Those Kind of Blues,Brian Jackson,Path to Macondo / Those Kind of Blues,2022,Y,N,N,N,N,371,Serato - Tidal,
2022-05-17,Drum Talk (Run’n in the Streets),Kahil El’Zabar Quartet,A Time for Healing,2022,Y,Y,N,N,N,407,Serato,
2022-05-17,Weird Fishes,Lianne La Havas,Lianne La Havas,2020,Y,N,N,N,N,354,Serato - Tidal,
2022-05-17,Story and Her (Instrumental),Black Milk,If There's a Hell Below Instrumentals,2014,Y,Y,N,N,N,371,Serato,
2022-05-24,familiar walls,Monodrone,???????????????,2022,N,Y,N,Y,Y,225,Serato,
2022-05-24,Be u,MODLEE,SOUL URGE,2022,N,N,Y,Y,N,158,Serato,
2022-05-24,Nights I Remember,AlexInTheMiddle,Nights I Remember,2021,N,N,N,Y,N,130,Serato - Tidal,
2022-05-24,Mollo,Anomalie,Galerie,2022,Y,Y,N,Y,N,114,Serato - Tidal,
2022-05-24,Virgo,Jonny Tobin,Earth Signs,2019,N,Y,N,Y,N,266,Serato - Tidal,
2022-05-24,In Our Blood,Atamone,Nitespliffs,2017,N,Y,N,Y,N,102,Serato - Tidal,
2022-05-24,Sunday Morning,Kawfee,Heartburn,2017,N,Y,N,Y,N,121,Serato - Tidal,
2022-05-24,Do My Hands Look Like a Funny Color?,Karavelo,The Good Universe,2017,N,Y,N,Y,N,111,Serato - Tidal,
2022-05-24,Flickering,Laizlo,Swirling,2019,N,Y,N,Y,N,109,Serato - Tidal,
2022-05-24,Lift Off,DeKobe,Interlude,2018,N,Y,N,Y,N,191,Serato - Tidal,
2022-05-24,Jazzy Tonight,Dominant,Springtime,2020,N,Y,N,Y,N,181,Serato - Tidal,
2022-05-24,Sublimation,Schemes,Schemes,2019,N,N,N,Y,N,228,Serato - Tidal,
2022-05-24,The Wanderer,Sly5thAve & Roberto Verástegui,Agua de Jamaica,2022,Y,N,Y,N,N,353,Serato,Loop intro and mic
2022-05-24,And We Go Gentle (DJ Khalil Remix),Hiatus Kaiyote,Mood Variant,2022,N,N,Y,N,N,271,Serato,
2022-05-24,Pick up Football,Werkha,All Werk Is Play,2022,N,N,N,N,N,278,Serato - Tidal,Loop intro and mic
2022-05-24,Gotta Go Fast,"Blue Lab Beats, Poppy Daniels",Motherland Journey,2022,Y,N,N,N,N,230,Serato - Tidal,
2022-05-24,Love Brings Happiness,"Adrian Younge, Ali Shaheed Muhammad, Lonnie Liston Smith, Loren Oden",Jazz Is Dead 011,2022,Y,Y,N,N,N,293,Serato - Tidal,Loop intro and mic
2022-05-24,Feeling Happy,Kaidi Tatham,7inch Nails,2021,Y,Y,N,N,N,248,Serato,Talk over outro
2022-05-24,Atra feat. Kristian Harborg,Axel Boman,LUZ,2022,Y,Y,N,N,N,282,Serato - Tidal,
2022-05-24,Pathways,Theo Croker,BLK2LIFE || A FUTURE PAST,2021,Y,Y,N,N,N,303,Serato - Tidal,Loop outro and mic
2022-05-24,Rising of My Mind,Gianni Brezzo,Tutto Passa,2022,Y,Y,N,N,N,269,Serato - Tidal,
2022-05-24,Been A While,Bentley,Lazybones,2022,Y,Y,N,N,N,463,Serato - Tidal,Fade out
2022-05-24,Inside Ourselves,Jazzanova,Strata Records - The Sound of Detroit - Reimagined By Jazzanova,2022,Y,Y,Y,N,N,354,Serato - Booth,
2022-05-31,La Tormenta,Sly5thAve & Roberto Verástegui,Agua de Jamaica,2022,Y,N,Y,N,N,318,Serato,
2022-05-31,Papillon de Nuit,Tanika Charles,Papillon de Nuit,2022,N,N,Y,Y,N,180,Serato,
2022-05-31,Birds,MODLEE,SOUL URGE,2022,N,N,Y,Y,N,217,Serato,
2022-05-31,The Hit,John Lost & the Cause,Casual Fitness,2020,Y,N,N,Y,Y,244,Serato - Tidal,
2022-05-31,Lumberjack Beards (Intro),"Busty and the Bass, STS",KARNEVAL,2022,N,N,N,Y,N,120,Serato - Tidal,
2022-05-31,To the One,"Mecca:83, Jonny Tobin",To the One,2020,N,Y,N,Y,N,217,Serato - Tidal,
2022-05-31,Vertigo,Trog'low,Vertigo,2020,N,Y,N,Y,N,124,Serato - Tidal,
2022-05-31,night on the beach,bsd.u,"late night bumps, Vol. 4",2017,N,Y,N,Y,N,135,Serato - Tidal,
2022-05-31,Temper,Kiefer,Happysad,2018,Y,Y,N,N,N,271,Serato - Tidal,
2022-05-31,Bunny,"Ashley Henry, The RE: Ensemble",Easter - EP,2018,Y,Y,N,N,N,346,Serato - Tidal,Loop intro and mic
2022-05-31,L’île du bonheur,Au Bonheur Des Dames,"Beach Diggin’, Vol. 1",2013,Y,N,N,N,N,278,Serato - Tidal,
2022-05-31,Be on My Side (feat. Mejiwahn),Melanie Charles,The Girl with the Green Shoes,2017,N,N,N,N,N,309,Serato - Tidal,
2022-05-31,Pointe Vénus,Greg Foat,Symphonie Pacifique,2020,Y,Y,N,N,N,437,Serato - Tidal,
2022-05-31,Breathing Pleasure (feat. Rico),Jazz Liberatorz,Fruit of the Past,2009,Y,N,N,N,N,247,Serato - Tidal,
2022-05-31,Ponta de Areia,Wayne Shorter,Native Dancer,1974,Y,N,N,N,N,315,Serato - Tidal,
2022-05-31,Dawn on the Side,Nujabes,Free Soul Nujabes First Collection,2014,Y,Y,N,N,N,313,Serato - Tidal,
2022-05-31,Second Thought,"Blue Lab Beats, Saffron Grace, Jaël",Voyage,2019,Y,N,N,N,N,309,Serato - Tidal,
2022-05-31,Ghosted,Kiefer,Kickinit Alone,2017,Y,N,N,N,N,233,Serato - Tidal,
2022-05-31,Flour of Fur,Jeff Parker,Forfolks,2021,Y,Y,N,N,N,248,Serato - Tidal,
2022-05-31,Scorpios's Child,Jazzanova,Strata Records - The Sound of Detroit - Reimagined By Jazzanova,2022,Y,Y,Y,N,N,352,Serato - Booth,
2022-06-07,from the grime,Monodrone,???????????????,2022,Y,Y,N,Y,Y,309,Serato,
2022-06-07,BTSTU,Justice Der,COVERS 9,2020,Y,Y,N,Y,N,312,Serato,
2022-06-07,Kaleidoscope,BADBADNOTGOOD,III,2014,Y,Y,N,Y,N,426,Serato,
2022-06-07,THE COASTER,John Patton,SOUL CONNECTION,2022,Y,Y,N,N,N,765,Serato,
2022-06-07,Better Than I Imagined (feat. H.E.R. and Meshell Ndegeocello),Robert Glasper,Black Radio III,2022,Y,N,Y,N,N,299,Serato,Loop intro and mic
2022-06-07,All The Words We Don't Say (Omari Jazz Remix),Hiatus Kaiyote,Mood Variant,2022,N,Y,Y,N,N,70,Serato,
2022-06-07,Black Be The Source feat. Pink Siifu & Billz Egypt – prod. DJ Harrison – CLEAN,Fly Anakin,Frank,2022,N,N,Y,N,N,217,Serato,
2022-06-07,Come As You Are,"Jean Carn, Adrian Younge, Ali Shaheed Muhammad",Jean Carne JID012,2022,Y,Y,N,N,N,267,Serato,
2022-06-07,Why Not?,Kiefer,Why Not? / Montara,2022,Y,Y,N,N,N,330,Serato,
2022-06-07,Carefull,AlexInTheMiddle,Carefull,2022,N,N,N,Y,N,135,Serato - Tidal,Loop intro and mic
2022-06-07,Hal,King Khan,The Infinite Ones,2020,N,Y,N,Y,N,234,Serato - Tidal,
2022-06-07,Monsoon,Ben Nevile,Power Trio,2019,Y,Y,N,Y,N,439,Serato - Tidal,
2022-06-07,Milonga del Mar,Yonderboi,Shallow and Profound,2001,Y,N,N,N,N,524,Serato - Tidal,
2022-06-07,SideIISide,Richard Spaven,Whole Other*,2014,Y,N,N,N,N,464,Serato - Tidal,
2022-06-07,Carry Me,Chicago Soul Jazz Collective meets Dee Alexander,On The Way To Be Free,2022,Y,Y,Y,N,N,406,Serato - Booth,
2022-06-14,Everything Comes In Waves,"Busty and the Bass, STS",KARNEVAL,2022,N,N,N,Y,N,239,Serato - Tidal,
2022-06-14,Untouchable,"Anomalie, India Carney",Galerie,2022,Y,N,N,Y,N,184,Serato - Tidal,
2022-06-14,On the Fly,"Daniel Hayn, Paul Grant, Jonny Tobin",On the Fly,2021,Y,Y,N,Y,N,198,Serato - Tidal,
2022-06-14,Space Party (feat. Motëm & Dan Edmonds),Haolin Munk,Planestasia Suite,2018,N,N,N,Y,N,120,Serato - Tidal,
2022-06-14,Celebrate,Karavelo,Rent Check,2017,N,N,N,Y,N,184,Serato - Tidal,
2022-06-14,Mind2Mind,"Zillie Holiday, Datsunn",Subtleties.,2019,N,N,N,Y,N,95,Serato - Tidal,
2022-06-14,SUNSET IN KALLI,KALLITECHNIS,CHROMATIC,2019,N,N,N,Y,N,184,Serato - Tidal,
2022-06-14,Soul urge,MODLEE,SOUL URGE,2022,N,N,Y,Y,N,200,Serato,
2022-06-14,Please...play jazz,Mr. Moods,Smokin' jazz,2013,N,Y,N,Y,N,203,Serato,
2022-06-14,For Granted,David Lavoie & Carson Tworow,Urban Repurpose,2021,Y,Y,N,Y,Y,155,Serato,
2022-06-14,Cloudberry,FloFilz,Cloudberry,2022,Y,Y,N,N,N,146,Serato - Tidal,
2022-06-14,Groceries (feat. Nigel Hall),CARRTOONS,HOMEGROWN,2022,N,N,Y,N,N,144,Serato,Loop intro and mic
2022-06-14,Ensencialmente,Sly5thAve & Roberto Verástegui,Agua de Jamaica,2022,Y,Y,Y,N,N,323,Serato,
2022-06-14,Montara,Kiefer,Why Not? / Montara,2022,Y,Y,N,N,N,323,Serato - Tidal,
2022-06-14,Lost & Found,"Gotts Street Park, Charlotte Dos Santos",Lost & Found,2022,N,N,N,N,N,226,Serato - Tidal,
2022-06-14,Nubes,"Konteks, Axian",Nubes,2022,N,Y,N,N,N,160,Serato - Tidal,Loop intro and mic
2022-06-14,Anima,Gianni Brezzo,Tutto Passa,2022,Y,Y,N,N,N,218,Serato - Tidal,
2022-06-14,Dusty Grooves (Instrumental),Ol' Burger Beats,Monologue.,2021,Y,Y,N,N,N,171,Serato - Tidal,
2022-06-14,Pijama,Koralle,"Collecting, Vol. 1 - EP",2019,N,Y,N,N,N,141,Serato - Tidal,
2022-06-14,Monarch Butterflies,"Sarah, the Illstrumentalist",Golden Skin,2022,N,Y,N,N,N,123,Serato - Tidal,
2022-06-14,Whenever,yutaka hirasaka,Day By Day,2019,Y,Y,N,N,N,252,Serato - Tidal,
2022-06-14,U Gotta Like It,Funky DL,"Jazzmatic Jazzstrumentals, Vol. 2",2014,N,Y,N,N,N,192,Serato - Tidal,
2022-06-14,Golden Era Vandals (feat. Ill Conscious & Av King Hamilton),"Awon, Phoniks",Nothing Less,2021,N,N,N,N,N,204,Serato - Tidal,
2022-06-14,Rendezvous,G Mills,Basmati,2017,N,Y,N,N,N,150,Serato - Tidal,
2022-06-14,Streamline (Instrumental),Damu The Fudgemunk,Public Assembly,2014,N,Y,N,N,N,402,Serato - Tidal,
2022-06-14,Hasta El Cielo,Khruangbin,Hasta El Cielo,2019,N,Y,N,N,N,401,Serato - Booth,Loop outro and mic
2022-06-21,Red Room (Nick Hakim Remix),Hiatus Kaiyote,Mood Variant,2022,N,N,Y,N,N,299,Serato,FADE OUT
2022-06-21,Melanin,Ashley Henry,Melanin,2022,Y,Y,N,N,N,260,Serato - Tidal,
2022-06-21,Family,HNNY,Family,2022,Y,Y,N,N,N,173,Serato - Tidal,
2022-06-21,Capture This,Gianni Brezzo,Capture This,2022,Y,Y,N,N,N,225,Serato - Tidal,Loop intro and mic
2022-06-21,THE DEVIL MAY CRY,"Local Talent, Projectwhatever",REMOTISM,2022,Y,Y,N,Y,N,248,Serato,
2022-06-21,Fifth,Potelin,2022,2022,Y,Y,N,Y,N,219,Serato,
2022-06-21,Levada (feat. Dal),FloFilz,Close Distance,2022,Y,Y,N,N,N,247,Serato,Loop outro and mic
2022-06-21,Grass is blue,MODLEE,SOUL URGE,2022,N,N,Y,Y,N,302,Serato,
2022-06-21,"Now (Pink Triangle, Blue Valley)",Alabaster Deplume,GOLD,2022,Y,Y,N,N,N,426,Serato - Tidal,
2022-06-21,SMiLE,DOMi & JD BECK,SMiLE,2022,Y,Y,N,N,N,191,Serato - Tidal,Loop outro and mic
2022-06-21,Ebun,"Adrian Younge, Ali Shaheed Muhammad, Tony Allen",Jazz Is Dead 011,2022,Y,Y,N,N,N,339,Serato - Tidal,
2022-06-21,Beachside Thoughts,Jonny Tobin,Together,2022,N,Y,N,Y,N,338,Serato - Tidal,
2022-06-21,Hummingbird,"Anomalie, Bad Snacks",Galerie,2022,Y,Y,N,Y,N,196,Serato - Tidal,Loop intro and mic
2022-06-21,Why Not?,Kiefer,Why Not? / Montara,2022,Y,Y,N,N,N,330,Serato,
2022-06-21,Roman Plumbing feat. Kristian Harborg,Axel Boman,Quest for fire,2022,N,N,N,N,N,353,Serato - Tidal,Loop intro and mic
2022-06-21,Move Different,Werkha,All Werk is Play,2022,Y,N,N,N,N,251,Serato - Tidal,
2022-06-21,United in Grief,Kendrick Lamar,Mr. Morale & The Big Steppers,2022,N,N,N,N,N,255,Serato - Tidal,
2022-06-21,from the grime,Monodrone,???????????????,2022,Y,Y,N,Y,Y,309,Serato,
2022-06-28,late nite,bsd.u,pook,2017,N,N,N,Y,N,73,Serato - Tidal,
2022-06-28,Dark Coconut,Dominic Pierce,BLESS Vol. 2,2018,N,Y,N,Y,Y,114,Serato - Tidal,
2022-06-28,Change,Howiewonder,Escape,2018,N,Y,N,Y,N,137,Serato - Tidal,
2022-06-28,Snowflakes (feat. AstroLogical),Nick Wisdom,Big Shiny House,2013,N,Y,N,Y,N,104,Serato - Tidal,
2022-06-28,Projector,Karavelo,Vacations,2018,N,Y,N,Y,N,185,Serato - Tidal,
2022-06-28,Underground Parking,Tommyhil,Pieces,2021,N,Y,N,Y,N,149,Serato - Tidal,
2022-06-28,Colorways,Jonny Tobin,Psychedelicate,2019,N,Y,N,Y,N,106,Serato - Tidal,
2022-06-28,Patience,Kawfee,BLESS Vol. 1,2017,N,Y,N,Y,N,119,Serato - Tidal,
2022-06-28,"Mirrors, Vol. 2, No. 2",Naman Cale,"Mirrors, Vol. 1 / Mirrors, Vol. 2",2017,N,Y,N,Y,N,252,Serato - Tidal,
2022-06-28,Please Set Me At Ease,Bobbi Humphrey,Fancy Dancer,1975,Y,Y,N,N,N,369,Serato,
2022-06-28,Sparkle Tape Break Up (Mndsgn Remix),Hiatus Kaiyote,Mood Variant,2022,Y,N,Y,N,N,235,Serato,
2022-06-28,COSMIC INTERCOURSE (Pt. II),"Theo Croker, Chris Dave",LOVE QUANTUM,2022,Y,Y,N,N,N,134,Serato - Tidal,Loop intro and mic
2022-06-28,Oh Fuck (Feat. Of Montreal & Pip The Pansy),Linqua Franqa,Bellringer,2022,N,N,Y,N,N,220,Serato,
2022-06-28,Young Buck (feat. DJ Harrison),CARRTOONS,HOMEGROWN,2022,N,N,Y,N,N,115,Serato,
2022-06-28,Ergonomic Structures,Kaidi Tatham,Galaxy,2022,N,Y,N,N,N,212,Serato - Tidal,
2022-06-28,WHATUP,DOMi & JD BECK,WHATUP,2022,Y,Y,N,N,N,148,Serato - Tidal,Loop intro and mic
2022-06-28,A Shifting Design,Kurt Rosenwinkel,The Next Step,2001,Y,Y,N,N,N,432,Serato - Tidal,
2022-06-28,Seventh String,Makaya McCraven,In These Times,2022,Y,Y,N,N,N,185,Serato - Tidal,Loop intro and mic
2022-06-28,Daybreak,"Katalyst, Adrian Younge, Ali Shaheed Muhammad",Katalyst JID013,2022,Y,Y,N,N,N,356,Serato - Tidal,
2022-06-28,Golden Green feat Wiki,"Emma-Jean Thackray, Wiki",Golden Green,2022,Y,N,N,N,N,243,Serato - Tidal,Loop intro and mic
2022-06-28,"Flos Potentia (Sugar, Cotton, Tabacco)","Ron Trent, Khruangbin",What do the stars say to you,2022,Y,Y,N,N,N,334,Serato - Tidal,
2022-06-28,Cloud 10,Chip Wickham,Cloud 10,2022,Y,Y,N,N,N,135,Serato - Tidal,
2022-06-28,Sky Dive,Freddie Hubbard,"Music Is Here - Live at Maison de la Radio (ORTF), Paris 1973",1973,Y,Y,Y,N,N,736,Serato - Booth,
2022-07-05,misty whimsy,Hello Moth,birds on wires,2022,N,Y,Y,Y,Y,85,Serato,
2022-07-05,Take A Step,Aladean Kheroufi,Beauty Beyond Grief,2020,N,N,N,Y,N,146,Serato,
2022-07-05,Ancient History,Blackbird Belle,Microcosm,2021,N,Y,N,Y,N,110,Serato,
2022-07-05,Jazz Technician,Ljones,Soul Below,2012,N,Y,N,Y,N,185,Serato,
2022-07-05,Just Big Hills,Acacia,FUTURES Vol. 7,2021,N,Y,N,Y,N,136,Serato,
2022-07-05,Rhodes (part 5),Potelin,Mellow,2020,N,Y,N,Y,N,324,Serato,Fade out
2022-07-05,Ain't Nothin',Trog'low,Midnight Calisthenics,2021,N,Y,N,Y,N,129,Serato - Tidal,
2022-07-05,Tan Jacket (Instrumental),Moka Only,Myopic Bubble (Instrumentals),2018,N,Y,N,Y,N,171,Serato - Tidal,
2022-07-05,None Love,Funky DL,Jazzmatic Jazzstrumentals,2013,N,Y,N,N,N,324,Serato - Tidal,
2022-07-05,Luv (sic) Pt2,Nujabes,Free Soul Nujabes First Collection,2014,N,Y,N,N,N,272,Serato - Tidal,
2022-07-05,intro,Yaya Bey,Remember Your North Star,2022,N,N,Y,N,N,76,Serato,Loop intro and mic
2022-07-05,libation,Yaya Bey,Remember Your North Star,2022,N,N,Y,N,N,29,Serato,
2022-07-05,Soft Peng,Ebi Soda,Honk If You're Sad,2022,Y,Y,N,N,N,281,Serato - Tidal,
2022-07-05,Thembi,"Mark de Clive-Lowe, Teodross Avery",Freedom - Celebrating the Music of Pharoah Sanders,2022,Y,Y,N,N,N,358,Serato - Tidal,
2022-07-05,Marvin's Mood,Stro Elliot,Marvin's Mood,2019,N,N,N,N,N,439,Serato - Tidal,Loop intro and mic
2022-07-05,Liquid Light,Butcher Brown,Butcher Brown Presents Triple Trey,2022,Y,N,N,N,N,256,Serato - Tidal,
2022-07-05,Sun (Jitwam & EJT Remix),Emma-Jean Thackray,Sun (Jitwam & EJT Remix),2022,N,N,N,N,N,277,Serato - Tidal,
2022-07-05,A Message from Above,Kaidi Tatham,Galaxy,2022,Y,Y,N,N,N,288,Serato - Tidal,Loop intro and mic
2022-07-05,Lonely,"David Mrakpor, Blue Lab Beats",Lonely,2022,Y,N,N,N,N,302,Serato - Tidal,
2022-07-05,Povo,Freddie Hubbard,"Music Is Here - Live at Maison de la Radio (ORTF), Paris 1973",1973,Y,Y,Y,N,N,968,Serato - Booth,
2022-07-12,The Night Before She Passed,Jesse Ryan,The Night Before She Passed,2022,Y,Y,N,Y,N,400,Serato - Tidal,
2022-07-12,Miles,Annika Zee,Bleu,2022,N,N,N,Y,N,299,Serato - Tidal,
2022-07-12,Leiria,"Anomalie, Mael",Galerie,2022,Y,N,N,Y,N,86,Serato - Tidal,
2022-07-12,flutterflow,Hello Moth,birds on wires,2022,N,Y,Y,Y,Y,79,Serato,
2022-07-12,nobody knows,Yaya Bey,Remember Your North Star,2022,N,N,Y,N,N,191,Serato,
2022-07-12,Toons,CARRTOONS,HOMEGROWN,2022,N,N,Y,N,N,149,Serato,
2022-07-12,Arid (Feat. Ralph Thomas),Ol' Burger Beats,Loft,2022,N,Y,N,N,N,191,Serato,
2022-07-12,Torino Intro,Gianni Brezzo,Tutto Passa,2022,N,Y,N,N,N,38,Serato,
2022-07-12,Torino,Gianni Brezzo,Tutto Passa,2022,N,Y,N,N,N,223,Serato,
2022-07-12,"It's My Turn (To Cry, Cry, Cry)",Reverend Baron,From Anywhere,2022,N,Y,N,N,N,130,Serato,
2022-07-12,Culture,"FloFilz, Psalm Trees",Culture,2022,N,Y,N,N,N,132,Serato - Tidal,Loop intro and mic
2022-07-12,Patterns,Ahmad Jamal Trio,The Awakening,1970,Y,Y,N,N,N,378,Serato - Tidal,
2022-07-12,#AcidGang,Atamone,Dr. Penfield,2022,N,Y,N,Y,N,184,Serato - Tidal,Loop intro and mic
2022-07-12,4 2 The Floor,Horatio Luna,Hotta Than 1000 Suns,2022,Y,Y,N,N,N,346,Serato,Fade out early
2022-07-12,Around the World (Mellow Mix),Daft Punk,Homework (25th Anniversary Edition),1997,N,Y,N,N,N,471,Serato - Tidal,
2022-07-12,Cloudy,Daphni,Cherry,2022,N,Y,N,Y,N,412,Serato - Tidal,Loop outro and mic
2022-07-12,Fred,Tony Williams,Lifetime: The Collection,1992,Y,Y,N,N,N,404,Serato - Tidal,
2022-07-12,TAKE A CHANCE,"DOMi & JD BECK, Anderson .Paak",TAKE A CHANCE,2022,Y,N,N,N,N,264,Serato - Tidal,Loop middle and mic
2022-07-12,I figli morti,Chassol,I figli morti,2022,Y,Y,N,N,N,454,Serato - Tidal,
2022-07-19,little journey,Hello Moth,birds on wires,2022,Y,Y,Y,Y,Y,48,Serato,
2022-07-19,Rent Free,Tanika Charles,Papillon de Nuit,2022,N,N,Y,Y,N,138,Serato,
2022-07-19,Living for The Rush,Beatchild,Nostalgia Beats of 2008 – 2020,2021,N,Y,N,Y,N,250,Serato,
2022-07-19,Mango Kimono,Ljones,Soul Below,2012,N,Y,N,Y,N,219,Serato,
2022-07-19,It Can Do,Moka Only,It Can Do (Instrumentals),2020,N,Y,N,Y,N,183,Serato,
2022-07-19,Soul Silhouette Re-recording (Instrumental),Funky DL,Cool Classic Jazzstrumentals (Volume One),2011,N,Y,N,N,N,233,Serato - Tidal,
2022-07-19,I Like It (I Wanna Be Where You Are),Grand Puba,2000,1995,N,N,N,N,N,263,Serato - Tidal,
2022-07-19,The Sky Diver (feat. Mike King),Kassa Overall,Go Get Ice Cream and Listen to Jazz,2019,Y,Y,N,N,N,187,Serato - Tidal,
2022-07-19,Sonny Stomp,Trog'low,Jazz Joints,2018,Y,Y,N,Y,N,157,Serato - Tidal,
2022-07-19,Golden Hour,"Sarah, the Illstrumentalist",Home By 11 PM,2019,N,Y,N,N,N,122,Serato - Tidal,
2022-07-19,Sakura Sakura,"Tadaaki Misago, Tokyo Cuban Boys","WaJazz: Japanese Jazz Spectacle Vol.I - Deep, Heavy and Beautiful Jazz from Japan 1968-1984 - The Nippon Columbia masters - Selected by Yusuke Ogawa (Universounds)",2022,Y,Y,N,N,N,455,Serato - Tidal,Loop intro and mic
2022-07-19,To The Floor,"Lil Silva, Badbadnotgood",To The Floor,2022,N,N,N,Y,N,189,Serato - Tidal,
2022-07-19,Airlift,mvnitou,Curtains,2022,N,Y,N,N,N,170,Serato - Tidal,Loop outro and mic
2022-07-19,First Light,Freddie Hubbard,"Music Is Here - Live at Maison de la Radio (ORTF), Paris 1973",1973,Y,Y,Y,N,N,1475,Serato,
2022-07-19,Living Legend (feat. David Sanborn),Guru,"Jazzmatazz, Vol. 4",2007,N,N,N,N,N,270,Serato - Tidal,Loop intro and mic
2022-07-19,I'm a Beast (The Jazz Lounge Remix),Funky DL,The Jazz Lounge,2016,N,N,N,N,N,190,Serato - Tidal,Loop outro and mic FADE OUT
2022-07-19,when there's love around,Kiefer,When There's Love Around,2021,Y,Y,N,N,N,304,Serato,
2022-07-26,For You,Moka Only,For You,2022,N,Y,N,Y,N,143,Serato - Tidal,
2022-07-26,All in a day’s work,Kawfee,Big chillin’,2019,N,Y,N,Y,N,93,Serato - Tidal,
2022-07-26,Green Tea,Ljones,Summer Bumps Vol 01,2018,N,Y,N,Y,N,146,Serato,
2022-07-26,Lab2,Potelin,Stop,2020,N,Y,N,Y,N,237,Serato,
2022-07-26,Soul Call || Vibrate,Theo Croker,BLK2LIFE || A FUTURE PAST,2021,Y,Y,N,N,N,392,Serato - Tidal,
2022-07-26,Frustrated,Tanika Charles,Papillon de Nuit,2022,N,N,Y,Y,N,201,Serato,
2022-07-26,Stro Kyat (feat. Stro Elliot),Kaidi Tatham,An Insight To All Minds,2021,Y,Y,N,N,N,302,Serato - Tidal,
2022-07-26,When The Clock Ticks (feat. J. Sands),Jazz Liberatorz,Clin d'oeil,2008,Y,N,N,N,N,294,Serato - Tidal,
2022-07-26,Not The Way,"St. Panther, Pierce.blue",Not The Way,2022,N,N,N,N,N,188,Serato - Tidal,Loop intro and mic
2022-07-26,The Rings Of Saturn,Emma-Jean Thackray,Yellow (Deluxe),2022,Y,N,N,N,N,203,Serato - Tidal,
2022-07-26,"Afters, Lively","Pinty, Jadasea","Afters, Lively",2022,N,N,N,N,N,184,Serato - Tidal,Loop end and mic
2022-07-26,"Roses, the Red",Annika Zee,Factory Pageant,2019,N,N,N,Y,N,260,Serato - Tidal,
2022-07-26,Underlands,Andrew Bird,Inside Problems,2022,N,N,Y,N,N,375,Serato,Loop intro and mic
2022-07-26,Dream Another,Makaya McCraven,In These Times,2022,Y,Y,N,N,N,192,Serato - Tidal,
2022-07-26,Monsieur Chimpanze,Michel Roques,Pierre Barouh & The Saravah Sound,2022,Y,Y,Y,N,N,486,Serato,Chat over beginning
2022-07-26,Dor Fodida,Sessa,Estrela Acesa,2022,Y,Y,Y,N,N,281,Serato,
2022-07-26,Remedy,Allysha Joy,Torn : Tonic,2022,N,N,N,N,N,323,Serato - Tidal,Loop intro and mic
2022-07-26,Rebirth,A Forest Mighty Black,Mellowdramatic,1998,Y,Y,N,N,N,439,Serato - Tidal,
2022-07-26,Fragment,John Taylor Sextet,Fragment,1975,Y,Y,N,N,N,368,Serato,
2022-08-02,Open Channels,BADBADNOTGOOD,Open Channels,2022,Y,Y,N,Y,N,262,Serato - Tidal,
2022-08-02,Conspiring with Nature,Badge Époque Ensemble,Clouds of Joy,2022,Y,N,N,Y,N,432,Serato - Tidal,
2022-08-02,Corona Borealis ~ ?,Trog'low,Corona Borealis ~ ?,2022,N,Y,N,Y,N,135,Serato - Tidal,
2022-08-02,Be There For You,CARRTOONS,HOMEGROWN,2022,N,N,Y,N,N,107,Serato,
2022-08-02,Domo's Beat,BRSBK,ALL OVER YOURSELF,2016,N,Y,N,Y,N,203,Serato,
2022-08-02,DAY 18 (ARROW ROOT),N??T,31 DAYS FOR DOOM,2021,N,Y,N,Y,Y,56,Serato,
2022-08-02,It ain't hard to tell (LJ RMX),Ljones,Soul Below,2012,N,Y,N,Y,N,206,Serato,
2022-08-02,I JUST WANNA,Laizlo,laizlo;;edits,2020,N,N,N,Y,N,88,Serato,
2022-08-02,Empeño (lil' bop),Sly5thAve & Roberto Verástegui,Agua de Jamaica,2022,Y,Y,Y,N,N,129,Serato,
2022-08-02,Prayer,"falcxne, Loupo",Chillhop Essentials Summer 2018,2018,N,N,N,Y,N,204,Serato,Loop outro and mic
2022-08-02,LOUNA'S iNTRO,DOMi & JD BECK,NOT TiGHT,2022,Y,Y,N,N,N,61,Serato - Tidal,
2022-08-02,WHATUP,DOMi & JD BECK,NOT TiGHT,2022,Y,Y,N,N,N,148,Serato - Tidal,
2022-08-02,SMiLE,DOMi & JD BECK,NOT TiGHT,2022,Y,Y,N,N,N,191,Serato - Tidal,
2022-08-02,BOWLiNG,"DOMi & JD BECK, Thundercat",NOT TiGHT,2022,Y,N,N,N,N,120,Serato - Tidal,
2022-08-02,NOT TiGHT,"DOMi & JD BECK, Thundercat",NOT TiGHT,2022,Y,Y,N,N,N,248,Serato - Tidal,Loop outro and mic
2022-08-02,TWO SHRiMPS,"DOMi & JD BECK, Mac DeMarco",NOT TiGHT,2022,Y,N,N,Y,N,185,Serato - Tidal,
2022-08-02,U DON'T HAVE TO ROB ME,DOMi & JD BECK,NOT TiGHT,2022,Y,N,N,N,N,161,Serato - Tidal,
2022-08-02,MOON,"DOMi & JD BECK, Herbie Hancock",NOT TiGHT,2022,Y,Y,N,N,N,271,Serato - Tidal,
2022-08-02,DUKE,DOMi & JD BECK,NOT TiGHT,2022,Y,Y,N,N,N,141,Serato - Tidal,Loop intro and mic
2022-08-02,TAKE A CHANCE,"DOMi & JD BECK, Anderson .Paak",NOT TiGHT,2022,Y,N,N,N,N,264,Serato - Tidal,
2022-08-02,SPACE MOUNTAiN,DOMi & JD BECK,NOT TiGHT,2022,Y,Y,N,N,N,146,Serato - Tidal,
2022-08-02,PiLOT,"DOMi & JD BECK, Anderson .Paak, Busta Rhymes, Snoop Dogg",NOT TiGHT,2022,Y,N,N,N,N,202,Serato - Tidal,Loop outro and mic
2022-08-02,WHOA,"DOMi & JD BECK, Kurt Rosenwinkel",NOT TiGHT,2022,Y,Y,N,N,N,243,Serato - Tidal,
2022-08-02,SNiFF,DOMi & JD BECK,NOT TiGHT,2022,Y,Y,N,N,N,215,Serato - Tidal,
2022-08-02,THANK U,DOMi & JD BECK,NOT TiGHT,2022,Y,N,N,N,N,45,Serato - Tidal,
2022-08-02,Interfusion,John Taylor Sextet,Fragment,2022,Y,Y,N,N,N,533,Serato,
2022-08-09,Collage (Feat. BRAINiac & Tom),The Dough Boys,The Dough Boys,2021,Y,N,N,Y,N,181,Serato,
2022-08-09,Angel,Marvin David,Angel,2021,N,N,N,Y,N,225,Serato - Tidal,
2022-08-09,?????????,Trog'low,??????????????,2022,N,Y,N,Y,N,164,Serato - Tidal,
2022-08-09,Wound,Annika Zee,Bleu,2022,N,N,N,Y,N,324,Serato - Tidal,
2022-08-09,Smell The Flowers,"Elaquent, Seb Zillner",Long Drives To Nowhere,2022,N,N,N,Y,N,182,Serato - Tidal,
2022-08-09,Smoove Regardless (feat. Ambition & Justo the MC),"Ghettosocks, DK",Listen To The Masters,2022,N,N,N,Y,N,250,Serato - Tidal,
2022-08-09,Dusty Trails...,TWO-BIT,Euphony,2021,N,N,N,Y,N,108,Serato - Tidal,
2022-08-09,On My Way,bLAck pARty,Hummingbird,2022,N,N,N,N,N,164,Serato - Tidal,
2022-08-09,Goodbye,Melodiesinfonie,We Gonna Be Ok,2022,N,N,N,N,N,149,Serato - Tidal,
2022-08-09,Cashmere,Karavelo,Ghost Lover,2019,N,Y,N,Y,N,82,Serato - Tidal,
2022-08-09,Don't Rush the Process,Kaidi Tatham,Don't Rush the Process,2022,Y,Y,N,N,N,307,Serato - Tidal,Loop intro and mic
2022-08-09,Downinanut,The Jazzual Suspects,Lostramentals,2019,N,Y,N,N,N,306,Serato - Tidal,Loop outro and mic
2022-08-09,Freddie Freeloader,Miles Davis,Kind of Blue,1959,Y,Y,N,N,N,588,Serato - Tidal,
2022-08-09,Que Lado Você Dorme?,Sessa,Estrela Acesa,2022,Y,N,Y,N,N,247,Serato,
2022-08-09,Fiore Della Mia Vita,Gianni Brezzo,Tutto Passa,2022,Y,Y,N,N,N,262,Serato,
2022-08-09,reprise,Yaya Bey,Remember Your North Star,2022,N,N,Y,N,N,265,Serato,
2022-08-09,Lighta (feat. Rae Khalil - Clean),CARRTOONS,HOMEGROWN,2022,N,N,Y,N,N,187,Serato,Loop intro and mic
2022-08-09,Unbelievable,Butcher Brown,Butcher Brown Presents Triple Trey,2022,N,N,N,N,N,229,Serato - Tidal,
2022-08-09,Go See,Joe Armon-Jones,We Out Here,2018,Y,Y,N,N,N,462,Serato - Tidal,
2022-08-09,Comme A La Radio,Brigitte Fontaine,Pierre Barouh & The Saravah Sound,2022,Y,N,Y,N,N,483,Serato - Booth,
2022-08-16,Window Thoughts,"Koralle, Isatta Sheriff, Lex Amor",Window Thoughts,2022,N,N,N,N,N,231,Serato - Tidal,
2022-08-16,The Applause (remix),bRavenous,Ghosts of Rockingham 2,2022,N,N,Y,Y,Y,198,Serato,Loop end and fade out
2022-08-16,Mount Rakko,FloFilz,Close Distance,2022,N,Y,N,N,N,149,Serato,
2022-08-16,Jenova 7 and Mr. Moods - Live from... (feat Erik Jackson),Mr. Moods,Mad blunted jazz vol 3,2014,Y,Y,N,Y,N,302,Serato,
2022-08-16,First,Potelin,2022,2022,N,Y,N,Y,N,124,Serato,
2022-08-16,Together,DOMINANT,Harvest of Memories,2021,N,Y,N,Y,N,158,Serato,
2022-08-16,"Don't Call Me, I'll Call You",Elaquent,Long Drives To Nowhere,2022,N,Y,N,Y,N,119,Serato - Tidal,
2022-08-16,Give Thanks (ft. Jasia),A.Y.E.,Soul Food the Audiobiography Of...,2019,N,N,N,Y,Y,217,Serato,
2022-08-16,Nah It Aint The Same,Greentea Peng,MAN MADE,2021,N,N,N,N,N,245,Serato,
2022-08-16,beach(outro),howiewonder,pathways,2021,N,Y,N,Y,N,120,Serato,Loop end and mic
2022-08-16,Blue in Green,Miles Davis,Kind of Blue,1959,Y,Y,N,N,N,336,Serato - Tidal,
2022-08-16,Watarase,Takeo Moriyama,"WaJazz: Japanese Jazz Spectacle Vol.I - Deep, Heavy and Beautiful Jazz from Japan 1968-1984 - The Nippon Columbia masters - Selected by Yusuke Ogawa (Universounds)",2022,Y,Y,N,N,N,404,Serato - Tidal,
2022-08-16,All Talk (Instrumental),Brian Jackson,This is Brian Jackson (Instrumentals),2022,Y,Y,N,N,N,253,Serato - Tidal,Loop intro and mic
2022-08-16,War Dance,Kokoroko,Could We Be More,2022,Y,N,Y,N,N,338,Serato,
2022-08-16,Metamorfosis,Meridian Brothers & El Grupo Renacimiento,Meridian Brothers & El Grupo Renacimiento,2022,Y,N,Y,N,N,295,Serato,
2022-08-16,Música,Sessa,Estrela Acesa,2022,Y,N,Y,N,N,160,Serato,
2022-08-16,Butterfly Version,"Gilles Peterson, Lionel Loueke",Butterfly Version,2022,Y,Y,N,N,N,319,Serato - Tidal,Loop end and mic
2022-08-16,Another New Day,Jazzanova,!K7 Kollections 02: Classics,2017,Y,Y,N,N,N,319,Serato - Tidal,
2022-08-16,Joy,FKJ,French Kiwi Juice,2017,Y,Y,N,N,N,238,Serato - Tidal,
2022-08-16,SHE'S BAD (feat. Wyclef Jean),"Theo Croker, Wyclef Jean",LOVE QUANTUM,2022,N,N,N,N,N,216,Serato - Tidal,
2022-08-16,Hometown,Tribe,Hometown: Detroit Sessions 1990-2014,2019,Y,Y,N,N,N,478,Serato - Tidal,
2022-08-23,Gooseberry,bRavenous,Ghosts of Rockingham 2,2022,N,N,Y,Y,Y,220,Serato,
2022-08-23,Telepathic feat. Big Kahuna OG – prod. Lastnamedavid – CLEAN,Fly Anakin,Frank,2022,N,N,Y,N,N,170,Serato,
2022-08-23,don't fucking call me,Yaya Bey,Remember Your North Star,2022,N,N,Y,N,N,167,Serato,
2022-08-23,Meditation,Jonny Tobin,Psychedelicate,2019,N,Y,N,Y,N,121,Serato - Tidal,
2022-08-23,??????????,Trog'low,??????????????,2022,N,Y,N,Y,N,171,Serato - Tidal,
2022-08-23,groovewave,tkdwn.,soul restoration,2017,N,Y,N,Y,N,101,Serato - Tidal,
2022-08-23,Overtime,Beatchild,Nostalgia Beats of 2008 – 2020,2014,N,Y,N,Y,N,142,Serato,
2022-08-23,It Runs Through Me,"Tom Misch, De La Soul",Geography,2018,N,N,N,N,N,261,Serato - Tidal,
2022-08-23,DAY 2 (ACCORDION),N??T,31 DAYS FOR DOOM,2021,N,Y,N,Y,Y,69,Serato,
2022-08-23,Age of Ascent,Kokoroko,Could We Be More,2022,Y,Y,Y,N,N,299,Serato,
2022-08-23,Waving Gods,Funky DL,Jazzmatic 3 Jazzstrumentals,2022,N,Y,N,N,N,203,Serato - Tidal,BED MUSIC
2022-08-23,For the Birds,Makaya McCraven,"For the Birds: The Birdsong Project, Vol. III",2022,Y,Y,N,N,N,207,Serato - Tidal,
2022-08-23,GREEDY,"Nyck Caution, CHUCK STRANGERS",GREEDY,2022,N,N,N,N,N,139,Serato - Tidal,
2022-08-23,So Bad,St. Panther,So Bad,2022,N,N,N,N,N,213,Serato - Tidal,Loop end and mic
2022-08-23,Look to Him,Greentea Peng,Look to Him,2022,N,N,N,N,N,252,Serato - Tidal,
2022-08-23,Barz Simpson,Sonnyjim,Barz Simpson,2022,N,N,N,N,N,215,Serato - Tidal,
2022-08-23,More Than Enough,Universal Togetherness Band,"""Saturday Night"" b/w ""More Than Enough""",2014,N,N,N,N,N,269,Serato - Tidal,Loop intro and mic
2022-08-23,Brooklyn to Brooklin,Scone Cash Players,Brooklyn to Brooklin,2022,N,N,N,N,N,274,Serato - Tidal,
2022-08-23,Raisins Under the Sun (Desert Version (Live)),Yussef Dayes,The Yussef Dayes Experience Live at Joshua Tree (Presented by Soulection),2022,Y,Y,N,N,N,219,Serato - Tidal,
2022-08-23,Miss Kane,Swindle,Blue Note Re:imagined II,2022,Y,Y,N,N,N,256,Serato - Tidal,
2022-08-23,The Light,"Saul, Allysha Joy",Mutualism,2022,N,N,N,N,N,324,Serato - Tidal,Loop intro and mic
2022-08-23,Runnin' Tru,Kaidi Tatham,Don't Rush The Process,2022,Y,Y,N,N,N,243,Serato - Tidal,
2022-08-23,Inside The Danja Zone,Bless the Mad,Bless The Mad,2020,Y,Y,N,N,N,188,Serato - Tidal,
2022-08-23,Zodiac,Badge Époque Ensemble,Clouds of Joy,2022,Y,N,N,Y,N,446,Serato - Tidal,
2022-08-30,La Policía,Meridian Brothers & El Grupo Renacimiento,Meridian Brothers & El Grupo Renacimiento,2022,Y,Y,Y,N,N,261,Serato,
2022-08-30,Gostar do Mundo,Sessa,Estrela Acesa,2022,Y,N,Y,N,N,141,Serato,
2022-08-30,Ewà Inú,Kokoroko,Could We Be More,2022,Y,Y,Y,N,N,401,Serato,
2022-08-30,Con El Tambor - Tono Y Su Combo,Various Artists,Afrosound of Colombia Vol 3,2022,Y,N,Y,N,N,162,Serato,
2022-08-30,Yucatan,Tenshi,Tenshi,2019,Y,Y,N,Y,N,462,Serato - Tidal,
2022-08-30,90210,Justice Der,Favorites 4,2020,Y,Y,N,Y,N,382,Serato - Tidal,
2022-08-30,All Blues,Miles Davis,Kind of Blue,1959,Y,Y,N,N,N,692,Serato - Tidal,Loop intro and mic
2022-08-30,theme 001 (Live),Jaimie Branch,FLY or DIE LIVE,2021,Y,Y,N,N,N,281,Serato - Tidal,Loop intro and mic
2022-08-30,theme 002 (Live),Jaimie Branch,FLY or DIE LIVE,2021,Y,Y,N,N,N,281,Serato - Tidal,Mic at purple cue
2022-08-30,prayer for amerikkka pt. 1 & 2 (Live),Jaimie Branch,FLY or DIE LIVE,2021,Y,N,N,N,N,854,Serato - Tidal,Mic over intro
2022-08-30,nuevo roquero estéreo (Live),Jaimie Branch,FLY or DIE LIVE,2021,Y,Y,N,N,N,493,Serato - Tidal,
2022-08-30,Dark Honey (4TheStorm),"Ashley Henry, Makaya McCraven",Beautiful Vinyl Hunter,2019,Y,Y,N,N,N,348,Serato - Tidal,
2022-08-30,Earthlings,Anteloper,Pink Dolphins,2022,Y,N,N,N,N,495,Serato - Tidal,
2022-09-06,theme nothing,Jaimie Branch,FLY or DIE LIVE,2021,Y,Y,N,N,N,418,Serato - Tidal,
2022-09-06,get up on it ??????,dominic pierce,Keith Sweat Tape,2022,N,Y,N,Y,Y,289,Serato,
2022-09-06,Once,DATSUNN,Grass Appeal EP02,2022,N,Y,N,Y,N,141,Serato,
2022-09-06,The Pre Dig,Moka Only,"Summer 2002, Vol. 1",2022,N,Y,N,Y,N,16,Serato - Tidal,
2022-09-06,On My Way,Moka Only,"Summer 2002, Vol. 1",2022,N,N,N,Y,N,178,Serato - Tidal,
2022-09-06,"If You Don't Vote For Me, You're Not White",Free Radicals,"White Power Outage, Vol. 2",2022,Y,N,Y,N,N,201,Serato,
2022-09-06,alright,Yaya Bey,Remember Your North Star,2022,N,N,Y,N,N,188,Serato,
2022-09-06,Queen And Slim,Coast Contra,Apt. 505,2022,N,N,Y,N,N,255,Serato,
2022-09-06,Turtleneck Music,"Sarah, the Illstrumentalist",Show me how good it can get,2022,Y,Y,N,N,N,131,Serato - Tidal,Loop end and mic
2022-09-06,Flamenco Sketches,Miles Davis,Kind Of Blue,1959,Y,Y,N,N,N,561,Serato - Tidal,
2022-09-06,For Chris,John Taylor Sextet,Fragment,2022,Y,Y,N,N,N,1040,Serato,
2022-09-06,Now,Gianni Brezzo,Tutto Passa,2022,Y,Y,N,N,N,228,Serato,Loop intro and mic
2022-09-06,Beat Breaker,Funky DL,Jazzmatic 3 Jazzstrumentals,2022,N,Y,N,N,N,158,Serato - Tidal,
2022-09-06,Dreams,mvnitou,Curtains,2022,N,Y,N,N,N,194,Serato - Tidal,
2022-09-06,Summer's End,Peanut Butter Wolf,Peanut Butter Breaks,2013,N,Y,N,N,N,153,Serato - Tidal,Loop end and mic
2022-09-06,Pacific 707,Cruisic,Jazz Carnival?/?Pacific 707,2022,Y,Y,N,N,N,288,Serato,
2022-09-06,Bond (Piano Version),Anomalie,Bond (Piano Version),2022,Y,Y,N,Y,N,207,Serato - Tidal,
2022-09-06,Crash Course,Makaya McCraven,Lefto Early Bird Presents the Beauty is Inside,2022,Y,Y,N,N,N,270,Serato - Tidal,
2022-09-06,"All Same 2 Each, Each Same 2 All",Badge Époque Ensemble,Clouds of Joy,2022,Y,Y,N,Y,N,321,Serato - Tidal,
2022-09-13,Fuel,DATSUNN,Grass Appeal EP01,2022,N,Y,N,Y,N,120,Serato,
2022-09-13,yumi ???,dominic pierce,Keith Sweat Tape,2022,N,Y,N,Y,Y,172,Serato,
2022-09-13,Beatnicks,Moka Only,"Summer 2002, Vol. 1",2022,N,Y,N,Y,N,24,Serato - Tidal,
2022-09-13,Over The Top Feelings,Moka Only,"Summer 2002, Vol. 1",2022,N,N,N,Y,N,219,Serato - Tidal,
2022-09-13,Day At The Beach,J-Boogie,Mushroom Jazz 6 (Unmixed Online Version),2008,Y,Y,N,N,N,376,Serato - Tidal,
2022-09-13,Mixed Feelings (The New Groove),Jacky Terrasson,The New Groove: The Blue Note Remix Project Vol. 1,1996,N,N,N,N,N,414,Serato - Tidal,
2022-09-13,Borough Check,Digable Planets,Blowout Comb,1994,N,N,N,N,N,415,Serato - Tidal,
2022-09-13,Strip Club Interview,"Common, Karriem Riggins, Patrick Warren",MO (Soundtrack from the Netflix Series),2022,N,Y,N,N,N,105,Serato - Tidal,Loop end and mic
2022-09-13,Sultry Song II,Ronnie Foster,Reboot,2022,Y,Y,Y,N,N,357,Serato,
2022-09-13,Dide O,Kokoroko,Could We Be More,2022,Y,N,Y,N,N,251,Serato,
2022-09-13,The Fours,Makaya McCraven,In These Times,2022,Y,Y,N,N,N,207,Serato - Tidal,
2022-09-13,always,Jonah Yano,portrait of a dog,2022,N,N,N,Y,N,323,Serato - Tidal,Loop end and mic
2022-09-13,Seventh Wonder,Tenderlonious,Seventh Wonder,2022,Y,Y,N,N,N,208,Serato - Tidal,
2022-09-13,Pieces,Yazmin Lacey,Pieces,2022,Y,N,N,N,N,353,Serato - Tidal,
2022-09-13,Channel Your Anger,Oscar Jerome,Channel Your Anger,2022,Y,N,N,N,N,287,Serato - Tidal,
2022-09-13,Quantum Leap,"Roc Marciano, The Alchemist",The Elephant Man's Bones,2022,N,N,N,N,N,149,Serato - Tidal,
2022-09-13,Silhouettes,Dougie Stu,Silhouettes,2022,Y,Y,N,N,N,258,Serato - Tidal,Loop intro and mic
2022-09-13,Coffee,John Marvin Scott,Shoulder Weight,2022,Y,Y,N,Y,N,183,Serato - Tidal,
2022-09-13,Clouds of Joy,Badge Époque Ensemble,Clouds of Joy,2022,Y,Y,N,Y,N,389,Serato - Tidal,
2022-09-13,Buddy’s Rendezvous,Father John Misty,Chloë and the Next 20th Century,2022,N,N,Y,N,N,300,Serato - Booth,
2022-09-20,J’s Dream,Ronnie Foster,Reboot,2022,Y,Y,Y,N,N,251,Serato,
2022-09-20,Those Good Times,Kokoroko,Could We Be More,2022,Y,N,Y,N,N,254,Serato,
2022-09-20,"Bipartisan Baby Jail feat. Michele Thibeaux, Hennessy, Karina Nistal",Free Radicals,"White Power Outage, Vol. 2",2022,Y,N,Y,N,N,206,Serato,
2022-09-20,Street Art,Monodrone,Forbidden Fruit,2021,N,Y,N,Y,Y,369,Serato,
2022-09-20,windynight,howiewonder,pathways,2021,N,N,N,Y,N,184,Serato,
2022-09-20,One night at the hotel,Mr. Moods,Mad blunted jazz vol 3,2014,N,N,N,Y,N,238,Serato,
2022-09-20,Second,Potelin,2022,2022,N,Y,N,Y,N,180,Serato,
2022-09-20,Please,DATSUNN,Grass Appeal EP03,2022,N,Y,N,Y,N,126,Serato,Loop outro and mic
2022-09-20,Be Strong,James Alexander Bright,Float,2022,N,N,N,N,N,451,Serato - Tidal,
2022-09-20,Home Maker,Sudan Archives,Natural Brown Prom Queen,2022,N,N,N,N,N,302,Serato - Tidal,
2022-09-20,Night Flight,STR4TA,STR4TASFEAR,2022,N,N,N,N,N,324,Serato - Tidal,
2022-09-20,African Sun,"Henry Franklin, Adrian Younge, Ali Shaheed Muhammad",Henry Franklin JID014,2022,Y,Y,N,N,N,337,Serato - Tidal,
2022-09-20,Git Along,Butcher Brown,Butcher Brown Presents Triple Trey,2022,Y,N,N,N,N,223,Serato - Tidal,Loop intro and mic
2022-09-20,Parenthesis,Kenny Beats,LOUIE,2022,N,Y,N,N,N,131,Serato - Tidal,
2022-09-20,The Reason,Funky DL,Jazzmatic 3 Jazzstrumentals,2022,N,Y,N,N,N,171,Serato - Tidal,
2022-09-20,Variations in Rock,Sven Wunder,Sun-Kissed,2022,Y,Y,N,N,N,195,Serato - Tidal,Loop intro and mic
2022-09-20,Don't Touch A Hair On His Head,Badge Époque Ensemble,Clouds Of Joy,2022,Y,Y,N,Y,N,318,Serato - Tidal,
2022-09-20,the speed of sound!,Jonah Yano,portrait of a dog,2022,Y,N,N,Y,N,283,Serato - Tidal,
2022-09-20,Earth Fire,Matthew Halsall,The Temple Within,2022,Y,Y,N,N,N,335,Serato - Tidal,
2022-09-20,Lady,Coast Contra,Apt. 505,2022,N,N,Y,N,N,254,Serato - Booth,
2022-10-04,We See Things As We Are,"HNNY, FloFilz",We See Things As We Are,2022,N,Y,N,N,N,167,Serato - Tidal,
2022-10-04,All In (feat. O.C. & Moka Only),"Ghettosocks, DK",Listen To The Masters,2022,N,N,N,Y,N,260,Serato - Tidal,
2022-10-04,Mountain Peak,"xander., Blue Wednesday",Mountain Peak,2021,N,Y,N,Y,N,173,Serato - Tidal,
2022-10-04,Sonny Stomp 2,Trog'low,Midnight Calisthenics,2021,N,Y,N,Y,N,162,Serato - Tidal,
2022-10-04,Kale n Ginger,Tommyhil,Pieces,2021,N,Y,N,Y,N,127,Serato - Tidal,
2022-10-04,Guayabas,Agustin Pereyra Lucena,"Beach Diggin’, Vol. 1",2013,Y,N,N,N,N,405,Serato - Tidal,
2022-10-04,My Mystic Life,"Jean Carn, Adrian Younge, Ali Shaheed Muhammad",Jean Carne JID012,2022,Y,N,N,N,N,147,Serato - Tidal,
2022-10-04,That's O.K.,Jonwayne,That's O.K.,2016,N,N,N,N,N,350,Serato - Tidal,
2022-10-04,"Electric Dreams, Pt. 1",The Greg Foat Group,Blue Lotus,2022,Y,Y,N,N,N,330,Serato - Tidal,Loop intro and mic
2022-10-04,"Electric Dreams, Pt. 2",The Greg Foat Group,Blue Lotus,2022,Y,Y,N,N,N,400,Serato - Tidal,
2022-10-04,In These Times,Makaya McCraven,In These Times,2022,Y,Y,N,N,N,429,Serato - Tidal,
2022-10-04,Sweet Isolation,Oscar Jerome,The Spoon,2022,N,N,N,N,N,338,Serato - Tidal,Loop intro and mic
2022-10-04,Brother J,"Adam Blackstone, DJ Jazzy Jeff",Legacy,2022,Y,Y,N,N,N,300,Serato - Tidal,
2022-10-04,Focal Point,Ryan Porter,Resilience,2022,Y,Y,N,N,N,430,Serato - Tidal,Fade out
2022-10-04,Baltica Calls Me,Misha Panfilov,The Sea Will Outlive Us All,2022,Y,N,N,N,N,337,Serato - Tidal,Loop outro and mic
2022-10-04,48,"Maxo, Pink Siifu",48,2022,N,N,N,N,N,159,Serato - Tidal,
2022-10-04,Bighorn Sounding,Carsten Rubeling,Headwaters,2022,Y,Y,N,Y,Y,404,Serato - Tidal,
2022-10-04,World,Machine,Machine,1972,N,N,Y,N,N,331,Serato - Booth,
2022-10-11,when the sakura blooms,Fuyu,miko,2022,N,Y,N,N,N,71,Serato - Tidal,
2022-10-11,Verbal Intercourse,Ebi Soda,Ebi Soda,2019,Y,Y,N,N,N,322,Serato - Tidal,
2022-10-11,WHERE AM I,ELWD,THIS PLACE,2021,N,Y,N,N,N,122,Serato - Tidal,
2022-10-11,jammin in the park,".ihaveaface, grindmaster",jammin in the park,2019,N,Y,N,Y,N,170,Serato - Tidal,
2022-10-11,Moving,Blue Wednesday,Moving,2022,N,Y,N,Y,N,145,Serato - Tidal,
2022-10-11,Big Waves,"Dijahsb, Harrison",Head Above the Waters,2021,N,N,N,Y,N,103,Serato - Tidal,
2022-10-11,Easy & Flawless,Flame,Echoes of Eke,2020,N,Y,N,N,N,280,Serato - Tidal,
2022-10-11,Empty Places,Justice Der,Nostalgic for Things to Come,2018,N,Y,N,Y,N,266,Serato - Tidal,
2022-10-11,Early Morning Nights,Tommyhil,Early Morning Nights,2021,N,Y,N,Y,N,144,Serato - Tidal,
2022-10-11,Escape,Koralle,"Collecting, Vol. 2",2019,N,Y,N,N,N,160,Serato - Tidal,Loop outro and mic
2022-10-11,(Why You So) Green With Envy,"Oscar Jerome, Oscar #Worldpeace",Blue Note Re:imagined II,2022,Y,N,N,N,N,292,Serato - Tidal,
2022-10-11,mythsysizer instinct,"R.A.P. Ferreira, Hemlock Ernst",mythsysizer instinct,2022,N,N,N,N,N,240,Serato - Tidal,
2022-10-11,Straight & Tall,"Nicholas Craven, Boldy James",Fair Exchange No Robbery,2022,N,N,N,N,N,238,Serato - Tidal,
2022-10-11,Feet Will Fall,"Hemai, B-ahwe",Feet Will Fall,2022,N,N,N,N,N,227,Serato - Tidal,
2022-10-11,Cusian,Butcher Brown,Butcher Brown Presents Triple Trey,2022,Y,N,N,N,N,215,Serato - Tidal,
2022-10-11,Sooretama (feat. Robert Mitchell),Kaidi Tatham,Don't Rush The Process,2022,Y,Y,N,N,N,275,Serato - Tidal,Loop intro and mic
2022-10-11,Ariza en Descarga - Ariza Y Su Combo,Various Artists,Afrosound of Colombia Vol 3,2022,Y,N,Y,N,N,167,Serato,
2022-10-11,Soul Searching,Kokoroko,Could We Be More,2022,Y,N,Y,N,N,215,Serato,
2022-10-11,Sereia Sentimental,Sessa,Estrela Acesa,2022,Y,N,Y,N,N,191,Serato,
2022-10-11,Saudade (Un Manque Habite),Pierre Barouh,Pierre Barouh & The Saravah Sound,2022,Y,N,Y,N,N,312,Serato,
2022-10-11,Still Feel Broke,Avantdale Bowling Club,TREES,2022,Y,N,N,N,N,350,Serato,
2022-10-11,Lake of Falls,Carsten Rubeling,Headwaters,2022,Y,Y,N,Y,Y,319,Serato - Tidal,
2022-10-11,Jade,Sasha Berliner,Onyx,2022,Y,Y,N,N,N,438,Serato - Tidal,
2022-10-18,Ostinato (Suite for Angela),Herbie Hancock,Mwandishi,1971,Y,Y,N,N,N,791,Serato - Tidal,
2022-10-18,Time IS,Kahil El’Zabar Quartet,A Time for Healing,2022,Y,Y,N,N,N,651,Serato - Tidal,
2022-10-18,"Sleeping Giant, Pt. 1",The Jazzual Suspects,Lostramentals,2019,Y,Y,N,N,N,367,Serato - Tidal,
2022-10-18,"Sleeping Giant, Pt. 2",The Jazzual Suspects,Lostramentals,2019,Y,Y,N,N,N,342,Serato - Tidal,
2022-10-18,Baby Got Work (DJ Jazzy Jeff & Kaidi Tatham Remix),"Potatohead People, De La Soul, Posdnuos, Kapok",Baby Got Work,2021,N,N,N,Y,N,238,Serato - Tidal,
2022-10-18,FALLEN,AlexInTheMiddle,WONDERLOVE,2022,N,N,N,Y,N,158,Serato - Tidal,
2022-10-18,SHADES OF FLU,Kassa Overall,SHADES OF FLU,2020,Y,N,N,N,N,2254,Serato - Tidal,
2022-10-18,Evening Hours,Jaded Luxuries,Trouble At The Art Gallery,2020,N,Y,N,Y,Y,379,Serato - Booth,
2022-10-25,Miss Kane,Swindle,Blue Note Re:imagined II,2022,Y,Y,N,N,N,256,Serato - Tidal,
2022-10-25,Dream Another,Makaya McCraven,In These Times,2022,Y,Y,N,N,N,192,Serato - Tidal,
2022-10-25,Soft Peng,Ebi Soda,Honk If You're Sad,2022,Y,Y,N,N,N,281,Serato - Tidal,
2022-10-25,always,Jonah Yano,portrait of a dog,2022,N,N,N,Y,N,323,Serato - Tidal,
2022-10-25,Still Feel Broke,Avantdale Bowling Club,TREES,2022,N,N,N,N,N,350,Serato,
2022-10-25,WHATUP,DOMi & JD BECK,NOT TiGHT,2022,Y,Y,N,N,N,148,Serato - Tidal,
2022-10-25,Window Thoughts,"Koralle, Isatta Sheriff, Lex Amor",Window Thoughts,2022,N,N,N,N,N,231,Serato - Tidal,
2022-10-25,Waving Gods,Funky DL,Jazzmatic 3 Jazzstrumentals,2022,N,Y,N,N,N,203,Serato - Tidal,
2022-10-25,Dust On The Curb,"FloFilz, Summers Sons, C.Tappin",Close Distance,2022,N,N,N,N,N,254,Serato - Tidal,
2022-10-25,Rearrange,Datsunn,Forever Flowing,2022,N,Y,N,Y,N,127,Serato,
2022-10-25,Barz Simpson,"Sonnyjim, The Purist, MF DOOM, J A Y  E L E C T R O N I C A",Barz Simpson,2022,N,N,N,N,N,215,Serato - Tidal,
2022-10-25,Triple Trey (Intro / How Much A Dollar Cost),Butcher Brown,Butcher Brown Presents Triple Trey,2022,Y,N,N,N,N,76,Serato - Tidal,
2022-10-25,#1,"Fatima, Joe Armon-Jones",#1,2022,Y,N,N,N,N,393,Serato - Tidal,
2022-10-25,Underlands,Andrew Bird,Inside Problems,2022,N,N,Y,N,N,375,Serato,
2022-10-25,Sunbeam Symphony,Third Attempt,Sunbeam Symphony,2022,N,Y,N,N,N,291,Serato - Tidal,
2022-10-25,Kepler-22b,King Gizzard & The Lizard Wizard,Omnium Gatherum,2022,N,N,N,N,N,192,Serato - Tidal,
2022-10-25,Hummingbird,"Anomalie, Bad Snacks",Galerie,2022,Y,Y,N,Y,N,196,Serato - Tidal,
2022-10-25,So Bad,St. Panther,So Bad,2022,N,N,N,N,N,213,Serato - Tidal,
2022-10-25,Roman Plumbing feat. Kristian Harborg,Axel Boman,Quest for fire,2022,N,N,N,N,N,353,Serato - Tidal,
2022-10-25,Runnin' Tru,Kaidi Tatham,Don't Rush The Process,2022,Y,Y,N,N,N,243,Serato - Tidal,
2022-10-25,So Flute,St. Germain,Tourist,2000,Y,Y,N,N,N,509,Serato,
2022-11-01,On Savait (feat. Caro Dupont et KNLO),Nic Boulay,On Savait (feat. Caro Dupont et KNLO),2022,Y,N,N,Y,N,244,Serato - Tidal,
2022-11-01,Bald,Vienna,In Due Time,2022,Y,N,N,Y,N,141,Serato - Tidal,
2022-11-01,Night Shift (feat. Aso),Blue Wednesday,Night Shift (feat. Aso),2022,N,Y,N,Y,N,168,Serato - Tidal,
2022-11-01,Glow,Karavelo,Puddle Kush,2021,N,Y,N,Y,N,120,Serato - Tidal,
2022-11-01,Summer Think Beat,Moka Only,"Summer 2002, Vol. 2",2022,N,Y,N,Y,N,70,Serato - Tidal,
2022-11-01,Way Too Many Ways,Dijahsb,Head Above the Waters,2021,N,N,N,Y,N,173,Serato - Tidal,
2022-11-01,Water & Tools,Jairus Sharif,Water & Tools,2022,Y,Y,N,Y,Y,416,Serato - Tidal,
2022-11-01,Fear,Robohands,Giallo,2022,Y,Y,N,N,N,191,Serato - Tidal,
2022-11-01,Vieni Con Me,Gianni Brezzo,Tutto Passa,2022,Y,Y,N,N,N,234,Serato,
2022-11-01,Change,King Gizzard & The Lizard Wizard,Changes,2022,N,N,N,N,N,783,Serato - Tidal,Loop intro and mic
2022-11-01,Summer Breeze,"Gotts Street Park, Rosie Lowe",Summer Breeze,2022,N,N,N,N,N,222,Serato - Tidal,Loop intro and mic
2022-11-01,Everywhere I'll Ever Be,Eliza,A Sky Without Stars,2022,N,N,N,N,N,377,Serato - Tidal,
2022-11-01,A Lasting Place,Loyle Carner,hugo,2022,N,N,N,N,N,262,Serato - Tidal,
2022-11-01,Hall of Mirrors,"Oscar Jerome, Léa Sen",The Spoon,2022,N,N,N,N,N,294,Serato - Tidal,
2022-11-01,Ani,Nick Hakim,COMETA,2022,N,N,N,N,N,235,Serato - Tidal,
2022-11-01,Altitude,"Garrett Saracho, Adrian Younge, Ali Shaheed Muhammad",Garrett Saracho JID015,2022,Y,Y,N,N,N,209,Serato - Tidal,Loop intro and mic
2022-11-01,What's Going On,T. Honda,What's Going On,1973,Y,Y,N,N,N,279,Serato,
2022-11-01,Awake,Leland Whitty,Anyhow,2022,Y,Y,N,Y,N,271,Serato - Tidal,
2022-11-01,Moonlite (Duality/Detroit Live Version),Ian Fink,DJ-Kicks: Theo Parrish,2022,Y,Y,N,N,N,499,Serato - Tidal,
2022-11-08,A Mile in My Head,"Raw Poetic, Damu The Fudgemunk",A Mile in My Head,2022,Y,N,N,N,N,302,Serato - Tidal,
2022-11-08,Love the Bomb,Blackbird Belle,Love The Bomb,2022,Y,Y,N,Y,N,207,Serato - Tidal,
2022-11-08,Momentum,Vienna,In Due Time,2022,Y,Y,N,Y,N,112,Serato,
2022-11-08,Live Strong,Ezra Collective,Where I'm Meant To Be,2022,Y,Y,N,N,N,456,Serato - Tidal,
2022-11-08,Sunday's Church,Garrett Saracho,En Medio,1973,Y,Y,N,N,N,651,Serato,
2022-11-08,Banana Leaf,Karavelo,Puddle Kush,2021,N,Y,N,Y,N,84,Serato - Tidal,
2022-11-08,More Coffee Please,Dezron Douglas,More Coffee Please,2022,Y,Y,N,N,N,323,Serato - Tidal,Loop intro and mic
2022-11-08,Loyal (EDD),Sudan Archives,Natural Brown Prom Queen,2022,Y,N,Y,N,N,147,Serato,
2022-11-08,Naturally Conspiring,"Badge Époque Ensemble, Lammping, Boldy James, Roshin",Clouds of Joy: Chance of Reign,2022,Y,N,N,Y,N,215,Serato - Tidal,
2022-11-08,On My Way,"The Kount, CARRTOONS",On My Way,2022,N,Y,N,Y,N,161,Serato - Tidal,
2022-11-08,mythsysizer instinct,"R.A.P. Ferreira, Hemlock Ernst",5 to the Eye with Stars,2022,N,N,N,N,N,240,Serato - Tidal,
2022-11-08,mythsysizer instinct,"R.A.P. Ferreira, Hemlock Ernst",5 to the Eye with Stars,2022,N,N,N,N,N,240,Serato - Tidal,Loop intro and mic
2022-11-08,First Light,"Village of the Sun, Simon Ratcliffe, Moses Boyd, Binker Golding",First Light,2022,Y,Y,N,N,N,348,Serato - Tidal,Mic over intro
2022-11-08,Wind Drifts (Instrumental),Jon Dixon,DJ-Kicks: Theo Parrish,2022,N,Y,N,N,N,460,Serato - Tidal,
2022-11-08,9-5 Silver,Jairus Sharif,Water & Tools,2022,Y,Y,N,Y,Y,182,Serato - Tidal,
2022-11-08,Night Sky,"Cody Currie, Eliza Rose",Lucas,2022,N,N,N,N,N,326,Serato - Tidal,Mic over intro?
2022-11-08,El Cambio Es Necesario,"Ali Shaheed Muhammad, Garrett Saracho, Adrian Younge",Garrett Saracho JID015,2022,Y,Y,N,N,N,292,Serato - Tidal,
2022-11-15,Miró,Twit One,Miró,2022,Y,Y,N,N,N,181,Serato - Tidal,
2022-11-15,odd day (feat. j. kelly),blackmagic.,"Grey Frequencies, Vol. 1",2022,N,N,N,Y,N,135,Serato - Tidal,
2022-11-15,Stacks,Puar,Stacks,2022,N,Y,N,Y,N,88,Serato - Tidal,
2022-11-15,Glassed Out,Blackbird Belle,Love The Bomb,2022,Y,Y,N,Y,N,128,Serato - Tidal,
2022-11-15,Runaway,"Blue Wednesday, Magnus Klausen",Runaway,2021,N,Y,N,Y,N,134,Serato - Tidal,
2022-11-15,Fountain of Dreams,bsd.u,"Late Night Bumps, Vol. 2",2017,N,Y,N,Y,N,150,Serato - Tidal,
2022-11-15,Canopy,Karavelo,Puddle Kush,2021,N,Y,N,Y,N,125,Serato - Tidal,
2022-11-15,Without You,Avantdale Bowling Club,TREES,2022,Y,N,N,N,N,327,Serato,
2022-11-15,Vibrations,Koralle,Vibrations,2022,N,Y,N,N,N,171,Serato - Tidal,
2022-11-15,Realist,LTF,Cinematic Wax,2022,N,Y,N,N,N,181,Serato - Tidal,Beat match and fade in
2022-11-15,Flight in,Vienna,Voicings,2019,N,Y,N,Y,N,197,Serato - Tidal,
2022-11-15,Each Ain't 2 Same,"Badge Époque Ensemble, Lammping, THE03, O.C.",Clouds of Joy: Chance of Reign,2022,Y,N,N,Y,N,184,Serato - Tidal,Loop intro and mic
2022-11-15,"consolation (inspired by Butter Sunday, a poem by Gabrielle Octavia Rucker)",R.A.P. Ferreira,5 to the Eye with Stars,2022,N,N,N,N,N,167,Serato - Tidal,
2022-11-15,Soul To Take,DRAM,What Had Happened Was…,2022,N,N,N,N,N,178,Serato - Tidal,
2022-11-15,Atalaya,Dezron Douglas,Atalaya,2022,Y,Y,N,N,N,198,Serato - Tidal,
2022-11-15,Passion Dance,Teddy Harris,John Sinclair Presents Detroit Artists Workshop,2022,Y,N,N,N,N,454,Serato - Tidal,
2022-11-15,People in the Hall,The Mauskovic Dance Band,Bukaroo Bank,2022,Y,Y,N,N,N,285,Serato - Tidal,"Loop intro and mic, mic over outro?"
2022-11-15,To Be As One (feat. Theo Croker),"STR4TA, Theo Croker",STR4TASFEAR,2022,Y,N,N,N,N,385,Serato - Tidal,
2022-11-15,Cash,"Cody Currie, MIK",Lucas,2022,N,N,N,N,N,275,Serato - Tidal,Fade in
2022-11-15,Fedime's Flight,Jazzanova,Jazzanova EP,1998,Y,Y,N,N,N,424,Serato - Tidal,
2022-11-15,Heartache + U,Bad Colours,Always With U,2022,N,Y,N,N,N,241,Serato - Tidal,Loop intro and fade in
2022-11-15,Hayat,Kit Sebastian,Hayat,2022,Y,N,N,N,N,248,Serato - Tidal,Loop intro and mic
2022-11-15,Universal Loving Kindness,Jazz Spastiks,Intomental,2022,Y,Y,N,N,N,114,Serato - Tidal,
2022-11-15,We Chillin' Out (feat. The Easy Access Orchestra),Kaidi Tatham,Don't Rush The Process,2022,Y,Y,N,N,N,306,Serato - Tidal,
2022-11-22,Joy Cloud,"Badge Époque Ensemble, Lammping",Clouds of Joy: Chance of Reign,2022,N,N,N,Y,N,142,Serato - Tidal,
2022-11-22,Earth in 1610,Vienna,In Due Time,2022,N,Y,N,Y,N,135,Serato,
2022-11-22,Sparkles,DATSUNN,Grass Appeal EP02,2022,N,Y,N,Y,N,145,Serato,
2022-11-22,Therapy pt. 2 (feat. Mac Miller) (Clean Version),Robert Glasper,Black Radio III Supreme Edition,2022,N,N,Y,N,N,203,Serato,
2022-11-22,Back 2 You,Witch Prophet,Back 2 You,2022,N,N,N,Y,N,166,Serato - Tidal,
2022-11-22,French Toast,Puar,French Toast,2022,N,Y,N,Y,N,99,Serato - Tidal,
2022-11-22,75%,blackmagic.,"Grey Frequencies, Vol. 1",2022,N,Y,N,Y,N,105,Serato - Tidal,
2022-11-22,Centric,"Gianni Brezzo, Emanuele Triglia",Amoria,2022,N,Y,N,N,N,191,Serato - Tidal,
2022-11-22,Fair Weather,"Softy, Otis Ubaka",Fair Weather,2022,N,Y,N,N,N,161,Serato - Tidal,
2022-11-22,Too Much Clout,"Declaime, Madlib",Too Much Clout,2022,N,N,N,N,N,173,Serato - Tidal,
2022-11-22,Wild Animals,Liv.e,Wild Animals,2022,N,N,N,N,N,218,Serato - Tidal,
2022-11-22,LUDE,"The Kount, Kaelin Ellis",Vignette,2022,N,Y,N,Y,N,47,Serato - Tidal,
2022-11-22,STAR,"The Kount, Kaelin Ellis",Vignette,2022,N,Y,N,Y,N,122,Serato - Tidal,Loop intro and mic
2022-11-22,Renov,"Chino Corvalán, Telemakus, Seba Ramirez",Endless Era,2022,Y,Y,N,N,N,255,Serato - Tidal,
2022-11-22,City Sounds,STR4TA,STR4TASFEAR,2022,Y,Y,N,N,N,359,Serato - Tidal,
2022-11-22,Caló,"Garrett Saracho, Adrian Younge, Ali Shaheed Muhammad",Garrett Saracho JID015,2022,Y,Y,N,N,N,374,Serato - Tidal,
2022-11-22,Old World,"Carsten Rubeling, Aaron Young",Headwaters,2022,Y,Y,N,Y,Y,122,Serato - Tidal,
2022-11-22,Bag Lady,"José James, Diana Dzhabbar",Bag Lady,2022,Y,N,N,N,N,287,Serato - Tidal,Loop intro and mic
2022-11-22,Bad Company,Yazmin Lacey,Bad Company,2022,Y,N,N,N,N,218,Serato - Tidal,
2022-11-22,Smile,Ezra Collective,Where I'm Meant To Be,2022,Y,Y,N,N,N,303,Serato - Tidal,
2022-11-22,Le Quosett,The Jazzual Suspects,Le Quosett,2022,N,Y,N,N,N,255,Serato - Tidal,Fade out
2022-11-22,Solstice,Lex (de Kalhex),Parallel Presence,2022,N,Y,N,N,N,199,Serato - Tidal,Loop intro and mic
2022-11-22,Ballade,Hans Peter Neergård,Ballade,2022,Y,Y,N,N,N,168,Serato - Tidal,
2022-11-22,Sicily' Box,"Venna, Rocco Palladino, Marco Bernardis, Yussef Dayes",Sicily' Box,2022,Y,Y,N,N,N,245,Serato - Tidal,
2022-11-22,All Along The River,Oddisee,Rock Creek Park,2011,Y,Y,N,N,N,396,Serato - Tidal,
2022-11-29,Impressions,"Gas Lab,Kazumi Kaneda,Javier Martinez Vallejos",Trans Pacific,2022,Y,Y,N,N,N,232,Serato - Tidal,
2022-11-29,All The Things I Couldn't Say To You,Busty and the Bass,Forever Never Cares,2022,N,N,N,Y,N,264,Serato - Tidal,
2022-11-29,Great,"Badge Époque Ensemble, Lammping",Clouds of Joy: Chance of Reign,2022,N,N,N,Y,N,105,Serato - Tidal,
2022-11-29,UNAVAILABLE,Planet Giza,You Don't Understand,2022,N,N,Y,Y,N,130,Serato,
2022-11-29,I LEFT THE WINDOW OPEN ,Mia Gladstone,LOOPY,2022,N,N,Y,N,N,142,Serato,
2022-11-29,Where Are We Going,Venna & Marco,Blue Note Re:Imagined Vol. 2,2022,Y,Y,Y,N,N,225,Serato,
2022-11-29,Something I Wouldn't Do (feat. Estelle),Robert Glasper,Black Radio III Supreme Edition,2022,Y,N,Y,N,N,347,Serato,
2022-11-29,Going Through It.,Avantdale Bowling Club,TREES,2022,Y,N,N,N,N,377,Serato,
2022-11-29,Beat,Vienna,In Due Time,2022,N,Y,N,Y,N,128,Serato,Loop intro and mic
2022-11-29,Summer Sienna,Trog'low,Summer Sienna,2020,N,Y,N,Y,N,153,Serato - Tidal,
2022-11-29,Origin,"Makzo, Axian",Origin,2022,N,Y,N,N,N,129,Serato - Tidal,
2022-11-29,Son of Yvonne,Masta Ace,MA_DOOM: Son of Yvonne,2012,N,N,N,N,N,195,Serato - Tidal,
2022-11-29,Mystics (Live),"Yussef Dayes, Venna",The Yussef Dayes Experience Live at Joshua Tree (Presented by Soulection),2022,Y,Y,N,N,N,227,Serato - Tidal,
2022-11-29,Onkochishin (Low Leaf Remix),"R?nin Arkestra, Low Leaf",Onkochishin,2020,Y,Y,N,N,N,262,Serato - Tidal,
2022-11-29,Being In Love,HNNY,Being In Love,2022,Y,Y,N,N,N,150,Serato - Tidal,Loop intro and mic
2022-11-29,The Gardens,"Garrett Saracho, Adrian Younge, Ali Shaheed Muhammad",Garrett Saracho JID015,2022,Y,Y,N,N,N,362,Serato - Tidal,
2022-11-29,Find Your Heaven (feat. Valerie Etienne),STR4TA,STR4TASFEAR,2022,N,N,N,N,N,308,Serato - Tidal,
2022-11-29,Boom Boom (Kai Alcé Remix),"Horatio Luna, Kai Alcé",Reworks EP,2022,Y,Y,N,N,N,407,Serato - Tidal,
2022-11-29,Brazil,Mo' Horizons,Come Touch The Sun,1999,Y,N,N,N,N,372,Serato - Tidal,
2022-11-29,Moving Quietly,Uyemi,Butterfly Effect EP,2021,N,N,N,Y,Y,203,Serato,
2022-11-29,Pont des Arts,St. Germain,Tourist,2000,Y,Y,N,N,N,446,Serato,Loop intro and mic
2022-12-06,Without A Heart,Lee Fields,Sentimental Fool,2022,N,N,Y,N,N,239,Serato,
2022-12-06,Return feat. Rejoicer,Karolina,All Rivers,2022,N,N,Y,N,N,185,Serato,
2022-12-06,Okhume Ukhaduame,Alhaji Waziri Oshomah,World Spirituality Classics 3: The Muslim Highlife Of Alhaji Waziri Oshomah,2022,Y,Y,Y,N,N,536,Serato,
2022-12-06,Rose For A Lady,Garrett Saracho,En Medio,1973,Y,Y,N,N,N,349,Serato,
2022-12-06,dreamstate bliss,Monodrone,???????????????,2022,N,Y,N,Y,Y,202,Serato,
2022-12-06,Too Fly,Vienna,In Due Time,2022,N,Y,N,Y,N,110,Serato,
2022-12-06,Red Wine,Koralle,Red Wine,2022,N,Y,N,N,N,148,Serato - Tidal,Loop outro and mic
2022-12-06,Unfolding (Momentum 73) [Ron Trent Remix],"Badbadnotgood, Laraaji",Unfolding (Momentum 73) [Ron Trent Remix],2022,N,Y,N,Y,N,512,Serato - Tidal,
2022-12-06,Virgil (Vocal Version),STR4TA,STR4TASFEAR,2022,N,Y,N,N,N,252,Serato - Tidal,
2022-12-06,Let's Give It Up (feat. Archpriest Rev. Wanika K. Stephens & De'Sean Jones),"Waajeed, Archpriest Rev. Wanika K. Stephens, De'sean Jones",Memoirs of Hi-Tech Jazz,2022,Y,Y,N,N,N,325,Serato - Tidal,
2022-12-06,Snake Eyes,Waajeed,Memoirs of Hi-Tech Jazz,2022,Y,Y,N,N,N,332,Serato - Tidal,Loop outro and mic and fade out
2022-12-06,Enn Ik!,LION?KLASH,Sanzman D'Akor,2012,N,N,N,N,N,276,Serato - Tidal,
2022-12-06,The Litigant (Instrumental),Funky DL,Beautiful Soul (Instrumentals),2022,N,Y,N,N,N,309,Serato - Tidal,
2022-12-06,Reminisce,"Jazzbois, Dom Beats",Reminisce,2022,N,Y,N,N,N,215,Serato - Tidal,
2022-12-06,Soviet Zodiak,"Badge Époque Ensemble, Lammping",Clouds of Joy: Chance of Reign,2022,N,Y,N,Y,N,133,Serato - Tidal,
2022-12-06,Melt,Puar,Melt,2022,N,Y,N,Y,N,88,Serato - Tidal,
2022-12-06,Still Searching,Jerk,Bloom,2022,Y,Y,N,N,N,220,Serato - Tidal,Loop outro and mic
2022-12-06,No Words Left,"Hanakiv, Alabaster Deplume",No Words Left,2022,Y,Y,N,N,N,438,Serato - Tidal,
2022-12-06,"Feeling, Now","Photay, Carlos Niño","Feeling, Now",2022,Y,Y,N,N,N,246,Serato - Tidal,
2022-12-13,ark doors,R.A.P. Ferreira,5 to the Eye with Stars,2022,N,N,N,N,N,129,Serato,
2022-12-13,Jimmyrigged,"Puar, Chill Moon Music",Jimmyrigged,2022,N,Y,N,Y,N,113,Serato,
2022-12-13,feeling fine,kawfee,snowstorm,2020,N,Y,N,Y,N,96,Serato,
2022-12-13,snow falls again,DOMINANT,cozy within,2020,N,Y,N,Y,N,150,Serato,
2022-12-13,Steppin In Steppin Out,Moka Only,Martian XMAS 2022,2022,N,N,N,Y,N,154,Serato,
2022-12-13,Mid-City Fiesta,People Under The Stairs,The Next Step,1998,N,N,N,N,N,268,Serato,
2022-12-13,You Make Me Feel So Good,Conor Albert,Blue Note Re:Imagined Vol. 2,2022,Y,N,Y,N,N,191,Serato,
2022-12-13,NITRO,AVI,NITRO,2021,Y,Y,N,Y,Y,121,Serato,
2022-12-13,WHEN I THINK TOO MUCH I GET SICK TO MY STOMACH,Mia Gladstone,LOOPY,2022,N,N,Y,N,N,109,Serato,
2022-12-13,Thank You feat. Amir Bresler,Karolina,All Rivers,2022,N,N,Y,N,N,167,Serato,
2022-12-13,Stay,DATSUNN,APPEALS,2022,N,N,N,Y,N,61,Serato,
2022-12-13,Hey Love,Henkel,Henkel,2012,N,Y,N,Y,N,304,Serato,
2022-12-13,2019-05-19,ETA IVtet,Mondays at The Enfield Tennis Academy,2022,Y,Y,N,N,N,1080,Serato,Loop intro and mic
2022-12-13,Amoria,"Gianni Brezzo, Simone Alessandrini",Amoria,2022,Y,Y,N,N,N,141,Serato - Tidal,Loop intro and mic
2022-12-13,Genesis,"Adrian Younge, Ali Shaheed Muhammad, Phil Ranelin, Wendell Harrison",Phil Ranelin and Wendell Harrison JID016,2023,Y,Y,N,N,N,410,Serato - Tidal,
2022-12-13,Belonging,Ezra Collective,Where I'm Meant To Be,2022,Y,Y,N,N,N,357,Serato - Tidal,
2022-12-13,Distant Land,Madlib,Shades Of Blue: Madlib Invades Blue Note,2003,Y,N,N,N,N,238,Serato - Tidal,
2022-12-13,Home,@Peace,@Peace,2011,N,N,N,N,N,261,Serato - Tidal,Loop intro and mic
2022-12-13,Freeze Me,Butcher Brown,Butcher Brown Presents Triple Trey,2022,Y,N,N,N,N,225,Serato - Tidal,
2022-12-13,Black Gold,Charles Stepney,Step on Step,2022,Y,Y,N,N,N,176,Serato - Tidal,
2022-12-13,Rio Darkness,Bless the Mad,Bless the Mad,2020,Y,Y,N,N,N,153,Serato - Tidal,
2022-12-13,You Ain't Never Been Blue,Blu & Exile,Miles,2020,N,N,N,N,N,306,Serato - Tidal,
2022-12-20,Santa Claus Is Coming To Town,The Jackson 5,Christmas Album,1970,N,N,N,N,N,148,Serato - Tidal,
2022-12-20,CHRISTMASINWAIKIKI,DATSUNN,Cookies n' Milk Vol. 1,2020,N,N,N,Y,N,82,Serato,
2022-12-20,TIMEOFYEAR,DATSUNN,Cookies n' Milk Vol. 1,2020,N,N,N,Y,N,96,Serato,
2022-12-20,COMET,DATSUNN,Cookies n' Milk Vol. 1,2020,N,N,N,Y,N,107,Serato,
2022-12-20,RAINDROPS,DATSUNN,Cookies n' Milk Vol. 1,2020,N,N,N,Y,N,88,Serato,
2022-12-20,STANDINGTHERE,DATSUNN,Cookies n' Milk Vol. 1,2020,N,N,N,Y,N,69,Serato,
2022-12-20,REST,DATSUNN,Cookies n' Milk Vol. 1,2020,N,N,N,Y,N,101,Serato,
2022-12-20,DREAMIN',DATSUNN,Cookies n' Milk Vol. 1,2020,N,N,N,Y,N,96,Serato,
2022-12-20,WHATCHILD?,DATSUNN,Cookies n' Milk Vol. 1,2020,N,N,N,Y,N,80,Serato,
2022-12-20,IT'SHERE,DATSUNN,Cookies n' Milk Vol. 1,2020,N,N,N,Y,N,126,Serato,
2022-12-20,CHARLIESINTERLUDE,DATSUNN,Cookies n' Milk Vol. 1,2020,N,N,N,Y,N,74,Serato,
2022-12-20,DONNY'SOUTRO,DATSUNN,Cookies n' Milk Vol. 1,2020,N,N,N,Y,N,98,Serato,
2022-12-20,NIGHTCREAM,DATSUNN,Cookies n' Milk Vol. 2,2020,N,N,N,Y,N,105,Serato,
2022-12-20,XMASPAST,DATSUNN,Cookies n' Milk Vol. 2,2020,N,N,N,Y,N,94,Serato,
2022-12-20,WOWOWOW,DATSUNN,Cookies n' Milk Vol. 2,2020,N,N,N,Y,N,164,Serato,
2022-12-20,GOTOSLEEP,DATSUNN,Cookies n' Milk Vol. 2,2020,N,N,N,Y,N,126,Serato,"Loop end, talk on entire track"
2022-12-20,Opening Montage,Bird Peterson,The Bird Peterson Holiday Spectacular,2019,N,N,N,N,N,67,Serato,
2022-12-20,Ye Merry Gentlemen,Bird Peterson,The Bird Peterson Holiday Spectacular,2019,N,N,N,N,N,70,Serato,
2022-12-20,Happy Birthday (So Frosty),Bird Peterson,The Bird Peterson Holiday Spectacular,2019,N,N,N,N,N,125,Serato,
2022-12-20,Blue Christmas Loo Loo,Bird Peterson,The Bird Peterson Holiday Spectacular,2019,N,N,N,N,N,117,Serato,
2022-12-20,Christmas Magic,Bird Peterson,The Bird Peterson Holiday Spectacular,2019,N,N,N,N,N,160,Serato,
2022-12-20,Jingle Bells,Bird Peterson,The Bird Peterson Holiday Spectacular,2019,N,N,N,N,N,106,Serato,
2022-12-20,Trees,Bird Peterson,The Bird Peterson Holiday Spectacular,2019,N,N,N,N,N,127,Serato,
2022-12-20,A Special Message From Terry Rimmer Jr,Bird Peterson,The Bird Peterson Holiday Spectacular,2019,N,N,N,N,N,50,Serato,
2022-12-20,Charlie Pt 1 (What A Tree),Bird Peterson,The Bird Peterson Holiday Spectacular,2019,N,N,N,N,N,63,Serato,
2022-12-20,Charlie Pt 2 (Skating),Bird Peterson,The Bird Peterson Holiday Spectacular,2019,N,N,N,N,N,118,Serato,
2022-12-20,One Religious Song (So Grandma Doesn't Give Me What'fer),Bird Peterson,The Bird Peterson Holiday Spectacular,2019,N,N,N,N,N,130,Serato,
2022-12-20,Skitch & I,Bird Peterson,The Bird Peterson Holiday Spectacular,2019,N,N,N,N,N,137,Serato,
2022-12-20,That Christmas,Bird Peterson,The Bird Peterson Holiday Spectacular,2019,N,N,N,N,N,134,Serato,
2022-12-20,Look At Them Presents,Bird Peterson,The Bird Peterson Holiday Spectacular,2019,N,N,N,N,N,107,Serato,
2022-12-20,Holiday Nut Mix,Bird Peterson,The Bird Peterson Holiday Spectacular,2019,N,N,N,N,N,116,Serato,
2022-12-20,Another Special Message From Trim Rim Jr,Bird Peterson,The Bird Peterson Holiday Spectacular,2019,N,N,N,N,N,44,Serato,
2022-12-20,Without Your Loving Arms,Bird Peterson,The Bird Peterson Holiday Spectacular,2019,N,N,N,N,N,110,Serato,
2022-12-20,The Christmas Waltz,Bird Peterson,The Bird Peterson Holiday Spectacular,2019,N,N,N,N,N,75,Serato,
2022-12-20,Let It Snow 2010,Bird Peterson,The Bird Peterson Holiday Spectacular,2019,N,N,N,N,N,88,Serato,
2022-12-20,The Grinch Pt 1 & 2,Bird Peterson,The Bird Peterson Holiday Spectacular,2019,N,N,N,N,N,244,Serato,
2022-12-20,Blazin Yule Logs,Bird Peterson,The Bird Peterson Holiday Spectacular,2019,N,N,N,N,N,87,Serato,
2022-12-20,It's Here,Bird Peterson,The Bird Peterson Holiday Spectacular,2019,N,N,N,N,N,100,Serato,Could loop this in the middle
2022-12-20,Smoochin,Bird Peterson,The Bird Peterson Holiday Spectacular,2019,N,N,N,N,N,105,Serato,
2022-12-20,"A Wish, The Moon, And Silver Tongue Stewart",Bird Peterson,The Bird Peterson Holiday Spectacular,2019,N,N,N,N,N,139,Serato,
2022-12-20,A Semi Special Moment With Dr Rim J,Bird Peterson,The Bird Peterson Holiday Spectacular,2019,N,N,N,N,N,40,Serato,
2022-12-20,8 Day Oil (featuring Deerflesh),Bird Peterson,The Bird Peterson Holiday Spectacular,2019,N,N,N,N,N,126,Serato,
2022-12-20,I Hope,Bird Peterson,The Bird Peterson Holiday Spectacular,2019,N,N,N,N,N,103,Serato,
2022-12-20,Charlie Pt 3 (Hark),Bird Peterson,The Bird Peterson Holiday Spectacular,2019,N,N,N,N,N,162,Serato,
2022-12-20,Charlie Pt 4 (Jingle Bells),Bird Peterson,The Bird Peterson Holiday Spectacular,2019,N,N,N,N,N,142,Serato,
2022-12-20,Snowfall,Bird Peterson,The Bird Peterson Holiday Spectacular,2019,N,N,N,N,N,78,Serato,
2022-12-20,The Spirit Of 89,Bird Peterson,The Bird Peterson Holiday Spectacular,2019,N,N,N,N,N,112,Serato,
2022-12-20,Razzleberry Dressing,Bird Peterson,The Bird Peterson Holiday Spectacular,2019,N,N,N,N,N,248,Serato,
2022-12-27,Hummingbird,"Anomalie, Bad Snacks",Galerie,2022,Y,Y,N,Y,N,196,Serato - Tidal,
2022-12-27,The Mountain (feat K-Riz),Sargeant X Comrade,The Elephant In The Room,2021,N,N,N,Y,Y,184,Serato,
2022-12-27,Awake,Leland Whitty,Anyhow,2022,Y,Y,N,Y,N,271,Serato - Tidal,
2022-12-27,always,Jonah Yano,portrait of a dog,2022,N,N,N,Y,N,323,Serato - Tidal,
2022-12-27,Unfolding (Momentum 73) [Ron Trent Remix],"Badbadnotgood, Laraaji",Unfolding (Momentum 73) [Ron Trent Remix],2022,Y,Y,N,Y,N,512,Serato - Tidal,
2022-12-27,Zodiac,"Badge Époque Ensemble, James Baley",Clouds Of Joy,2022,Y,N,N,Y,N,389,Serato - Tidal,
2022-12-27,Not The Way,"St. Panther, Pierce.blue",Not The Way,2022,N,N,N,N,N,188,Serato - Tidal,Loop intro and mic / loop outro and mic
2022-12-27,mythsysizer instinct,"R.A.P. Ferreira, Hemlock Ernst",5 to the Eye with Stars,2022,N,N,N,N,N,240,Serato - Tidal,Loop intro and mic
2022-12-27,TAKE A CHANCE,"DOMi & JD BECK, Anderson .Paak",NOT TiGHT,2022,Y,N,N,N,N,264,Serato - Tidal,Loop outro and mic
2022-12-27,"Girls, Girls, Girls Part 2",Jay-Z,The Blueprint,2001,N,N,N,N,N,256,Serato - Tidal,
2022-12-27,Trying Girls Out,The Persuaders,The Persuaders,1973,N,N,N,N,N,249,Serato - Tidal,Loop mid as outro and mic
2022-12-27,Couldn’t Be Done (feat. Kelly Price),Freddie Gibbs,$oul $old $eparately,2022,N,N,N,N,N,151,Serato - Tidal,
2022-12-27,They Said It Couldn't Be Done,Norman Feels,Just Sunshine,1973,N,N,N,N,N,245,Serato,
2022-12-27,Jazzy,Emapea,"Seeds, Roots & Fruits",2016,N,Y,N,N,N,180,Serato - Tidal,
2022-12-27,Let It Go,Emapea,Dreaming Zone,2022,N,Y,N,N,N,191,Serato - Tidal,
2022-12-27,Luv (sic.) Pt. 3,Nujabes,Modal Soul,2005,N,Y,N,N,N,336,Serato - Tidal,Loop intro and mic
2022-12-27,Seventh String,Makaya McCraven,In These Times,2022,Y,Y,N,N,N,185,Serato - Tidal,PENDING
2022-12-27,Montara,Kiefer,Why Not? / Montara,2022,Y,Y,N,N,N,323,Serato - Tidal,PENDING
2022-12-27,The Official Bird Peterson New Years Eve Countdown,Bird Peterson,The Official Bird Peterson New Years Eve Countdown,2021,N,N,N,N,N,363,Serato,
2023-01-03,Love Proceeding (Macroblank Remix],"Badbadnotgood, Arthur Verocai",Love Proceeding (Macroblank Remix],2022,Y,Y,N,Y,N,324,Serato - Tidal,
2023-01-03,a warm winter scene,Trog'low,Cozy Season,2022,N,Y,N,Y,N,115,Serato - Tidal,
2023-01-03,Safari,ZForbes,Instrumental Episodes: Volume II,2022,N,Y,N,Y,N,156,Serato - Tidal,
2023-01-03,Studio Freestyle (interlude),"KOTO?, Soft Eyez",Mornington Me,2022,N,N,N,Y,N,32,Serato - Tidal,
2023-01-03,Rover,Henkel,Henkel,2012,Y,Y,N,Y,N,127,Serato - Tidal,
2023-01-03,eye been true,Brainiac,To Whom It May Concern,2022,N,N,N,Y,N,224,Serato - Tidal,
2023-01-03,LET ME KNOW,DJ PUMP,???,2022,N,N,N,Y,Y,178,Serato,
2023-01-03,The Dawn,DATSUNN,APPEALS,2022,N,Y,N,Y,N,120,Serato,
2023-01-03,Black,Moka Only,Martian XMAS 2022,2022,N,Y,N,Y,N,196,Serato,
2023-01-03,Feel Like Making Love,Kay Young,Blue Note Re:Imagined Vol. 2,2022,N,N,Y,N,N,256,Serato,
2023-01-03,Strictly,Vienna,In Due Time,2022,N,N,N,Y,N,158,Serato,
2023-01-03,Take Wing,Gas Lab,Take Wing,2022,N,Y,N,N,N,144,Serato - Tidal,Loop intro and mic
2023-01-03,Will They Try (Beat Edit),Koralle,Eat The Kiwi Skin (Deluxe),2022,N,Y,N,N,N,173,Serato - Tidal,
2023-01-03,To Live and Drive in LA,Drugdealer,Hiding In Plain Sight,2022,N,Y,Y,N,N,121,Serato,
2023-01-03,Jazz is a Four-Letter Word,Nicholas Payton,The Couch Sessions,2022,Y,N,N,N,N,413,Serato - Tidal,Loop intro and mic
2023-01-03,777 (intro),Butcher Brown,Butcher Brown Presents Triple Trey,2022,Y,Y,N,N,N,126,Serato - Tidal,Mic over track
2023-01-03,777,Butcher Brown,Butcher Brown Presents Triple Trey,2022,Y,N,N,N,N,174,Serato - Tidal,
2023-01-03,777 (outro),Butcher Brown,Butcher Brown Presents Triple Trey,2022,Y,Y,N,N,N,76,Serato - Tidal,
2023-01-03,The Dub,Waajeed,Memoirs of Hi-Tech Jazz,2022,Y,Y,N,N,N,376,Serato - Tidal,Loop intro and mic
2023-01-03,Remember,Waajeed,Memoirs of Hi-Tech Jazz,2022,Y,Y,N,N,N,379,Serato - Tidal,Loop outro and mic
2023-01-03,Broken,Little Simz,NO THANK YOU,2022,N,N,N,N,N,449,Serato - Tidal,
2023-01-03,The Smoke (Live at Montreux Jazz Festival),The Smile,"The Smile (Live at Montreux Jazz Festival, July 2022)",2022,Y,N,N,N,N,244,Serato - Tidal,
2023-01-03,Step on Step,Charles Stepney,Step on Step,2022,Y,Y,N,N,N,242,Serato - Tidal,
2023-01-03,Miles Davis,Blu & Exile,Miles,2020,N,N,N,N,N,274,Serato,
2023-01-10,2019-07-08 I,ETA IVtet,Mondays at The Enfield Tennis Academy,2022,Y,Y,N,N,N,1306,Serato,
2023-01-10,Gorilla,Little Simz,NO THANK YOU,2022,N,N,N,N,N,245,Serato - Tidal,Loop intro and mic
2023-01-10,Never Forget What They Did to Fred Hampton (Gengis Don Remix) (feat. Alina Engibaryan),Curtis Nowosad,CNRMXD,2022,Y,N,Y,Y,N,158,Serato,
2023-01-10,Repotting,Vienna,In Due Time,2022,N,N,N,Y,N,101,Serato,
2023-01-10,Self Voodoo feat. Rejoicer,Karolina,All Rivers,2022,N,N,Y,N,N,169,Serato,
2023-01-10,Uteki (feat. Alfa Mist),FloFilz,Close Distance,2022,Y,Y,N,N,N,167,Serato,Loop intro and mic
2023-01-10,Figaro - Instrumental,Madvillain,Madvillainy Instrumentals,2004,N,Y,N,N,N,147,Serato,
2023-01-10,Dry feat. Troy Dunnit,Moka Only,Martian XMAS 2022,2022,N,Y,N,Y,N,193,Serato,
2023-01-10,A Sailboat In The Moonlight (feat. Planet Asia),Sargeant X Comrade,Magic Radio,2020,N,N,N,Y,Y,248,Serato,
2023-01-10,Looking for Tomorrow (Instrumental),Dragon Fli Empire,Banff Avenue,2020,N,Y,N,Y,Y,223,Serato,Mic break
2023-01-10,La cumbia me esta llamando feat. La Perla,Nubya Garcia,Source,2020,Y,Y,N,N,N,255,Serato,
2023-01-10,Don't!,"Badge Époque Ensemble, Lammping",Clouds of Joy: Chance of Reign,2022,N,N,N,Y,N,161,Serato - Tidal,
2023-01-10,Visions,"Total Refreshment Centre, Soccer96, Kieron Boothe",Transmissions From Total Refreshment Centre,2023,Y,N,N,N,N,260,Serato - Tidal,Loop intro and mic
2023-01-10,Dusty Crates,"NK Music, mvnitou, Chill Select",Dusty Nostalgia,2022,N,Y,N,N,N,189,Serato - Tidal,
2023-01-10,Anyhow,Leland Whitty,Anyhow,2022,Y,Y,N,Y,N,421,Serato,
2023-01-10,"Posse Cut (feat. Bambina, Sedona, Sean Nicholas Savage)",Drugdealer,Hiding In Plain Sight,2022,N,N,Y,N,N,367,Serato,
2023-01-17,Black Byrd,Donald Byrd,Live: Cookin' with Blue Note at Montreux,2022,Y,Y,Y,N,N,491,Serato,
2023-01-17,Keiko's Birthday March ,Elvin Jones,Revival: Live at Pookie's Pub ,2022,Y,Y,Y,N,N,1273,Serato,
2023-01-17,Snarlin' Lil Malcom,King Khan,Snarlin' Lil Malcom,2023,Y,Y,N,Y,N,242,Serato - Tidal,
2023-01-17,Home Is Where the Hatred Is (Billa Joints Remix),Curtis Nowosad,CNRMXD,2022,Y,Y,Y,Y,N,211,Serato,
2023-01-17,Lady (Ezra Collective Version),Ezra Collective,Lady (Ezra Collective Version),2023,Y,Y,N,N,N,347,Serato - Tidal,
2023-01-17,Glass Moon,Leland Whitty,Anyhow,2022,Y,Y,N,Y,N,229,Serato,
2023-01-17,Pictures of You (feat. Kate Bollinger),Drugdealer,Hiding In Plain Sight,2022,N,N,Y,N,N,189,Serato,Loop outro and mic
2023-01-17,Grateful,"El Michels Affair, Black Thought",Grateful,2023,N,N,N,N,N,171,Serato - Tidal,
2023-01-17,Red Flags (Instrumental),"Wilczynski, Emesa, Otis Ubaka",Red Flags Instrumentals,2022,Y,Y,N,N,N,152,Serato - Tidal,
2023-01-17,Monsun (Live at Akvarium),"Jazzbois, Dom Beats",Monsun (Live at Akvarium),2022,Y,Y,N,N,N,247,Serato - Tidal,
2023-01-17,Call You Back,Sargeant X Comrade,Call You Back,2022,N,N,N,Y,Y,174,Serato - Tidal,
2023-01-17,Loops,"NK Music, mvnitou, Chill Select",Dusty Nostalgia,2022,N,Y,N,N,N,183,Serato - Tidal,
2023-01-17,Darvas,ZForbes,Instrumental Episodes: Volume II,2022,N,N,N,Y,N,109,Serato - Tidal,
2023-01-17,"Gone Baby, Don't Be Long","José James, Ebban Dorsey","Gone Baby, Don't Be Long",2023,Y,N,N,N,N,473,Serato - Tidal,Loop intro and mic
2023-01-17,Fire In Detroit,"Adrian Younge, Ali Shaheed Muhammad, Phil Ranelin, Wendell Harrison",Phil Ranelin and Wendell Harrison JID016,2023,Y,Y,N,N,N,299,Serato - Tidal,
2023-01-24,The East,Donald Byrd,Live: Cookin' with Blue Note at Montreux,2022,Y,Y,Y,N,N,560,Serato,
2023-01-24,Feed the Fire,Nicholas Payton,The Couch Sessions,2022,Y,Y,Y,N,N,497,Serato,
2023-01-24,My Funny Valentine ,Elvin Jones,Revival: Live at Pookie's Pub ,2022,Y,Y,Y,N,N,506,Serato,
2023-01-24,Message to Jun,"Posy, Seb Zillner",I Know A Place,2023,Y,Y,N,N,N,185,Serato - Tidal,
2023-01-24,4CHORDS,"Steve Jackson, Carsten Rubeling",4CHORDS,2023,Y,Y,N,Y,Y,366,Serato - Tidal,Loop intro and mic
2023-01-24,Around The Globe,"Nu Vintage, Pat Van Dyke",Around The Globe,2023,Y,Y,N,N,N,181,Serato - Tidal,
2023-01-24,On & On,"José James, Diana Dzhabbar, Ebban Dorsey",On & On,2023,Y,N,N,N,N,357,Serato - Tidal,
2023-01-24,Late Night People,Yazmin Lacey,Late Night People,2023,N,N,N,N,N,334,Serato - Tidal,
2023-01-24,THEO SAYS (feat. Ego Ella May & D'LEAU),Theo Croker,THEO SAYS,2023,Y,N,N,N,N,259,Serato - Tidal,Loop outro and mic
2023-01-24,Whats Going On,Atamone,Ville-Marie,2023,N,Y,N,Y,N,111,Serato - Tidal,
2023-01-24,Outro 2023,Potelin,2023,2023,N,Y,N,Y,N,231,Serato - Tidal,
2023-01-24,Blues 4 Colin K (Misha “Silky” Savage & Jett Carter Remix),Curtis Nowosad,CNRMXD,2022,N,N,Y,Y,N,146,Serato,
2023-01-24,"Just You, Just Me",DATSUNN,APPEALS,2022,N,Y,N,Y,N,82,Serato,
2023-01-24,Master of Ault,The Jazzual Suspects,Master of Ault,2023,Y,N,N,N,N,220,Serato - Tidal,
2023-01-24,Scissors,Brainstory,Scissors,2021,N,Y,N,N,N,146,Serato - Tidal,
2023-01-24,Down Here On The Ground (Unmah Remix),"Grant Green, Dianne Reeves",The New Groove: The Blue Note Remix Project Vol. 1,1996,Y,N,N,N,N,306,Serato - Tidal,Loop intro and mic
2023-01-24,Love In Outer Space (feat. Nao),Ezra Collective,Where I'm Meant To Be,2022,Y,N,N,N,N,341,Serato - Tidal,
2023-01-24,This Must Be Deep (Jazzy Lounge),"Gil Scott-Heron, Kek'star",This Must Be Deep (Jazzy Lounge),2022,Y,N,N,N,N,345,Serato - Tidal,
2023-01-31,Blowin Wax,People Under the Stairs,Question In The Form Of An Answer,2000,N,N,N,N,N,275,Serato,
2023-01-31,La Goutte D'Or,St. Germain,Tourist,2000,Y,Y,N,N,N,381,Serato,
2023-01-31,Get Involved,Pete Rock,Petestrumentals,2001,N,Y,N,N,N,305,Serato,
2023-01-31,Mellowmindnuss,Atamone,Nitespliffs,2017,N,Y,N,Y,N,93,Serato,
2023-01-31,The Climb (feat. Thundercat),Flying Lotus,Flamagra,2019,N,N,N,N,N,201,Serato,Loop intro and mic
2023-01-31,Walk in the Sunset,Uyama Hiroto,A Son of the Sun,2018,Y,Y,N,N,N,315,Serato - Tidal,Loop outro and mic
2023-01-31,"Warning Talk, Part Three",David Axelrod,The Edge: David Axelrod At Capitol Records 1966,1970,Y,N,N,N,N,278,Serato - Tidal,
2023-01-31,The Free Up (Party People),Ras G,Beatz of Mind,2010,N,N,N,N,N,222,Serato - Tidal,
2023-01-31,Funky Blue Note,"Morgan Adams Quartet Plus Two, Madlib",Shades of Blue: Madlib Invades Blue Note,2003,N,N,N,N,N,187,Serato - Tidal,
2023-01-31,What a Day,Kiefer,Happysad,2018,N,Y,N,N,N,157,Serato - Tidal,
2023-01-31,Mantranada,Kawfee,Big chillin’,2019,N,Y,N,Y,N,73,Serato - Tidal,
2023-01-31,Black Ego,Digable Planets,Blowout Comb,1994,N,N,N,N,N,422,Serato - Tidal,Loop intro and mic
2023-01-31,Speak The Language (feat. Lizz Fields),Jazz Liberatorz,Clin D'oeil,2008,N,N,N,N,N,360,Serato - Tidal,
2023-01-31,CMYK,BADBADNOTGOOD,BBNG2,2012,Y,Y,N,Y,N,316,Serato,
2023-01-31,The Blackwidow Blues (Album Version),Buckshot LeFonque,Buckshot Lefonque,1994,Y,Y,N,N,N,368,Serato - Tidal,Loop intro and mic
2023-01-31,Santiago,Tarik Robinson,Unión Latinoamericana (Beat Tape),2019,N,Y,N,Y,Y,139,Serato,
2023-01-31,3-D Lifestyles,Greg Osby,3-D Lifestyles,1993,N,N,N,N,N,247,Serato - Tidal,
2023-01-31,flower.mask,Laizlo,2MOrrow,2020,N,Y,N,Y,N,94,Serato,
2023-01-31,Blue Rainbow,Local Talent,Higienópolis,2019,Y,Y,N,Y,N,312,Serato,
2023-01-31,Go Away,Jeff Parker,Suite For Max Brown,2020,Y,Y,N,N,N,299,Serato,
2023-02-07,Young Mike and Chris Floating Free,Thes One,"Farewell, My Friend",2023,N,Y,N,N,N,293,Serato - Tidal,
2023-02-07,90s Mike and Chris on the Porch,Thes One,"Farewell, My Friend",2023,N,Y,N,N,N,268,Serato - Tidal,
2023-02-07,Mike and Chris leave for their First Tour,Thes One,"Farewell, My Friend",2023,N,Y,N,N,N,245,Serato - Tidal,
2023-02-07,Broke Boi Anthem,Dijahsb,2020 the Album,2020,N,N,N,Y,N,234,Serato - Tidal,
2023-02-07,Moonstone,Docta Swatch,"Precious Gems, Vol. 3",2021,N,Y,N,Y,N,139,Serato - Tidal,
2023-02-07,Key Signature,Dday One,Parallel Presence,2022,N,Y,N,N,N,266,Serato - Tidal,
2023-02-07,Vox Obscura,Blackbird Belle,Vox Obscura,2023,N,N,N,Y,N,207,Serato - Tidal,
2023-02-07,Grand Noir,"G Mills, Webmoms, Relyae, Tom Doolie",PLYGRND Beat Retreat 2022,2022,N,Y,N,N,N,137,Serato - Tidal,
2023-02-07,Angel,Little Simz,NO THANK YOU,2022,N,N,Y,N,N,352,Serato,Loop intro and mic
2023-02-07,The Water Protectors (Jessi Lee Remix) (feat. Michael Mayo),Curtis Nowosad,CNRMXD,2022,N,N,Y,Y,N,168,Serato,
2023-02-07,You’ve Got It Bad Girl,Donald Byrd,Live: Cookin' with Blue Note at Montreux,2022,Y,Y,Y,N,N,462,Serato,fade in
2023-02-07,Windows,Leland Whitty,Anyhow,2022,Y,Y,N,Y,N,298,Serato,
2023-02-07,Slow Down,"Blue Lab Beats, Ego Ella May",Motherland Journey,2022,N,N,N,N,N,256,Serato - Tidal,Loop intro and mic
2023-02-07,The Wilhelm Scream (Quarantine Sessions),Tom Misch,Quarantine Sessions,2021,Y,Y,N,N,N,298,Serato - Tidal,
2023-02-07,THE MONSTER & THE MUSE,"_BY.ALEXANDER, Irina Shayk",000 CHANNEL BLACK,2020,Y,Y,N,N,N,342,Serato - Tidal,
2023-02-07,Legacy,"Antoine Berjeaut, Léon Phal, Emile Londonien",Legacy,2023,Y,Y,N,N,N,269,Serato - Tidal,
2023-02-07,glow worms,Jonah Yano,portrait of a dog,2023,Y,N,N,Y,N,329,Serato - Tidal,
2023-02-07,The Healer,"José James, Ebban Dorsey",The Healer,2022,N,N,N,N,N,352,Serato - Tidal,
2023-02-07,Running With The Tribe,"Adrian Younge, Ali Shaheed Muhammad, Phil Ranelin, Wendell Harrison",Phil Ranelin and Wendell Harrison JID016,2023,Y,Y,N,N,N,242,Serato,
2023-02-14,X,Little Simz,NO THANK YOU,2022,N,N,Y,N,N,364,Serato,
2023-02-14,Unity Gain,Scrimshire,Unity Gain,2023,Y,Y,N,N,N,341,Serato - Tidal,
2023-02-14,Vanity,River Tiber,Dreaming Eyes,2022,N,N,Y,Y,N,200,Serato,
2023-02-14,Prelude,Monodrone,????,2023,Y,Y,N,Y,Y,232,Serato,
2023-02-14,Christina,Nicholas Payton,The Couch Sessions,2022,Y,Y,Y,N,N,396,Serato,
2023-02-14,Vinternatt (feat. Née Pauline),Hans Peter Neergård,Til deg,2023,Y,Y,N,N,N,218,Serato,
2023-02-14,Heart Stepper,"D-Styles, J Scienide",The Periodic Tables of Excellence,2022,N,N,N,N,N,228,Serato - Tidal,Loop intro and mic
2023-02-14,the ordinary is ordinary because it ordinarily repeats,Jonah Yano,portrait of a dog,2023,Y,Y,N,Y,N,378,Serato - Tidal,
2023-02-14,In Circles,Leland Whitty,Anyhow,2022,Y,Y,N,Y,N,222,Serato,
2023-02-14,Ice In My Wine,Beatchild,THIS (remastered),2023,N,Y,N,Y,N,231,Serato,Loop intro and mic
2023-02-14,BC,Alfa Mist,Variables,2023,Y,Y,N,N,N,450,Serato - Tidal,
2023-02-14,Eloquence,"Total Refreshment Centre, MATTERS UNKNOWN, Miryam Solomon",Transmissions From Total Refreshment Centre,2023,Y,N,N,N,N,226,Serato - Tidal,
2023-02-14,Beyond the Dream (musclecars's Dub),Jazzanova,Beyond the Dream (musclecars' Reimaginations),2023,Y,Y,N,N,N,488,Serato - Tidal,Loop intro and mic
2023-02-14,Lazy Days (feat. Emma-Jean Thackray),"STR4TA, Emma-Jean Thackray",STR4TASFEAR,2022,Y,N,N,N,N,268,Serato - Tidal,
2023-02-14,Kwame,Donald Byrd,Live: Cookin' with Blue Note at Montreux,2022,Y,Y,Y,N,N,710,Serato - Booth,
2023-02-21,3rd Power,re.verse,Meridian,2022,Y,Y,N,Y,N,341,Serato,
2023-02-21,Chandler feat. Yazz Ahmed,Ebi Soda,Tru Thoughts 2022,2022,Y,Y,Y,N,N,221,Serato,
2023-02-21,Someone to Love,Drugdealer,Hiding In Plain Sight,2022,N,N,Y,N,N,236,Serato,
2023-02-21,Deep Dreams,DATSUNN,APPEALS,2022,N,Y,N,Y,N,107,Serato,
2023-02-21,In Between,River Tiber,Dreaming Eyes,2022,N,N,Y,Y,N,257,Serato,
2023-02-21,The Austin Scene,Zac Colwell,The Austin Scene,2023,Y,Y,N,N,N,283,Serato,
2023-02-21,Silhouette,Little Simz,NO THANK YOU,2022,N,N,Y,N,N,393,Serato,"Loop middle, mic, play out"
2023-02-21,Hold on Tight,Beatchild,THIS (remastered),2023,N,Y,N,Y,N,207,Serato,
2023-02-21,Les Souterrains,Cinephonic,Visions,2023,N,Y,Y,Y,N,219,Serato - Tidal,
2023-02-21,Plight,"Total Refreshment Centre, Resavoir",Transmissions From Total Refreshment Centre,2023,Y,Y,N,N,N,451,Serato - Tidal,
2023-02-21,I Am A Part Of The Wonder,Lonnie Holley,I Am A Part Of The Wonder,2023,Y,Y,N,N,N,348,Serato - Tidal,
2023-02-21,4th Feb (Stay Awake),Alfa Mist,Variables,2023,Y,N,N,N,N,180,Serato - Tidal,Loop intro and mic
2023-02-21,SOMETHIN' (feat. Ego Ella May & Jeff Parker) (Extended Take),"Theo Croker, Ego Ella May, Jeff Parker",BY THE WAY,2023,Y,N,N,N,N,369,Serato - Tidal,
2023-02-21,Feeling Home,Gianni Brezzo,Feeling Home,2023,Y,Y,N,N,N,207,Serato - Tidal,
2023-02-21,Blastoise,Bentley,The Lab,2023,Y,Y,N,N,N,487,Serato,
2023-02-21,the long retreat,Birocratic,the long retreat,2022,Y,Y,N,N,N,174,Serato - Tidal,
2023-02-21,I Get Physical,"Pete Rock, C.L. Smooth",The Main Ingredient,1994,N,N,N,N,N,304,Serato - Tidal,
2023-02-21,Fall,Nicholas Payton,The Couch Sessions,2022,Y,Y,Y,N,N,450,Serato - Booth,
2023-02-28,No Merci,Little Simz,NO THANK YOU,2022,N,N,Y,N,N,317,Serato,
2023-02-28,Energy Vampire (feat. DillanPonders),Witch Prophet,Energy Vampire (feat. DillanPonders),2023,N,N,N,Y,N,182,Serato - Tidal,
2023-02-28,Indigo (Potatohead People Remix),"Yoh, CARRTOONS, NDO",Indigo (Potatohead People Remix),2023,N,N,N,Y,N,216,Serato - Tidal,
2023-02-28,saturnalia,$irrebral,SOUL TAPE IV,2023,N,Y,N,Y,N,156,Serato - Tidal,
2023-02-28,Kemosabe,Blue Wednesday,Kemosabe,2022,N,Y,N,Y,N,159,Serato - Tidal,
2023-02-28,Tribulations,Cinephonic,Visions,2023,Y,Y,Y,Y,N,242,Serato - Tidal,
2023-02-28,so sweet,Jonah Yano,portrait of a dog,2023,Y,N,N,Y,N,282,Serato - Tidal,
2023-02-28,On the Run,"Farah Audhali, Blue Lab Beats",On the Run,2023,Y,N,N,N,N,231,Serato - Tidal,
2023-02-28,Isa,"Total Refreshment Centre, Zeitgeist Freedom Energy Exchange, Noah Slee",Transmissions From Total Refreshment Centre,2023,Y,N,N,N,N,346,Serato - Tidal,Loop intro and mic
2023-02-28,Medley: Don't You Worry Bout A Thing (Live At Spear for Moondog),Yesterday's New Quintet,Madlib Medicine Show #7: High Jazz,2010,Y,N,N,N,N,879,Serato - Tidal,
2023-02-28,Tell Him feat. Lalah Hathaway,Moonchild,Tru Thoughts 2022,2022,Y,N,Y,N,N,234,Serato,
2023-02-28,Sunset,River Tiber,Dreaming Eyes,2022,N,N,Y,Y,N,127,Serato,
2023-02-28,I Raw (feat. Horatio Luna),Holucinus,I Raw (feat. Horatio Luna),2023,Y,Y,N,N,N,226,Serato,Loop intro and mic
2023-02-28,Gotta Love Again (Kaidi Tathum Remix),Marcos Valle,Remixes JID010,2021,Y,Y,N,N,N,342,Serato,
2023-02-28,All Around (Renegades Of Jazz Remix),sUb_modU,Tru Thoughts 2022,2022,Y,Y,Y,N,N,312,Serato,
2023-02-28,Slow Dancing to a Fast Break,Sweatson Klank,Jewels From The Sun EP,2021,Y,Y,N,N,N,289,Serato,
2023-02-28,Soul Drums On 110th Street,The Bongolian,Harlem Hipshake,2020,Y,Y,N,N,N,165,Serato,
2023-02-28,You’re the One – TJ,Various Artists,DJ Amir Presents ‘Strata Records The Sound of Detroit’ Volume 1,2021,Y,N,N,N,N,236,Serato,
2023-03-07,Unusual,Beatchild,THIS (remastered),2023,N,N,N,Y,N,198,Serato,
2023-03-07,C-Side feat. Denitia (Hemai Remix),Sly5thAve,Tru Thoughts 2022,2022,Y,N,Y,N,N,237,Serato,
2023-03-07,FRFO!,re.verse,Meridian,2022,Y,Y,N,Y,N,355,Serato,
2023-03-07,Everyone's Sleeping,River Tiber,Dreaming Eyes,2022,N,N,Y,Y,N,261,Serato,
2023-03-07,RICH FLEXXX,DJ PUMP,???,2022,N,N,N,Y,Y,219,Serato,
2023-03-07,sittlichkeit (prod. Basico & ZOCHI),R.A.P. Ferreira,5 to the Eye with Stars,2022,N,N,N,N,N,149,Serato,
2023-03-07,Foxy Brown,David Newman,JAZZZIPS.003,1974,Y,Y,N,N,N,303,Serato,
2023-03-07,Jazzberry Patch,Jazzberry Patch,Jazzberry Patch,1977,Y,Y,N,N,N,1194,Serato,
2023-03-07,SHADES 3,Kassa Overall,SHADES 3,2023,Y,N,N,N,N,2547,Serato,
2023-03-14,portrait of a dog,Jonah Yano,portrait of a dog,2023,N,N,N,Y,N,260,Serato - Tidal,
2023-03-14,L'Étoile,Cinephonic,Visions,2023,Y,Y,Y,Y,N,287,Serato - Tidal,
2023-03-14,Hypnotized,River Tiber,Dreaming Eyes,2022,N,N,Y,Y,N,250,Serato,
2023-03-14,Who Even Cares,Little Simz,NO THANK YOU,2022,N,N,Y,N,N,277,Serato,
2023-03-14,Broken Biscuits,Rebecca Vasmant,Tru Thoughts 2022,2022,Y,N,Y,N,N,377,Serato,
2023-03-14,Teach Me feat. Kiesza,Joey Bada$$,B4.DA.$$,2015,N,N,N,N,N,258,Serato,
2023-03-14,Live At The Evelyn,Horatio Luna,Live At The Evelyn,2023,Y,Y,N,N,N,1779,Serato,
2023-03-14,MOSAIC | Short Film,Louis La Roche,MOSAIC | Short Film,2020,N,N,N,N,N,1510,Serato,
2023-03-14,Self-Medicated,Monodrone,????,2023,Y,Y,N,Y,Y,311,Serato,
2023-03-21,2019-07-08 II,Jeff Parker ETA IVtet,Mondays at The Enfield Tennis Academy,2022,Y,Y,N,N,N,1417,Serato,
2023-03-21,Confessions Pt II (feat. Colin Stetson),BADBADNOTGOOD,IV,2016,Y,Y,N,Y,N,384,Serato,
2023-03-21,Douleur,Cinephonic,Visions,2023,Y,Y,Y,Y,N,272,Serato - Tidal,
2023-03-21,Home,Avantdale Bowling Club,Avantdale Bowling Club,2018,N,N,N,N,N,454,Serato - Tidal,
2023-03-21,Years Gone By,Avantdale Bowling Club,Avantdale Bowling Club,2018,N,N,N,N,N,438,Serato - Tidal,
2023-03-21,F(r)iends,Avantdale Bowling Club,Avantdale Bowling Club,2018,N,N,N,N,N,370,Serato - Tidal,
2023-03-21,Water (Medley),Avantdale Bowling Club,Avantdale Bowling Club,2018,N,N,N,N,N,556,Serato - Tidal,
2023-03-21,Quincy's March,Avantdale Bowling Club,Avantdale Bowling Club,2018,N,N,N,N,N,453,Serato - Tidal,
2023-03-21,Going Through It.,Avantdale Bowling Club,TREES,2022,N,N,N,N,N,377,Serato - Tidal,
2023-03-21,"Anytime, Anywhere",Monodrone,????,2023,Y,Y,N,Y,Y,279,Serato,
2023-03-28,2021-04-28,Jeff Parker ETA IVtet,Mondays at The Enfield Tennis Academy,2022,Y,Y,N,N,N,1217,Serato,
2023-03-28,WYLTK,Slowe,Tru Thoughts 2022,2022,Y,N,Y,N,N,238,Serato,
2023-03-28,If I Were Me,David Lavoie,If I Were Me,2023,Y,Y,N,Y,Y,143,Serato,
2023-03-28,La Raison d'être,Beatchild,THIS (remastered),2023,N,Y,N,Y,N,207,Serato,Loop outro and mic
2023-03-28,Borealis,re.verse,Meridian,2022,Y,Y,N,Y,N,314,Serato,
2023-03-28,Inside Out,River Tiber,Dreaming Eyes,2022,N,N,Y,Y,N,218,Serato,
2023-03-28,Contact,Kelela,Raven,2023,N,N,Y,N,N,240,Serato,
2023-03-28,Fooley,Kelela,Raven,2023,N,N,Y,N,N,214,Serato,Loop outro and mic (mic over last 50s)
2023-03-28,Batholith Street,KAZUMI KANEDA,Batholith Street,2023,Y,Y,N,N,N,190,Serato,
2023-03-28,I'm Journaling More,Mad Keys,I'm Journaling More,2023,Y,Y,N,N,N,120,Serato,
2023-03-28,River Flows,"Maple Syrup, T. Check & Paul Midihill",River Flows,2023,Y,Y,N,N,N,227,Serato,
2023-03-28,Glassnoodles,Dominic J Marshall,Glassnoodles,2023,Y,Y,N,N,N,215,Serato,
2023-03-28,Rainfalls,Keeth,Rainfalls,2023,Y,Y,N,N,N,217,Serato,Mic over last little bit
2023-03-28,Ready To Ball,Kassa Overall,Ready To Ball,2023,Y,N,N,N,N,207,Serato - Tidal,
2023-03-28,To Be As One (feat. Theo Croker) [Classical Re Edit],"STR4TA, Theo Croker",The Demus Dubs,2023,Y,N,N,N,N,438,Serato - Tidal,
2023-03-28,Closed Circle,Byron Wallen,Transmissions From Total Refreshment Centre,2023,Y,N,N,N,N,437,Serato - Tidal,
2023-03-28,Far From Here,"Busty and the Bass, Magi Merlin",Forever Never Cares,2023,Y,N,N,Y,N,268,Serato,
2023-04-04,Haseen Thi,"Arooj Aftab, Vijay Iyer, Shahzad Ismaily",Love In Exile,2023,Y,N,N,N,N,728,Serato - Tidal,
2023-04-04,Non-Duality,Muriel Grossmann,Universal Code,2022,Y,Y,N,N,N,532,Serato - Tidal,
2023-04-04,Douglas Firs,Redline Trio,Underdog MP3,2023,Y,Y,Y,Y,Y,479,Serato,
2023-04-04,Ending Beginnings,The JuJu Exchange,JazzRx,2023,Y,Y,N,N,N,169,Serato - Tidal,Loop intro and mic
2023-04-04,Always Here,The JuJu Exchange,JazzRx,2023,Y,N,N,N,N,201,Serato - Tidal,
2023-04-04,From Avalanche,Genevieve Artadi,Forever Forever,2023,Y,N,Y,N,N,238,Serato,
2023-04-04,"Unforgotten, Unforgiven","Scrimshire, Nat Birchall","Unforgotten, Unforgiven",2023,Y,N,N,N,N,276,Serato - Tidal,
2023-04-04,Rainbow Road,River Tiber,Dreaming Eyes,2022,N,N,Y,Y,N,115,Serato,
2023-04-04,Rule of 12ths,Palm Skin Productions,Tru Thoughts 2022,2022,Y,Y,Y,N,N,130,Serato,
2023-04-04,Chill Back,Beatchild,THIS (remastered),2023,N,Y,N,Y,N,328,Serato,Loop outro and mic
2023-04-04,dance,$irrebral,SOUL TAPE IV,2023,N,N,N,Y,N,123,Serato - Tidal,
2023-04-04,Where to Start?,Vienna,Voicings,2019,N,Y,N,Y,N,109,Serato - Tidal,
2023-04-04,Arrepender de Conformar,Kitjohari,Tango Mango,2021,N,N,N,Y,N,193,Serato,
2023-04-04,I'm Still Somehow,"El Michels Affair, Black Thought",I'm Still Somehow,2023,N,N,N,N,N,124,Serato - Tidal,
2023-04-04,Make My Way Back Home,"Kassa Overall, Nick Hakim, Theo Croker",ANIMALS,2023,Y,N,N,N,N,236,Serato - Tidal,
2023-04-04,Bread,Ivan Ave,Bread,2023,N,N,N,N,N,208,Serato - Tidal,Loop outro and mic
2023-04-04,JAY LUV,30/70,ART MAKE LOVE,2023,N,N,N,N,N,301,Serato - Tidal,
2023-04-04,HEAVEN TO ME,"Tyler, The Creator",CALL ME IF YOU GET LOST: The Estate Sale,2023,N,N,N,N,N,230,Serato - Tidal,Slow to min at end and start next
2023-04-04,Too Many Bags (Kaidi's Remix),"Nyamekye Junction, Kaidi Tatham",Too Many Bags (Kaidi's Remix),2023,N,N,N,N,N,389,Serato,
2023-04-11,Reflex,JSPHYNX,Reflex,2023,Y,Y,N,N,N,475,Serato - Tidal,
2023-04-11,Black Shirts,Genevieve Artadi,Forever Forever,2023,Y,N,Y,N,N,213,Serato,
2023-04-11,The Final Note,Wax Tailor,Fishing For Accidents,2023,N,Y,Y,N,N,206,Serato,
2023-04-11,Came To Spray feat. Taja,Jonny Faith,Tru Thoughts 2022,2022,Y,N,Y,N,N,197,Serato,
2023-04-11,Meridian,re.verse,Meridian,2022,Y,Y,N,Y,N,320,Serato,
2023-04-11,call the number,Jonah Yano,portrait of a dog,2023,Y,N,N,Y,N,218,Serato,
2023-04-11,For Granted,"Dinner Party, Terrace Martin, Robert Glasper, Kamasi Washington, Arin Ray, 9th Wonder",For Granted (feat. Arin Ray & 9th Wonder),2023,Y,N,N,N,N,172,Serato - Tidal,
2023-04-11,Keep It On,Karriem Riggins,Headnod Suite,2017,N,N,N,N,N,88,Serato - Tidal,"Loop outro and mic over whole track, fade out"
2023-04-11,Ascension,Tommaso Cappellato,Ascension,2023,Y,Y,N,N,N,321,Serato,
2023-04-11,Silver Rain,Leland Whitty,Anyhow,2022,Y,Y,N,Y,N,201,Serato,
2023-04-11,The Waltz,Redline Trio,Underdog,2023,Y,Y,Y,Y,Y,362,Serato,
2023-04-11,Mountain Sunlight (feat. Mos Def),Jazz Liberatorz,Fruit of the Past,2008,Y,N,N,N,N,200,Serato - Tidal,Loop intro and mic
2023-04-11,Hump,Herbie Hancock,Dis Is Da Drum,1993,Y,Y,N,N,N,284,Serato - Tidal,
2023-04-11,Oak Island,Henkel,Henkel,2012,Y,Y,N,Y,N,208,Serato - Tidal,
2023-04-11,Desoleil (Brilliant Corners),"Loyle Carner, Sampha","Not Waving, But Drowning",2019,N,N,N,N,N,220,Serato - Tidal,
2023-04-11,deep in it,"berlioz, Ted Jasper",deep in it,2023,Y,Y,N,N,N,155,Serato - Tidal,
2023-04-11,Spring,HNNY,Spring,2023,Y,Y,N,N,N,263,Serato - Tidal,Loop intro and mic
2023-04-11,Tiara St,"S. Fidelity, K. Le Maestro, Aspene",Fidelity Radio Club,2021,Y,Y,N,N,N,208,Serato - Tidal,
2023-04-11,ALL 4 U,30/70,ART MAKE LOVE,2023,Y,N,N,N,N,387,Serato - Tidal,
2023-04-11,Figure Numatic,Nubiyan Twist,Nubiyan Twist,2015,Y,N,N,N,N,430,Serato - Tidal,RECORD
2023-04-18,"in sun, out of sun (feat. Slauson Malone)",Jonah Yano,portrait of a dog,2023,N,N,N,Y,N,172,Serato,
2023-04-18,Find the Shadow (dub),re.verse,Meridian,2022,Y,Y,N,Y,N,203,Serato,
2023-04-18,Not Just Anyone,River Tiber,Dreaming Eyes,2022,Y,N,Y,Y,N,208,Serato,
2023-04-18,Time Shuffle,DATSUNN,APPEALS,2023,N,Y,N,Y,N,119,Serato,
2023-04-18,Svalbard,Leland Whitty,Anyhow,2022,Y,Y,N,Y,N,149,Serato,
2023-04-18,Galactic Diamonds,Redline Trio,Underdog,2023,Y,Y,Y,Y,Y,521,Serato,
2023-04-18,Forever Forever,Genevieve Artadi,Forever Forever,2023,Y,N,Y,N,N,265,Serato,
2023-04-18,New Heights,Kamaal Williams,New Heights / Snitches Brew,2019,Y,Y,N,N,N,239,Serato - Tidal,Loop end and mic
2023-04-18,Light Drops,Kinkajous,Hidden Lines,2019,Y,Y,N,N,N,286,Serato - Tidal,
2023-04-18,Brother's Shuffle,"Hemai, Maralisa",Strange Beauty,2021,Y,N,N,N,N,312,Serato - Tidal,
2023-04-18,Sun,GODTET,III,2020,Y,Y,N,N,N,240,Serato - Tidal,Fade out
2023-04-18,Red Velvet,Bentley,Lazybones,2022,Y,Y,N,N,N,183,Serato - Tidal,Loop end and mic
2023-04-18,Evil Eye,Kiefer,Kickinit Alone,2017,Y,Y,N,N,N,141,Serato - Tidal,
2023-04-18,Immortality Project,Kipp Stone,Immortality Project,2023,N,N,N,N,N,256,Serato - Tidal,
2023-04-18,90 Degrees,Yazmin Lacey,90 Degrees,2018,N,N,N,N,N,255,Serato - Tidal,
2023-04-18,_21,Liv.e,CWTTY+,2021,N,N,N,N,N,160,Serato - Tidal,Loop end and mic
2023-04-18,PPL,DRAM,What Had Happened Was…,2022,N,N,N,N,N,194,Serato - Tidal,
2023-04-18,Quiet Isle,McNeal & Niles,Thrust,2004,Y,Y,N,N,N,381,Serato - Tidal,
2023-04-18,Try Walk with Me (feat. Asheber),Joe Armon-Jones,Turn to Clear View,2019,Y,N,N,N,N,259,Serato - Tidal,Fade out
2023-04-18,Meow Meow,Ebi Soda,Ugh,2020,Y,Y,N,N,N,299,Serato - Tidal,
2023-04-18,Into the Dark,Marc Moulin,Top Secret,2002,Y,N,N,N,N,392,Serato - Tidal,RECORD
2023-04-25,Bad Weather (STR4TA Remix) (Radio Edit),Anushka,Tru Thoughts 2022,2022,Y,N,Y,N,N,211,Serato,
2023-04-25,Nice,Genevieve Artadi,Forever Forever,2023,Y,N,Y,N,N,185,Serato,
2023-04-25,Taurus,River Tiber,Dreaming Eyes,2022,N,N,Y,Y,N,213,Serato,
2023-04-25,Floating in Plastic,Idle Moon,NOMAD,2023,Y,Y,Y,Y,N,233,Serato,
2023-04-25,Morning Light (Instrumental),Sargeant X Comrade,"Instrumentals, Pt. 1",2023,N,Y,N,Y,Y,176,Serato - Tidal,
2023-04-25,"quietly, entirely (feat. Sea Oleena)",Jonah Yano,portrait of a dog,2023,Y,N,N,Y,N,155,Serato,
2023-04-25,Slow.,re.verse,Meridian,2022,Y,Y,N,Y,N,324,Serato,
2023-04-25,Runner Up,OkoNski,Magnolia,2023,Y,Y,N,N,N,337,Serato - Tidal,
2023-04-25,Alter Ego,"El Michels Affair, Black Thought, Brainstory",Glorious Game,2023,Y,N,N,N,N,190,Serato - Tidal,Loop intro and mic
2023-04-25,The Gist,Alfa Mist,Variables,2023,Y,Y,N,N,N,466,Serato - Tidal,
2023-04-25,Kush,JSPHYNX,Reflex,2023,Y,Y,N,N,N,579,Serato - Tidal,
2023-04-25,Casa Lopez,"Mick Jenkins, Venna, Masego",EQUINOX,2023,Y,N,N,N,N,243,Serato - Tidal,Loop intro and mic
2023-04-25,All Things To All Men,"The Cinematic Orchestra, Roots Manuva",Every Day,2002,N,N,N,N,N,641,Serato - Tidal,
2023-04-25,Melanina,Amaro Freitas,Melanina,2023,Y,Y,N,N,N,261,Serato - Tidal,
2023-04-25,BEATRIZ,Carlos Franzetti,GRAFITTI,2022,Y,Y,N,N,N,522,Serato,
2023-04-25,Ugetsu,Trevor Tomkins' Sextant,For Future Reference,2023,Y,Y,N,N,N,394,Serato,
2023-05-02,Watch For The View,Genevieve Artadi,Forever Forever,2023,Y,N,Y,N,N,193,Serato,
2023-05-02,THIS,Beatchild,THIS (remastered),2023,N,Y,N,Y,N,226,Serato,
2023-05-02,A Sailboat In The Moonlight (Instrumental),Sargeant X Comrade,"Instrumentals, Pt. 2",2023,N,Y,N,Y,Y,135,Serato - Tidal,
2023-05-02,GO OUTSIDE,kawfee,GRATEFUL,2023,N,Y,N,Y,N,108,Serato,
2023-05-02,hi fly flow,tkdwn.,"be water, my friend",2023,N,Y,N,Y,N,85,Serato,
2023-05-02,Tendrils In The Air,trog'low,Twisting Forms,2022,N,Y,N,Y,N,142,Serato,
2023-05-02,problems,"Puar, Inversion",Maneki-neko,2023,N,Y,N,Y,N,137,Serato - Tidal,
2023-05-02,Victory Theme,ZForbes,Instrumental Episodes: Volume II,2023,N,Y,N,Y,N,127,Serato - Tidal,
2023-05-02,Eighth Avenue,Blue Wednesday,The Bigger Picture,2023,N,Y,N,Y,N,167,Serato - Tidal,
2023-05-02,Palosanto,Koralle,Insomnia,2023,N,Y,N,N,N,175,Serato - Tidal,
2023-05-02,Peas Green,The Jazzual Suspects,Curvlinear,2023,N,Y,N,N,N,205,Serato - Tidal,
2023-05-02,In Tides,"Snazzback, GROVE",In Tides,2023,Y,N,N,N,N,204,Serato - Tidal,
2023-05-02,Higher,"S. Fidelity, Àbáse, Saint Ezekiel",Fidelity Radio Club,2021,Y,Y,N,N,N,249,Serato - Tidal,Loop intro and mic
2023-05-02,The Sorcerer,Nicholas Payton,The Couch Sessions,2022,Y,N,Y,N,N,427,Serato,
2023-05-02,Death of the Species,Idle Moon,NOMAD,2023,Y,Y,Y,Y,N,350,Serato,
2023-05-02,Foreword,Alfa Mist,Variables,2023,Y,Y,N,N,N,403,Serato - Tidal,
2023-05-02,Thelonious,Greg Osby,3-D Lifestyles,1993,Y,N,N,N,N,385,Serato - Tidal,Loop intro and mic
2023-05-02,The Lava Is Calm,"Kassa Overall, Theo Croker",ANIMALS,2023,Y,N,N,N,N,186,Serato - Tidal,
2023-05-02,Time Gets Wasted,"Ash Walker, Sly5thAve, Denitia",Time Gets Wasted,2023,Y,N,N,N,N,267,Serato - Tidal,
2023-05-02,Sexual Healing,"Nova Jazzers, Jazz Liberatorz, Miles Davis Quartet",Inlove (Chill Jazz),2023,Y,N,N,N,N,320,Serato - Tidal,
2023-05-02,Hideaway,Ol' Burger Beats,Hideaway,2023,N,Y,N,N,N,150,Serato - Tidal,Loop intro and mic
2023-05-02,Humore,Gianni Brezzo,Soundscapes Vol. 1 - Music for Harlequins,2023,Y,Y,N,N,N,244,Serato - Tidal,
2023-05-02,Black Classical Music (feat. Venna & Charlie Stacey),"Yussef Dayes, Venna, Charlie Stacey",Black Classical Music (feat. Venna & Charlie Stacey),2023,Y,Y,N,N,N,319,Serato - Tidal,RECORD
2023-05-09,Need It,Howiewonder,Movements,2023,N,Y,N,Y,N,201,Serato - Tidal,
2023-05-09,Dreaming,Witch Prophet,Gateway Experience,2023,N,N,N,Y,N,234,Serato - Tidal,
2023-05-09,spain,"Puar, Inversion",Maneki-neko,2023,N,Y,N,Y,N,114,Serato - Tidal,
2023-05-09,Candle Wax,ZForbes,Instrumental Episodes: Volume II,2022,N,Y,N,Y,N,121,Serato - Tidal,
2023-05-09,Uh-O,Henkel,Henkel,2012,N,Y,N,Y,N,182,Serato - Tidal,
2023-05-09,Driftwood,"Blue Wednesday, Middle School, tender spring",Discovery,2020,N,Y,N,Y,N,189,Serato - Tidal,
2023-05-09,29 PRINTEMPS,kawfee,GRATEFUL,2023,N,N,N,Y,N,89,Serato - Tidal,Loop outro and fade out
2023-05-09,Bored,DeKobe,Outtakes,2020,N,Y,N,Y,N,200,Serato - Tidal,Loop intro and fade in
2023-05-09,Midnight,Trog'low,Night Vibes,2018,N,Y,N,Y,N,212,Serato - Tidal,
2023-05-09,regret,[bsd.u],Lighter,2017,N,N,N,Y,N,80,Serato - Tidal,
2023-05-09,Early Waves,FloFilz,Close Distance,2022,N,Y,N,N,N,141,Serato,
2023-05-09,Monkeyflower Interlude,FloFilz,Close Distance,2022,N,Y,N,N,N,85,Serato,
2023-05-09,FaceTime,"Billy Woods, Kenny Segal, Samuel T. Herring",Maps,2023,N,N,N,N,N,212,Serato - Tidal,Loop intro and mic
2023-05-09,Peace,Butcher Brown,Butcher Brown Presents Triple Trey (Deluxe Edition),2023,Y,N,N,N,N,369,Serato - Tidal,
2023-05-09,Kettle Boiling (feat. Bunnie),Potatohead People,Mellow Fantasy,2020,N,N,N,Y,N,266,Serato,
2023-05-09,Future Release ft. Metic,laizlo,Future Release - Single,2020,N,Y,N,Y,N,141,Serato,
2023-05-09,the ordinary is ordinary because it ordinarily repeats,Jonah Yano,portrait of a dog,2023,Y,N,N,Y,N,378,Serato,
2023-05-09,Constant Call,"Sampology, Charlie Hill, Tiana Khasi",Galaxy,2023,Y,Y,N,N,N,205,Serato - Tidal,Loop intro and mic
2023-05-09,Purple/Green,Chiminyo,Nrg 1,2023,Y,Y,N,N,N,219,Serato - Tidal,
2023-05-09,Turbulence's Pulse,Asher Gamedze,Turbulence and Pulse,2023,Y,N,N,N,N,248,Serato - Tidal,
2023-05-09,Summer Love,The Blackbyrds,Jazz Dispensary: Hotel Jolie Dame,2023,Y,Y,N,N,N,309,Serato - Tidal,
2023-05-09,Variables,Alfa Mist,Variables,2023,Y,Y,N,N,N,375,Serato - Tidal,
2023-05-09,Palmers,JSPHYNX,Reflex,2023,Y,Y,N,N,N,606,Serato - Tidal,RECORD
2023-05-16,Searching (Instrumental),Sargeant X Comrade,"Instrumentals, Pt. 2",2023,Y,Y,N,Y,Y,143,Serato - Tidal,
2023-05-16,glamour life,"Puar, Inversion, veryolddog",Maneki-neko,2023,N,Y,N,Y,N,108,Serato - Tidal,
2023-05-16,20180512,Mac DeMarco,One Wayne G,2023,N,Y,Y,Y,N,247,Serato - Tidal,
2023-05-16,DOUBLES,"Dani Desh, Howiewonder",DOUBLES,2023,N,Y,N,Y,N,175,Serato - Tidal,
2023-05-16,Aura,Witch Prophet,Gateway Experience,2023,N,N,N,Y,N,118,Serato - Tidal,
2023-05-16,1 for Tuamie,bsd.u,A Sad Kind of Bliss,2016,N,Y,N,Y,N,69,Serato - Tidal,
2023-05-16,Boom Carry On,Sensational X The Dirty Sample,The Spot Rocker,2023,N,N,Y,Y,N,252,Serato,
2023-05-16,STRESS PAS,kawfee,GRATEFUL,2023,N,Y,N,Y,N,94,Serato,
2023-05-16,Ones & Twos (reprise),re.verse,Meridian,2022,N,Y,N,Y,N,213,Serato,
2023-05-16,Plate,Genevieve Artadi,Forever Forever,2023,Y,N,Y,N,N,207,Serato,
2023-05-16,Alibama,Asher Gamedze,Turbulence and Pulse,2023,Y,Y,N,N,N,179,Serato - Tidal,
2023-05-16,U R THA 1,Alexander Flood,Oscillate,2023,Y,Y,N,N,N,284,Serato - Tidal,Loop intro and mic
2023-05-16,Juan Pablo,Ezra Collective,Juan Pablo: The Philosopher,2018,Y,Y,N,N,N,302,Serato - Tidal,
2023-05-16,Lowrider,Yussef Kamaal,Black Focus,2016,Y,Y,N,N,N,268,Serato - Tidal,Mic over outro
2023-05-16,Happy Faces,The Bukkeyleo Quintet,Rejoice In Righteousness,2020,Y,Y,N,N,N,299,Serato - Tidal,Loop intro if needed
2023-05-16,Song For My Father,"Sound Directions, Madlib",Shades Of Blue: Madlib Invades Blue Note,2003,Y,Y,N,N,N,346,Serato - Tidal,
2023-05-16,Dear Edgar Miller,"Harry James, Keefe Jackson",Harried,2022,Y,N,N,N,N,118,Serato - Tidal,
2023-05-16,Moodswing,Phlocalyst,Insights,2022,Y,Y,N,N,N,165,Serato - Tidal,
2023-05-16,Mama's Land,"Bless the Mad, D.A.P., Silka",Bless The Mad,2020,Y,N,N,N,N,205,Serato - Tidal,
2023-05-16,Rising,"WheelUP, Destiny Will",We Are The Magic,2023,N,N,N,N,N,250,Serato - Tidal,Loop intro and mic
2023-05-16,Who Got Da Props,Black Moon,Enta Da Stage,1993,N,N,N,N,N,270,Serato - Tidal,
2023-05-16,Celestial Blues,Gary Bartz Ntu Troop,Harlem Bush Music - Uhuru,1971,Y,N,N,N,N,456,Serato - Tidal,
2023-05-16,One Love,Will Sessions,The Elmatic Instrumentals,2011,Y,Y,N,N,N,443,Serato - Tidal,RECORD
2023-05-23,Rebuke,KAYTRAMINÉ,KAYTRAMINÉ,2023,N,N,N,Y,N,118,Serato - Tidal,
2023-05-23,Pretty Lady,"Dani Desh, Howiewonder",Blossom,2023,N,Y,N,Y,N,176,Serato - Tidal,
2023-05-23,Naturally,Moka Only,In and of Itself,2023,N,N,N,Y,N,159,Serato - Tidal,
2023-05-23,Bird's Eye View (O.B.E),Witch Prophet,Gateway Experience,2023,N,N,N,Y,N,181,Serato - Tidal,
2023-05-23,Mafia,Racasse,Table d'hôte,2023,N,Y,N,Y,N,119,Serato - Tidal,
2023-05-23,Daydreamin,Harrison,"Birds, Bees, The Clouds & The Trees",2023,N,Y,N,Y,N,67,Serato - Tidal,
2023-05-23,FOCUS,kawfee,GRATEFUL,2023,N,Y,N,Y,N,64,Serato,
2023-05-23,Quartals,trog'low,Twisting Forms,2022,N,Y,N,Y,N,169,Serato,
2023-05-23,One4Dumile,FloFilz,Close Distance,2022,N,Y,N,N,N,105,Serato,
2023-05-23,People Moving,Azar Lawrence,People Moving,2023,Y,Y,N,N,N,348,Serato - Tidal,
2023-05-23,Flow To The Underculture,Greg Osby,3-D Lifestyles,1993,Y,N,N,N,N,314,Serato - Tidal,Loop outro and mic
2023-05-23,Melancholia (Live in Cairo),Asher Gamedze,Turbulence and Pulse,2023,Y,Y,N,N,N,278,Vinyl,
2023-05-23,If It Rains. To Pursue Truth (Live in Cairo),Asher Gamedze,Turbulence and Pulse,2023,Y,Y,N,N,N,592,Vinyl,
2023-05-23,Out Stepped Zim (Live in Cairo),Asher Gamedze,Turbulence and Pulse,2023,Y,Y,N,N,N,461,Vinyl,
2023-05-23,Stanley Stamps Gibbon Album,Soft Machine,The Dutch Lesson,1973,Y,Y,Y,N,N,436,Serato,Mic over intro
2023-05-23,RHUMBA DREAMS,Carlos Franzetti,GRAFITTI,2022,Y,Y,N,N,N,518,Serato,
2023-05-23,Electric Impression,Lord Finesse,The SP1200 Project: A Re-Awakening,2015,N,Y,N,N,N,240,Serato - Tidal,Loop intro and mic
2023-05-23,On & On,Coops,Lost Soul,2014,N,N,N,N,N,185,Serato - Tidal,
2023-05-23,Bright Side Og (Instrumental),Damu The Fudgemunk,Public Assembly,2014,N,Y,N,N,N,194,Serato - Tidal,
2023-05-23,Disco Man Pt 1 & 2,Three Ounces Of Love,Mainstream Disco Funk: The Finest Funky Sounds of Mainstream Records,2023,N,N,Y,N,N,365,Serato - Booth,
2023-05-30,MOSAIC | Short Film,Louis La Roche,MOSAIC | Short Film,2020,N,N,N,N,N,1510,Serato,
2023-05-30,Guitarmy,Butcher Brown,Butcher Brown Presents Triple Trey (Deluxe Edition),2023,N,N,N,N,N,194,Serato - Tidal,
2023-05-30,Live At The Evelyn,Horatio Luna,Live At The Evelyn,2023,Y,Y,N,N,N,1779,Serato,
2023-05-30,Berlin,"Alexander Flood, Horatio Luna, Paulo Cedraz, Àbáse",Oscillate,2023,Y,N,N,N,N,417,Serato - Tidal,
2023-05-30,L'Étoile,Cinephonic,Visions,2023,Y,Y,Y,Y,N,287,Serato - Tidal,
2023-05-30,Hypnotized,River Tiber,Dreaming Eyes,2022,N,N,Y,Y,N,250,Serato,
2023-05-30,Automaton,"Ash Walker, Oscar Jerome, Joe Armon-Jones",Automaton,2023,Y,N,N,N,N,253,Serato - Tidal,
2023-05-30,All Ready Know,DJ Dine & Dash,Don't Ever Wonder,2020,N,N,N,Y,Y,285,Serato,
2023-06-06,Blindly Running Towards the Ocean,Idle Moon,NOMAD,2023,N,Y,Y,Y,N,161,Serato,
2023-06-06,Change Stays,Genevieve Artadi,Forever Forever,2023,N,N,Y,N,N,302,Serato,
2023-06-06,Already Know,re.verse,Meridian,2022,Y,Y,N,Y,N,152,Serato,
2023-06-06,Sent From Above,River Tiber,Dreaming Eyes,2022,N,N,Y,Y,N,187,Serato,
2023-06-06,GOOD KARMA,kawfee,GRATEFUL,2023,N,Y,N,Y,N,51,Serato,
2023-06-06,Bump,"Harrison, MED, Guilty Simpson","Birds, Bees, The Clouds & The Trees",2023,N,N,N,Y,N,123,Serato - Tidal,
2023-06-06,Badabeeboo,"Puar, Inversion",Maneki-neko,2023,N,Y,N,Y,N,96,Serato - Tidal,
2023-06-06,City,Gabb.,Mtl,2023,N,Y,N,Y,N,105,Serato - Tidal,
2023-06-06,Walking To A Home,OkoNski,Magnolia,2023,N,Y,N,N,N,223,Serato - Tidal,
2023-06-06,Got To Be Good,"Gotts Street Park, Pip Millett",Got To Be Good,2023,Y,Y,N,N,N,159,Serato - Tidal,Loop intro and mic
2023-06-06,Moonlight Woman,Ruby Rushton,"Trudi's Songbook, Vol. 1",2017,Y,Y,N,N,N,544,Serato - Tidal,
2023-06-06,Alien Family (Instrumental),J Dilla,Yancey Boys (Instrumentals),2008,N,Y,N,N,N,137,Serato - Tidal,
2023-06-06,Breeze,Ashley Henry,My Voice,2023,Y,Y,N,N,N,271,Serato - Tidal,
2023-06-06,Don't Sweat The Technique,Eric B. & Rakim,Don't Sweat The Technique,1992,N,N,N,N,N,262,Serato - Tidal,Loop intro and mic
2023-06-06,Queen of the Nile,Young-Holt Unlimited,Born Again,1971,Y,Y,N,N,N,238,Serato - Tidal,
2023-06-06,B.W.'s Blues,Tommy Guerrero,Loose Grooves & Bastard Blues,1997,Y,Y,N,N,N,290,Serato - Tidal,
2023-06-06,Darkest Light,Lafayette Afro Rock Band,Malik,1972,Y,Y,N,N,N,385,Serato - Tidal,
2023-06-06,Introductions,Donald Byrd,Live: Cookin' with Blue Note at Montreux,2022,N,N,Y,N,N,120,Serato,
2023-06-06,Going Up,"Kassa Overall, Lil B, Shabazz Palaces, Francis and the Lights",ANIMALS,2023,Y,N,N,N,N,373,Serato - Tidal,
2023-06-06,Wynter Time,Asher Gamedze,Turbulence and Pulse,2023,Y,Y,N,N,N,567,Serato,RECORD
2023-06-13,Milky Blue,Symphony Orchestra,Radiant Music ,2023,N,N,Y,Y,N,323,Serato,
2023-06-13,The Endless Nothing,Idle Moon,NOMAD,2023,N,Y,Y,Y,N,274,Serato,
2023-06-13,Odysseus,Ljones,Beginner's Mind,2023,N,Y,N,Y,N,128,Serato,
2023-06-13,Testify,Madison McFerrin,I Hope You Can Forgive Me,2023,N,N,Y,N,N,229,Serato,
2023-06-13,Outta This World (feat. TOBi),Harrison,"Birds, Bees, The Clouds & The Trees",2023,N,N,Y,Y,N,165,Serato,
2023-06-13,Afternoon,"Howiewonder, Chill Moon Music",Afternoon,2023,N,Y,N,Y,N,197,Serato - Tidal,
2023-06-13,The Mountain (Instrumental),Sargeant X Comrade,"Instrumentals, Pt. 2",2023,N,Y,N,Y,Y,111,Serato - Tidal,
2023-06-13,Rust (feat. Tom Misch),"Yussef Dayes, Tom Misch",Rust (feat. Tom Misch),2023,Y,Y,N,N,N,238,Serato - Tidal,
2023-06-13,Shake,"JSPHYNX, Alfa Mist",Reflex,2023,Y,Y,N,N,N,159,Serato - Tidal,
2023-06-13,Red Bush,Emma-Jean Thackray,Ley Lines,2018,Y,Y,N,N,N,252,Serato - Tidal,Loop intro and mic
2023-06-13,Midnite Oil (Sparkzzz),"Joe Armon-Jones, Maxwell Owin",Idiom,2017,Y,Y,N,N,N,196,Serato - Tidal,
2023-06-13,Jimbo,Kuna Maze,Night Shift,2023,Y,Y,N,N,N,255,Serato - Tidal,
2023-06-13,Conquistador,Yesterday's New Quintet,Madlib Medicine Show #7: High Jazz,2010,Y,N,N,N,N,221,Serato - Tidal,
2023-06-13,Musical Journey,Kero One,Windmills of the Soul,2006,N,N,N,N,N,237,Serato - Tidal,
2023-06-13,The Bottle,"The Fusion Syndicate, Bootsy Collins, Brian Jackson, Carmine Appice, Fernando Perdomo",The Bottle,2023,Y,N,N,N,N,341,Serato - Tidal,
2023-06-13,Dance Hall,Ashley Henry,My Voice,2023,Y,N,N,N,N,260,Serato - Tidal,Loop intro and mic
2023-06-13,Bridge,Amon Tobin,Beautiful Boy (Original Motion Picture Soundtrack),2018,Y,Y,N,N,N,356,Serato - Tidal,
2023-06-13,Masterpiece,Sault,5,2019,Y,N,N,N,N,344,Serato - Tidal,
2023-06-13,Protocol,"El Michels Affair, Black Thought, Son Little",Glorious Game,2023,N,N,N,N,N,176,Serato - Tidal,
2023-06-13,Motor City Madness,Waajeed,Memoirs of Hi-Tech Jazz,2022,Y,Y,N,N,N,369,Serato - Tidal,
2023-06-13,COCOA FUNK,Carlos Franzetti,GRAFITTI,2022,Y,Y,N,N,N,329,Serato,
2023-06-20,King Cobra,JSPHYNX,Reflex,2023,Y,Y,N,N,N,454,Serato - Tidal,
2023-06-20,Good Living,Idle Moon,NOMAD,2023,Y,Y,Y,Y,N,60,Serato,
2023-06-20,Empty Street,re.verse,Meridian,2023,Y,Y,N,Y,N,292,Serato,
2023-06-20,Nothings The Same,Monodrone,????,2023,N,Y,N,Y,Y,230,Serato,
2023-06-20,His Name Is Lenny,Nicholas Payton,The Couch Sessions,2022,Y,N,Y,N,N,196,Serato,
2023-06-20,OMW,Madison McFerrin,I Hope You Can Forgive Me,2023,N,N,Y,N,N,78,Serato,
2023-06-20,Music Box,Harrison,"Birds, Bees, The Clouds & The Trees",2023,Y,Y,Y,Y,N,114,Serato,
2023-06-20,Falling Water,Ljones,Beginner's Mind,2023,N,Y,N,Y,N,116,Serato,
2023-06-20,wecanmakeit,$irrebral,SOUL TAPE IV,2023,N,Y,N,Y,N,148,Serato,
2023-06-20,OBO (feat. Kate Bollinger),"Paul Cherry, Kate Bollinger",Los Angeles Story,2023,N,N,N,N,N,162,Serato - Tidal,
2023-06-20,Whatcha Know,"Bobby Oroza, El Michels Affair",Whatcha Know,2023,N,N,N,N,N,234,Serato - Tidal,Loop intro and mic
2023-06-20,Mmmm,Horatio Luna,Support Your Local Jazzy House Producer,2023,Y,Y,N,N,N,315,Serato - Tidal,
2023-06-20,Keep Playin',Third Attempt,Keep Playin',2023,N,N,N,N,N,217,Serato - Tidal,
2023-06-20,First Order,Kuna Maze,Night Shift,2023,Y,N,N,N,N,303,Serato - Tidal,Loop outro and mic
2023-06-20,Red Clay,Jack Wilkins,Windows,1973,Y,Y,N,N,N,298,Serato - Tidal,
2023-06-20,Flite,The Cinematic Orchestra,Every Day,2002,Y,Y,N,N,N,395,Serato - Tidal,
2023-06-20,The One,lovetempo,The One,2023,N,N,N,N,N,299,Serato - Tidal,
2023-06-20,Who's on the Playlist (feat. Judi Jackson),Kassa Overall,Go Get Ice Cream and Listen to Jazz,2019,Y,N,N,N,N,230,Serato - Tidal,
2023-06-20,Say Yes,"Blue Lab Beats, Ruby Francis, Ashley Henry",Xover,2018,Y,N,N,N,N,210,Serato - Tidal,Loop intro and mic
2023-06-20,Grey's Groove,"Greyboy, Karl Denson",15 Years of West Coast Cool,2008,Y,Y,N,N,N,320,Serato - Tidal,
2023-06-20,Private Space,Durand Jones & The Indications,Private Space,2021,N,N,N,N,N,312,Serato,
2023-07-04,Focus,"Myele Manzanza, Lewis Moody, Benjamin Muralt",Focus,2023,Y,Y,N,N,N,1528,Serato - Tidal,
2023-07-04,Creator,Jazzbois,Creator,2023,Y,Y,N,N,N,195,Serato - Tidal,
2023-07-04,7PM,Harrison,"Birds, Bees, The Clouds & The Trees",2023,Y,Y,Y,Y,N,91,Serato,Loop intro and mic
2023-07-04,DAY 20 (LICORICE),N??T,31 DAYS FOR DOOM,2021,Y,Y,N,Y,Y,93,Serato,
2023-07-04,Across the Coast,Ljones,Summer Bumps Vol 02,2021,N,Y,N,Y,N,168,Serato,
2023-07-04,ENJOY,kawfee,GRATEFUL,2023,N,N,N,Y,N,90,Serato,
2023-07-04,Shak out (feat. Sparkz),Sparkz,Escape Music,2013,N,N,N,N,N,197,Serato - Tidal,
2023-07-04,munerah,Yaya Bey,Exodus the North Star,2023,N,N,N,N,N,162,Serato - Tidal,
2023-07-04,For More Moments Together,"Nova Jazzers, Space Jazz Trio, Jazz Liberatorz",Divine Love,2023,Y,Y,N,N,N,490,Serato - Tidal,
2023-07-04,Eventide,"Gustav, Axian, Kydual",Eventide,2022,N,Y,N,N,N,150,Serato - Tidal,Loop intro and mic
2023-07-04,Love International Inc.,"S. Fidelity, Bluestaeb, Melodiesinfonie",Fidelity Radio Club,2021,Y,Y,N,N,N,236,Serato - Tidal,
2023-07-04,Mystery,Miles Davis,Doo-Bop,1992,Y,Y,N,N,N,236,Serato - Tidal,
2023-07-04,Trucha,"Garrett Saracho, Adrian Younge, Ali Shaheed Muhammad",Garrett Saracho JID015,2022,Y,Y,N,N,N,277,Serato - Tidal,
2023-07-04,Ben,Jonny Tobin,Earth Signs,2019,Y,Y,N,Y,N,211,Serato - Tidal,
2023-07-04,jazz is for ordinary people,berlioz,jazz is for ordinary people,2023,Y,N,N,N,N,164,Serato - Tidal,
2023-07-04,Stolen Moments,Ahmad Jamal Trio,The Awakening,1970,Y,Y,N,N,N,392,Serato - Tidal,
2023-07-04,K Play,Horatio Luna,Support Your Local Jazzy House Producer,2023,Y,Y,N,N,N,384,Serato - Tidal,
2023-07-11,Meant To Be,Jayda G,Guy,2023,N,N,Y,Y,N,224,Serato,
2023-07-11,FATAL ATTRACTION,Planet Giza,Ready When You Are,2023,N,N,Y,Y,N,190,Serato,
2023-07-11,Blue Sky (feat. Nanna.B),Harrison,"Birds, Bees, The Clouds & The Trees",2023,N,N,Y,Y,N,153,Serato,
2023-07-11,Blizzies With GoQuan,Fly Anakin,Skinemaxxx (Side A),2023,N,N,Y,N,N,100,Serato,
2023-07-11,Rugrats,ZIMBA,Quit Your Day Job,2023,N,Y,N,Y,N,94,Serato,
2023-07-11,The Layover,"Billy Woods, Kenny Segal",Maps,2023,N,N,Y,N,N,170,Serato,
2023-07-11,Little Poem,Ljones,Beginner's Mind,2023,N,Y,N,Y,N,137,Serato,
2023-07-11,I Know,Genevieve Artadi,Forever Forever,2023,N,N,Y,N,N,223,Serato,
2023-07-11,Blood Moon,re.verse,Meridian,2022,Y,Y,N,Y,N,294,Serato,
2023-07-11,Letting Go,"Ash Walker, Andrew Ashong",Astronaut,2023,N,N,N,N,N,232,Serato,
2023-07-11,Repeat,"Dubbul O, Sparkz, Ellis Meade",Jagged Tooth Crook,2018,N,N,N,N,N,223,Serato - Tidal,Loop intro and mic
2023-07-11,Lou's Tune,"DARGZ, Moses Boyd",Happiness,2023,N,N,N,N,N,102,Serato - Tidal,
2023-07-11,Shameful Game,Pale Jay,Shameful Game,2021,N,N,N,N,N,185,Serato - Tidal,
2023-07-11,Those Days,"Dal, Leah Yeger",Those Days,2020,N,Y,N,N,N,229,Serato - Tidal,
2023-07-11,NOTHING TO ME,"Darius, Kadhja Bonet",NOTHING TO ME,2022,N,N,N,N,N,265,Serato - Tidal,
2023-07-11,We're Together,Donald Byrd,Stepping Into Tomorrow,1975,Y,N,N,N,N,265,Serato - Tidal,
2023-07-11,Love Island,Deodato,Love Island,1978,Y,Y,N,N,N,400,Serato - Tidal,
2023-07-11,Glimpse,Apollo Brown,Glimpse,2022,N,Y,N,N,N,153,Serato - Tidal,Loop intro and mic
2023-07-11,Resent,Ebi Soda,Bedroom Tapes,2019,Y,Y,N,N,N,277,Serato - Tidal,
2023-07-11,Dark Moon,OkoNski,Magnolia,2023,Y,Y,N,N,N,184,Serato - Tidal,
2023-07-11,Space & Time,R.M.C.,Madlib Medicine Show #7: High Jazz,2010,Y,Y,N,N,N,106,Serato - Tidal,
2023-07-11,Come with Us (feat. Yazz Ahmed),"Ash Walker, Yazz Ahmed",Aquamarine,2019,Y,Y,N,N,N,192,Serato - Tidal,
2023-07-11,Pipe Dream,"Gas Lab, KAZUMI KANEDA",Trans Pacific,2022,Y,Y,N,N,N,186,Serato - Tidal,
2023-07-11,Never Can Say Goodbye,Grant Green,Visions,1971,Y,Y,N,N,N,304,Serato - Tidal,
2023-07-11,Oladipo,"Tony Allen, Adrian Younge",Tony Allen JID018,2023,Y,Y,N,N,N,317,Serato,
2023-07-18,Brown Doves,"David Murray, Questlove, Ray Angry",Brown Doves,2023,Y,Y,N,N,N,871,Serato - Tidal,
2023-07-18,Starlings Green,"Remulak, Moka Only",Starlings Green,2023,N,N,N,Y,N,195,Serato - Tidal,
2023-07-18,A View From The Sky,Harrison,"Birds, Bees, The Clouds & The Trees",2023,Y,Y,Y,Y,N,85,Serato,
2023-07-18,REMEMBER GOOD TIMES,kawfee,GRATEFUL,2023,N,Y,N,Y,N,48,Serato,
2023-07-18,Rapper Weed,"Billy Woods, Kenny Segal",Maps,2023,N,N,Y,N,N,194,Serato,
2023-07-18,NORTHERN PLAYALISTIC ft. femdot.,Planet Giza,Ready When You Are,2023,N,N,Y,Y,N,240,Serato,
2023-07-18,HI TENSION,tkdwn.,"be water, my friend",2023,N,N,N,Y,N,92,Serato,
2023-07-18,DAY 24 (DEVIL'S SHOESTRING),N??T,31 DAYS FOR DOOM,2021,N,Y,N,Y,Y,60,Serato,
2023-07-18,Tioga Pass (feat. Rocco Palladino),"Yussef Dayes, Rocco Palladino",Marching Band / Tioga Pass,2023,Y,Y,N,N,N,476,Serato - Tidal,Loop intro and mic
2023-07-18,Vicious Circles / Hope,"Bokoya, Gianni Brezzo",Minari,2023,Y,Y,N,N,N,362,Serato - Tidal,
2023-07-18,Calder Shapes,Matthew Halsall,An Ever Changing View,2023,Y,Y,N,N,N,428,Serato - Tidal,
2023-07-18,Still Not In Space,"wnbl, Mike Nasa",Still Not In Space,2023,N,N,N,N,N,176,Serato - Tidal,Loop intro and mic
2023-07-18,A Tribute to Dilla,"Liquid Crystal Project, J. Rawls",The Liquid Crystal Project,2006,N,N,N,N,N,287,Serato - Tidal,
2023-07-18,TECHNOVA,Towa Tei,FUTURE LISTENING!,1995,Y,Y,N,N,N,341,Serato - Tidal,
2023-07-18,Dreamer,Kiefer,Dreamer,2023,Y,Y,N,N,N,277,Serato - Tidal,Loop intro and mic
2023-07-18,Lean In,Nubya Garcia,Lean In,2023,Y,Y,N,N,N,319,Serato - Tidal,
2023-07-18,Jazz Light Years,Kazam,Aquatic Jungle,2023,Y,Y,N,N,N,328,Serato - Tidal,
2023-07-18,White Sedan,Fazer,Mara,2018,Y,Y,N,N,N,420,Serato - Tidal,
2023-07-25,Agriculture,"Billy Woods, Kenny Segal",Maps,2023,N,N,Y,N,N,100,Serato,
2023-07-25,Blue Smoke,"Billy Woods, Kenny Segal",Maps,2023,N,N,Y,N,N,92,Serato,
2023-07-25,Like When We Were Kids,Harrison,"Birds, Bees, The Clouds & The Trees",2023,N,Y,Y,Y,N,120,Serato,
2023-07-25,No Place Better,Captain Planet,Sounds Like Home,2023,N,Y,Y,N,N,239,Serato,
2023-07-25,Dream,Gabb.,Mtl,2023,N,Y,N,Y,N,107,Serato - Tidal,
2023-07-25,Break of Dawn,"Skiifall, Badbadnotgood, The Kount, YAMA//SATO",Break of Dawn,2021,Y,N,N,Y,N,233,Serato - Tidal,
2023-07-25,The Icefall,Carsten Rubeling,Headwaters,2022,Y,Y,N,Y,Y,312,Serato - Tidal,
2023-07-25,Pancakes,Howiewonder,Movements,2023,N,Y,N,Y,N,105,Serato - Tidal,
2023-07-25,highflying,$irrebral,SOUL TAPE IV,2023,N,Y,N,Y,N,160,Serato - Tidal,
2023-07-25,shroomin,bsd.u,"late night bumps, Vol. 1",2017,N,Y,N,Y,N,61,Serato - Tidal,
2023-07-25,Look at my Rolly,"Puar, Inversion",Maneki-neko,2023,N,Y,N,Y,N,98,Serato - Tidal,
2023-07-25,asobi,Trog'low,Japan Digs: SHOWA,2019,N,Y,N,Y,N,113,Serato - Tidal,
2023-07-25,On GOD,Laizlo,Frog,2018,N,N,N,Y,N,113,Serato - Tidal,
2023-07-25,Mind Your Business (feat. Ben Wendel & Allakoi Peete),"Terrace Martin, Allakoi Peete, Ben Wendel",Fine Tune,2023,Y,N,N,N,N,285,Serato - Tidal,Intro and mic
2023-07-25,Fields of Green,Matt Wilde,Hello World,2023,Y,Y,N,N,N,217,Serato - Tidal,
2023-07-25,"Cnt Go Back ( Tell Me ) feat. Liv.e, Butcher Brown, Jimetta Rose, V.C.R & Maurice II",B. Cool-Aid ,Leather Blvd.,2023,Y,N,N,N,N,311,Serato - Tidal,
2023-07-25,Painted the Room (MF Tomlinson Rework),Rozi Plain,Painted the Room (Remixes),2023,Y,N,N,N,N,302,Serato - Tidal,
2023-07-25,Alien @$^% (feat. Trian Kayhatu),Kaidi Tatham,The Only Way,2023,Y,Y,N,N,N,216,Serato - Tidal,Intro and mic
2023-07-25,Feel Me,"Feiertag, Nego True",Feel Me,2023,Y,N,N,N,N,163,Serato - Tidal,
2023-07-25,Right Now,Waajeed,Memoirs of Hi-Tech Jazz,2022,Y,Y,N,N,N,374,Serato - Tidal,
2023-07-25,ROYAL CONVERSATION (feat. James Tillman),Theo Croker,LOVE QUANTUM,2022,Y,N,N,N,N,285,Serato - Tidal,
2023-07-25,Turn Me Around,STR4TA,STR4TASFEAR,2022,Y,N,N,N,N,315,Serato - Tidal,
2023-07-25,Crush You,"Shafiq Husayn, Anderson .Paak",So Gold,2023,N,N,N,N,N,256,Serato - Tidal,Intro and mic
2023-07-25,Cool Out,"The Musalini, 9th Wonder, Shabazz Palaces",Don & Eye 2,2023,N,N,N,N,N,249,Serato - Tidal,
2023-07-25,Plastic Stars,Alex Hamburger,What If?,2023,Y,Y,N,N,N,417,Serato - Tidal,
2023-08-01,Around You,Harrison,"Birds, Bees, The Clouds & The Trees",2023,Y,Y,Y,Y,N,111,Serato,
2023-08-01,The Long Survival,Idle Moon,NOMAD,2023,Y,Y,Y,Y,N,198,Serato,
2023-08-01,Pambelé (feat. Jimena Angel),Captain Planet,Sounds Like Home,2023,N,N,Y,N,N,230,Serato,
2023-08-01,The Score Was Made (feat. Vijay Iyer),Kassa Overall,ANIMALS,2023,Y,N,Y,N,N,187,Serato,
2023-08-01,haven't haven't,Jonah Yano,portrait of a dog,2023,Y,N,N,Y,N,262,Serato,
2023-08-01,Message To Self,Genevieve Artadi,Forever Forever,2023,Y,N,Y,N,N,303,Serato,
2023-08-01,Zemlja,Trevor Tomkins' Sextant,For Future Reference,2023,Y,Y,N,N,N,479,Serato,
2023-08-01,cycli infini,Felbm,cycli infini,2023,Y,Y,N,N,N,2285,Serato - Tidal,"Loop intro and mic, mic over outro"
2023-08-01,The Concord Hour,"Damon Locks, Rob Mazurek",New Future City Radio,2023,Y,Y,N,N,N,308,Serato - Tidal,
2023-08-01,Unified Dakotas,"High Pulp, Jeff Parker",Days In The Desert,2023,Y,Y,N,N,N,304,Serato - Tidal,
2023-08-01,"We Good at Leather Tht Leather This (feat. Fousheé, Butcher Brown, Ladybug Mecca & Nita Darling)",B. Cool-Aid,Leather Blvd.,2023,Y,N,N,N,N,540,Serato - Tidal,
2023-08-08,Truth & Nail,Atmosphere ,So Many Other Realities Exist Simultaneously,2023,N,Y,Y,N,N,65,Serato,
2023-08-08,Destello (feat. Tagua Tagua),Captain Planet,Sounds Like Home,2023,N,N,Y,N,N,220,Serato,
2023-08-08,Suppression,Fly Anakin,Skinemaxxx (Side A),2023,N,N,Y,N,N,101,Serato,
2023-08-08,Sony City,Ljones,Beginner's Mind,2023,N,Y,N,Y,N,215,Serato,
2023-08-08,MAKE THINGS RIGHT,kawfee,GRATEFUL,2023,N,Y,N,Y,N,88,Serato,
2023-08-08,Inthecoupe,Harrison,"Birds, Bees, The Clouds & The Trees",2023,N,Y,Y,Y,N,132,Serato,
2023-08-08,Wandering Lies,Busty and the Bass,Forever Never Cares,2023,N,N,N,Y,N,300,Serato - Tidal,
2023-08-08,God Universe Magic (G.U.M) (feat. SATE),Witch Prophet,Gateway Experience,2023,N,N,Y,Y,N,72,Serato - Tidal,
2023-08-08,Fuego,Gotts Street Park,Fuego,2023,Y,Y,N,N,N,202,Serato - Tidal,
2023-08-08,The Only Way (feat. Uhmeer),Kaidi Tatham,The Only Way,2023,Y,N,N,N,N,262,Serato - Tidal,
2023-08-08,Bless the Mic (Instrumental),Gang Starr,One Of The Best Yet,2020,N,Y,N,N,N,155,Serato - Tidal,
2023-08-08,baba louie,Jaimie Branch,Fly or Die Fly or Die Fly or Die ((world war)),2023,Y,N,N,N,N,547,Serato - Tidal,"Loop intro and mic, FADE OUT"
2023-08-08,Free Love,Irreversible Entanglements,Free Love,2023,Y,N,N,N,N,294,Serato - Tidal,
2023-08-08,Piano's Room,The Breathing Effect,Eli & Harry,2023,N,Y,N,N,N,210,Serato - Tidal,
2023-08-08,Unified Dakotas,"High Pulp, Jeff Parker",Days In The Desert,2023,Y,Y,N,N,N,304,Serato - Tidal,
2023-08-08,Oscillate,Alexander Flood,Oscillate,2023,Y,Y,N,N,N,373,Serato - Tidal,Loop intro and mic
2023-08-08,Suro Nipa,"K.O.G, The Zongo Brigade",Wahala Wahala,2019,Y,N,N,N,N,361,Serato - Tidal,
2023-08-08,When I'm in Your Arms,Cleo Sol,Rose in the Dark,2020,Y,N,N,N,N,335,Serato - Tidal,
2023-08-08,We're Gettin Down,Tek 9,Trip-Hop Vibes Vol. 1,2019,N,N,N,N,N,300,Serato - Tidal,
2023-08-08,Twilight Shimmer,"Damon Locks, Rob Mazurek",New Future City Radio,2023,Y,Y,N,N,N,593,Serato - Tidal,
2023-08-15,Love Proceeding (Macroblank Remix],"Badbadnotgood, Arthur Verocai",Love Proceeding (Macroblank Remix],2022,Y,Y,N,Y,N,324,Serato - Tidal,
2023-08-15,Repotting,Vienna,In Due Time,2022,N,N,N,Y,N,101,Serato - Tidal,
2023-08-15,Anyhow,Leland Whitty,Anyhow,2022,Y,Y,N,Y,N,421,Serato - Tidal,
2023-08-15,Snarlin' Lil Malcom,King Khan,Snarlin' Lil Malcom,2023,Y,Y,N,Y,N,242,Serato - Tidal,
2023-08-15,4CHORDS,"Steve Jackson, Carsten Rubeling",4CHORDS,2023,Y,Y,N,Y,Y,366,Serato - Tidal,
2023-08-15,glow worms,Jonah Yano,portrait of a dog,2023,Y,N,N,Y,N,329,Serato - Tidal,
2023-08-15,Tribulations,Cinephonic,Visions,2023,Y,Y,N,Y,N,242,Serato - Tidal,Loop intro and mic
2023-08-15,Unusual,Beatchild,THIS (remastered),2023,N,N,N,Y,N,198,Serato - Tidal,
2023-08-15,Far From Here,"Busty and the Bass, Magi Merlin",Forever Never Cares,2023,Y,N,N,Y,N,268,Serato - Tidal,
2023-08-15,The Waltz,Redline Trio,Underdog,2023,Y,Y,Y,Y,Y,362,Serato - Tidal,
2023-08-15,Floating in Plastic,Idle Moon,NOMAD,2023,Y,Y,Y,Y,N,233,Serato - Tidal,Could loop and mic if wanted
2023-08-15,Morning Light (Instrumental),Sargeant X Comrade,"Instrumentals, Pt. 1",2023,N,Y,N,Y,Y,176,Serato - Tidal,
2023-08-15,Dreaming,Witch Prophet,Gateway Experience,2023,N,N,Y,Y,N,234,Serato - Tidal,
2023-08-15,20180512,Mac DeMarco,One Wayne G,2023,N,Y,Y,Y,N,247,Serato - Tidal,
2023-08-15,Naturally,Moka Only,In and of Itself,2023,N,N,N,Y,N,159,Serato - Tidal,
2023-08-15,Mafia,Racasse,Table d'hôte,2023,N,Y,N,Y,N,119,Serato - Tidal,
2023-08-15,Daydreamin,Harrison,"Birds, Bees, The Clouds & The Trees",2023,N,Y,N,Y,N,67,Serato - Tidal,Could loop and mic if wanted
2023-08-15,FOCUS,kawfee,GRATEFUL,2023,N,Y,N,Y,N,64,Serato,
2023-08-15,Nothings The Same,Monodrone,????,2023,N,Y,N,Y,Y,230,Serato,
2023-08-15,wecanmakeit,$irrebral,SOUL TAPE IV,2023,N,Y,N,Y,N,148,Serato,
2023-08-15,FATAL ATTRACTION,Planet Giza,Ready When You Are,2023,N,N,Y,Y,N,190,Serato,
2023-08-15,the ordinary is ordinary because it ordinarily repeats,Jonah Yano,portrait of a dog,2023,Y,N,N,Y,N,378,Serato - Booth,
2023-08-22,Lagos,Tony Allen & Adrian Younge,Tony Allen JID018,2023,Y,Y,Y,N,N,181,Serato,
2023-08-22,Step Right Up To The Bottom,Harold Land,Damisi,1972,Y,Y,Y,N,N,286,Serato,
2023-08-22,Orange Echoes,Devra,Devra,2023,Y,Y,N,N,N,375,Serato - Tidal,
2023-08-22,GUAJIRA WITHOUT WORDS,Carlos Franzetti,GRAFITTI,2022,Y,Y,N,N,N,361,Serato,
2023-08-22,Mirage (feat. Taj Bethel),Captain Planet,Sounds Like Home,2023,N,N,Y,N,N,217,Serato,
2023-08-22,Infinity feat. Abacus,WheelUP,We Are The Magic,2023,Y,Y,Y,N,N,234,Serato,
2023-08-22,Meteora,FloFilz,Meteora,2023,Y,Y,N,N,N,138,Serato - Tidal,
2023-08-22,Lo Fi Future,Sargeant X Comrade,Lo Fi Future,2023,N,N,N,Y,Y,383,Serato - Tidal,Loop intro and mic
2023-08-22,Straight To The Moon (Mo Gravy Mix) (feat. Flytrap),Sargeant X Comrade,Lo Fi Future,2023,N,N,N,Y,Y,218,Serato - Tidal,
2023-08-22,Travelin In Space,Sargeant X Comrade,Lo Fi Future,2023,N,N,N,Y,Y,194,Serato - Tidal,
2023-08-22,When The Stars Align (feat. K-Riz),Sargeant X Comrade,Lo Fi Future,2023,N,N,N,Y,Y,268,Serato - Tidal,
2023-08-22,"Escape The Matrix, Pt. 1 (feat. Prevail)",Sargeant X Comrade,Lo Fi Future,2023,N,N,N,Y,Y,170,Serato - Tidal,
2023-08-22,Pyramid Code (feat. Odario),Sargeant X Comrade,Lo Fi Future,2023,N,N,N,Y,Y,197,Serato - Tidal,
2023-08-22,Incredible Science,Sargeant X Comrade,Lo Fi Future,2023,N,N,N,Y,Y,143,Serato - Tidal,
2023-08-22,Future Sound,Sargeant X Comrade,Lo Fi Future,2023,N,N,N,Y,Y,91,Serato - Tidal,
2023-08-22,Love Someone,Sargeant X Comrade,Lo Fi Future,2023,N,N,N,Y,Y,223,Serato - Tidal,
2023-08-22,Whachu On,Sargeant X Comrade,Lo Fi Future,2023,N,N,N,Y,Y,104,Serato - Tidal,
2023-08-22,"Escape The Matrix, Pt. 2 (feat. Prevail)",Sargeant X Comrade,Lo Fi Future,2023,N,N,N,Y,Y,172,Serato - Tidal,
2023-08-22,Wake Up,Sargeant X Comrade,Lo Fi Future,2023,N,N,N,Y,Y,177,Serato - Tidal,
2023-08-22,DYKWYD,"Butcher Brown, Braxton Cook",DYKWYD,2023,Y,N,N,N,N,242,Serato - Tidal,
2023-08-22,Broadening (Radio Edit) [feat. Novak Manojlovic],GODTET,Broadening (feat. Novak Manojlovic),2023,Y,Y,N,N,N,326,Serato - Tidal,
2023-08-22,To Be As One (Classical Re Edit),STR4TA,STR4TASFEAR Remixes,2023,Y,N,N,N,N,438,Serato - Tidal,RECORD
2023-08-29,This Time Around,Four80East,Gonna Be Alright,2023,Y,Y,N,Y,N,264,Serato - Tidal,
2023-08-29,Intro(verted),Solomon Dugdale,Dreams,2023,N,Y,N,Y,N,61,Serato - Tidal,
2023-08-29,Save Me,Witch Prophet,Gateway Experience,2023,N,N,Y,Y,N,256,Serato,Loop outro and mix out
2023-08-29,Elevate,Potelin,Basics,2023,N,Y,N,Y,N,191,Serato,
2023-08-29,Makoko,Tony Allen & Adrian Younge,Tony Allen JID018,2023,Y,Y,Y,N,N,152,Serato,
2023-08-29,2016,Harrison,"Birds, Bees, The Clouds & The Trees",2023,N,Y,Y,Y,N,122,Serato,
2023-08-29,Stay Away (From Me),Madison McFerrin,I Hope You Can Forgive Me,2023,N,N,Y,N,N,177,Serato,
2023-08-29,all glass,blackmagic.,I Dont Like lofi,2023,N,Y,N,Y,N,99,Serato,
2023-08-29,Wave J,Ljones,Beginner's Mind,2023,N,Y,N,Y,N,211,Serato,
2023-08-29,Summer,Tom Misch,Beat Tape 1,2014,N,Y,N,N,N,132,Serato - Tidal,
2023-08-29,Drive Beats,Kero One,Drive,2022,N,Y,N,N,N,207,Serato - Tidal,
2023-08-29,August Again,Kiefer,August Again,2023,Y,Y,N,N,N,322,Serato - Tidal,Loop intro and mic
2023-08-29,burning grey,Jaimie Branch,Fly or Die Fly or Die Fly or Die ((world war)),2023,Y,N,N,N,N,550,Serato - Tidal,
2023-08-29,Alien Love Call,"Turnstile, Badbadnotgood, Blood Orange",New Heart Designs,2023,N,N,N,Y,N,222,Serato - Tidal,
2023-08-29,Good Hair Day (Harvey Sutherland Remix),Simon Mavin,Good Hair Day / Only You & Me,2023,N,Y,N,N,N,267,Serato - Tidal,Loop intro and mic
2023-08-29,In My Life,SuperShy,Happy Music,2023,N,N,N,N,N,242,Serato - Tidal,
2023-08-29,Our Show For The Night,Third Attempt,Hold Me,2023,N,N,N,N,N,310,Serato - Tidal,
2023-08-29,Intandane,Philip Melala And The Movers,"Mr Bongo Record Club, Vol. 6",2023,Y,Y,N,N,N,714,Serato - Tidal,Loop intro and mic
2023-08-29,The Light (feat. Bahia Dayes),"Yussef Dayes, Bahia Dayes",The Light (feat. Bahia Dayes),2023,Y,N,N,N,N,340,Serato - Tidal,
2023-08-29,The Trip Ender,Jazzbois,Higher Dimension Waiting Room,2023,Y,Y,N,N,N,342,Serato - Tidal,RECORD
2023-09-05,Africa Calling,Beverly Glenn-Copeland,The Ones Ahead,2023,Y,N,Y,Y,N,340,Serato,
2023-09-05,Love Someone,Sargeant X Comrade,Lo Fi Future,2023,N,N,Y,Y,Y,223,Serato,
2023-09-05,Energy,URF Tone,All That Glitters ,2023,N,N,Y,N,N,165,Serato,
2023-09-05,Memory ft. Begonia,Witch Prophet,Gateway Experience,2023,N,N,Y,Y,N,160,Serato,
2023-09-05,John Coltrane,Tenderlonious,You Know I Care,2023,Y,Y,N,N,N,468,Serato - Tidal,
2023-09-05,Seven Worlds,Chip Wickham,Love & Life,2023,Y,Y,N,N,N,427,Serato - Tidal,
2023-09-05,aurora rising,Jaimie Branch,Fly or Die Fly or Die Fly or Die ((world war)),2023,Y,Y,N,N,N,118,Serato - Tidal,"Loop end, mic over entire track"
2023-09-05,borealis dancing,Jaimie Branch,Fly or Die Fly or Die Fly or Die ((world war)),2023,Y,Y,N,N,N,421,Serato - Tidal,
2023-09-05,"Maha Rose North 102021, Breathwork","Carlos Niño, Carlos Niño & Friends, Laraaji, Photay","Maha Rose North 102021, Breathwork",2023,Y,Y,N,N,N,445,Serato - Tidal,
2023-09-05,Child Playing in the Forbidden Ruins,Alabaster Deplume,Salty Road Dogs Victory Anthem,2023,Y,Y,N,N,N,428,Serato - Tidal,
2023-09-05,Underground Formation,Asher Gamedze,Turbulence and Pulse,2023,Y,Y,N,N,N,409,Serato - Tidal,
2023-09-05,Movements,Roots Manuva,Brand New Second Hand,1999,N,N,N,N,N,252,Serato - Tidal,Loop and mic
2023-09-05,Gunshowers,BADBADNOTGOOD,Sour Soul Instrumentals,2015,Y,Y,N,Y,N,183,Serato,
2023-09-05,SoulShine,$irrebral,SOUL TAPE,2020,N,N,N,Y,N,115,Serato,
2023-09-05,Lost Sight,Elaquent,Bedtime Stories II,2021,N,Y,N,Y,N,179,Serato,
2023-09-05,Pan De Soul,Ljones,Garden Interlude,2016,N,N,N,Y,N,135,Serato,
2023-09-05,24th & Lake (feat. Cory Henry & Robert 'Sput' Searight),"Terrace Martin, Curly, Cory Henry, Robert 'Sput' Searight",Curly,2023,Y,N,N,N,N,349,Serato,
2023-09-05,Chocolate Mess,Harold Land,Damisi,1972,Y,Y,Y,N,N,456,Serato - Booth,
2023-09-12,"Air, Light & Harmony",Badge Époque Ensemble,"Air, Light & Harmony",2023,Y,Y,N,Y,N,280,Serato - Tidal,
2023-09-12,Honey Harbor (Bill's Song),Harrison,"Birds, Bees, The Clouds & The Trees",2023,N,Y,Y,Y,N,45,Serato,
2023-09-12,Overhead,Harrison,"Birds, Bees, The Clouds & The Trees",2023,N,Y,Y,Y,N,129,Serato,
2023-09-12,Hedron,BADBADNOTGOOD,III,2014,Y,Y,N,Y,N,341,Serato,
2023-09-12,rose tint,tkdwn.,the newtype,2023,N,Y,N,Y,N,109,Serato,
2023-09-12,Fire,Witch Prophet,Gateway Experience,2023,N,N,Y,Y,N,89,Serato,
2023-09-12,Roadtrip,Keeth,Roadtrip,2023,Y,Y,N,N,N,180,Serato,
2023-09-12,SHHH,JSPHYNX,Reflex,2023,Y,Y,N,N,N,320,Serato - Tidal,
2023-09-12,LUV,Indigo Rose,LUV EP,2021,N,N,N,Y,Y,178,Serato,
2023-09-12,Souls of Fire (feat. SLC),Ljones,Beginner's Mind,2023,N,Y,N,Y,N,114,Serato,
2023-09-12,QADIR,Nick Hakim,WILL THIS MAKE ME GOOD,2020,Y,N,N,N,N,452,Serato - Tidal,"Loop intro and mix, and mic"
2023-09-12,Live Strong,Ezra Collective,Where I'm Meant To Be,2022,Y,Y,N,N,N,456,Serato - Tidal,
2023-09-12,Recuperating (feat. Fly Anakin),"Ol' Burger Beats, Gabe 'Nandez, Fly Anakin",Recuperating (feat. Gabe ’Nandez & Fly Anakin),2023,N,N,N,N,N,197,Serato - Tidal,
2023-09-12,Finallyalone,Mndsgn,Finallyalone,2023,N,N,N,N,N,154,Serato - Tidal,
2023-09-12,This Side Of Sunshine (Single Edit),Butcher Brown,This Side Of Sunshine (Single Edit),2023,Y,Y,N,N,N,182,Serato - Tidal,Loop intro
2023-09-12,Skyline,FKJ,French Kiwi Juice,2017,N,N,N,N,N,249,Serato - Tidal,Fade out
2023-09-12,Bad,"Gotts Street Park, Zilo",Volume Two,2020,N,N,N,N,N,210,Serato - Tidal,
2023-09-12,I See A Lot Of Things,Greg Surmacz,What We Can Assume,2023,N,Y,N,N,N,236,Serato - Tidal,
2023-09-12,Voo Sobre O Horizonte,Lance Ferguson,"Rare Groove Spectrum, Vol. 2",2022,N,Y,N,N,N,294,Serato - Tidal,
2023-09-12,Chasing the Drum,Yussef Dayes,Black Classical Music,2023,Y,Y,N,N,N,340,Serato - Tidal,Loop intro and mic
2023-09-12,Moments,Robohands,Moments,2023,Y,Y,N,N,N,155,Serato - Tidal,
2023-09-12,Working,And Is Phi,Working,2023,Y,N,N,N,N,373,Serato - Tidal,
2023-09-19,Harvest Time,Pharoah Sanders,Pharoah,1977,Y,Y,N,N,N,1224,Serato - Tidal,
2023-09-19,Wake Up,Sargeant X Comrade,Lo Fi Future,2023,N,N,Y,Y,Y,178,Serato,
2023-09-19,Ones & Twos,re.verse,Meridian,2022,Y,Y,N,Y,N,240,Serato,
2023-09-19,Iso,blackmagic.,I Dont Like lofi,2023,Y,Y,N,Y,N,143,Serato,
2023-09-19,Loose Ends,Blue Wednesday,Loose Ends,2023,N,Y,N,Y,N,172,Serato - Tidal,Loop intro and mic
2023-09-19,Yesterday,HNNY,Yesterday,2023,N,N,N,N,N,193,Serato - Tidal,
2023-09-19,Bongo 113,Léon Phal,Stress Killer,2023,Y,Y,N,N,N,263,Serato - Tidal,
2023-09-19,Daywun,Eli Escobar,The Beach Album,2023,N,N,N,N,N,257,Serato - Tidal,
2023-09-19,Prix choc,Etienne de Crécy,Super Discount,1996,N,N,N,N,N,532,Serato - Tidal,"Loop intro and mic, fade out"
2023-09-19,Way Star,Rubba,In Motion,1978,Y,Y,N,N,N,231,Serato - Tidal,
2023-09-19,Don’t Believe The Dancers,Tony Allen & Adrian Younge,Tony Allen JID018,2023,Y,Y,Y,N,N,177,Serato,
2023-09-19,"Beg, Borrow, Play","The Outer Worlds Jazz Ensemble, Chip Wickham","Beg, Borrow, Play",2023,Y,Y,N,N,N,266,Serato - Tidal,Loop intro and mic
2023-09-19,Marching Band (feat. Masego),"Yussef Dayes, Masego",Black Classical Music,2023,Y,N,N,N,N,284,Serato - Tidal,
2023-09-19,Numb,"Raw Poetic, Damu The Fudgemunk",Away Back In,2023,N,N,N,N,N,231,Serato - Tidal,
2023-09-19,Stings,Kamaal Williams,Stings,2023,Y,Y,N,N,N,290,Serato - Tidal,
2023-09-19,Pakistan,Harold Land,Damisi,1972,Y,Y,Y,N,N,482,Serato - Booth,
2023-09-26,No Beginning,Tony Allen & Adrian Younge,Tony Allen JID018,2023,Y,Y,Y,N,N,162,Serato,
2023-09-26,No End,Tony Allen & Adrian Younge,Tony Allen JID018,2023,Y,Y,Y,N,N,158,Serato,
2023-09-26,West Berkley St,Johnathan Blake,Passage,2023,Y,Y,Y,N,N,263,Serato,
2023-09-26,Mama,Brooklyn Funk Essentials,Intuition,2023,Y,N,Y,N,N,274,Serato,
2023-09-26,"Mirrors, Vol. 4, No. 1",Naman Cale,"Mirrors, Vol. 3 / Mirrors, Vol. 4",2017,Y,Y,N,Y,N,150,Serato - Tidal,
2023-09-26,"You gotta flow joy, you gotta let them know joy","Badge Époque Ensemble, Lammping",Clouds of Joy: Chance of Reign,2022,N,N,N,Y,N,135,Serato - Tidal,
2023-09-26,TWO THANGS,Laizlo,laizlo;;edits,2020,N,N,N,Y,N,76,Serato,
2023-09-26,outrotoletukno,Funkywhat,SURF JUICE,2022,N,N,N,Y,N,91,Serato - Tidal,
2023-09-26,Crows,Atamone,Ville-Marie,2023,N,Y,N,Y,N,140,Serato - Tidal,
2023-09-26,Dizzy,Witch Prophet,Gateway Experience,2023,N,N,Y,Y,N,172,Serato,
2023-09-26,"I Was Foolish, I Guess",Kiefer,"It's Ok, B U",2023,Y,Y,N,N,N,216,Serato - Tidal,
2023-09-26,Breeze,Eli Escobar,The Beach Album,2023,N,N,N,N,N,137,Serato - Tidal,Loop intro and mic
2023-09-26,Talent Stick,Surprise Chef,Friendship EP,2023,Y,Y,N,N,N,240,Serato - Tidal,
2023-09-26,A Rising Tide,"Pat Van Dyke, Zac Colwell",Falls to Pieces,2023,Y,Y,N,N,N,199,Serato - Tidal,
2023-09-26,Knocked Down,"The Silhouettes Project, Asher Kosher, Nix Northwest, Turt, Paya, Joe Beard",Knocked Down,2023,N,N,N,N,N,215,Serato - Tidal,
2023-09-26,It Don't Stop,"MC Bravado, Wordsworth, J. Rawls",It Don't Stop,2023,N,N,N,N,N,162,Serato - Tidal,
2023-09-26,Buggin' Out,A Tribe Called Quest,The Low End Theory,1991,N,N,N,N,N,217,Serato - Tidal,Loop intro and mic
2023-09-26,Swoon Units,Digable Planets,Reachin' (A New Refutation Of Time And Space),1993,N,N,N,N,N,240,Serato - Tidal,Fade out
2023-09-26,Sentimental Mood,St Germain,Boulevard (The Complete Series),1995,Y,Y,N,N,N,620,Serato - Tidal,Let fade out and mic over outro
2023-09-26,Perennial Journey,"Web Web, Max Herre",Perennial Journey,2023,Y,Y,N,N,N,232,Serato - Tidal,
2023-09-26,Eye Never Knew,"Butcher Brown, Pink Siifu, Keyon Harrold",Eye Never Knew,2023,Y,N,N,N,N,210,Serato - Tidal,
2023-09-26,Glorious Game,"El Michels Affair, Black Thought, KIRBY",Glorious Game,2023,N,N,N,N,N,233,Serato - Tidal,
2023-09-26,LADY SOHO,Carlos Franzetti,GRAFITTI,2022,Y,N,N,N,N,302,Serato,
2023-09-26,What We Can Assume,Greg Surmacz,What We Can Assume,2023,Y,Y,N,N,N,452,Serato - Tidal,RECORD
2023-10-03,Happy Music,SuperShy,Happy Music,2023,N,N,Y,N,N,232,Serato,
2023-10-03,Say That Again,Anzola,Caracas,2020,N,Y,N,Y,N,342,Serato,
2023-10-03,All Ready Know,DJ Dine & Dash,Don't Ever Wonder,2020,N,N,N,Y,Y,284,Serato,
2023-10-03,Rising feat. Destiny Will,WheelUP,We Are The Magic,2023,N,N,Y,N,N,250,Serato,Loop end and fade out
2023-10-03,The Message Continues (Mark de Clive-Lowe Remix),Nubya Garcia,SOURCE ? WE MOVE,2021,Y,Y,N,N,N,370,Serato,
2023-10-03,Fusion Swirl,Jeff Parker,Suite For Max Brown,2020,Y,Y,N,N,N,333,Serato,Start at lower vol
2023-10-03,IV,BADBADNOTGOOD,IV,2016,Y,Y,N,Y,N,419,Serato,
2023-10-03,All I'm Missing Is You,Prequel,Love Or (I Heard You Like Heartbreak),2021,N,N,N,N,N,280,Serato,
2023-10-03,Venus,Emma-Jean Thackray,Yellow,2021,Y,N,N,N,N,394,Serato,
2023-10-03,Brooklyn to Brooklin,Scone Cash Players,Brooklyn to Brooklin,2022,N,N,N,N,N,274,Serato - Tidal,
2023-10-03,Carry It Mongo Man,Kaidi Tatham,An Insight To All Minds,2021,N,Y,N,N,N,257,Serato - Tidal,
2023-10-03,GAEA (Alfie Swan Remix),Darkhouse Family,An Extra Offering,2018,N,Y,N,N,N,436,Serato - Tidal,
2023-10-03,Changes,Charlotte Day Wilson,Alpha,2021,N,N,N,Y,N,178,Serato,
2023-10-03,Rendezvous,DJ Mitsu The Beats,New Awakening,2007,N,Y,N,N,N,440,Serato - Tidal,
2023-10-03,Latino Negro,Madlib,Sound Ancestors,2021,Y,Y,N,N,N,216,Serato - Tidal,
2023-10-03,The Gardens,"Garrett Saracho, Adrian Younge, Ali Shaheed Muhammad",Garrett Saracho JID015,2022,Y,Y,N,N,N,362,Serato - Tidal,
2023-10-03,Oh My Word,"Bentley, Horatio Luna",Less Thinking More Dancing,2021,Y,Y,N,N,N,488,Serato - Tidal,
2023-10-10,Incredible Science,Sargeant X Comrade,Lo Fi Future,2023,N,N,Y,Y,Y,143,Serato,
2023-10-10,READY WHEN YOU ARE,Planet Giza,Ready When You Are,2023,N,N,Y,Y,N,238,Serato,
2023-10-10,Drum Money,Ekiti Sound,Drum Money,2023,N,N,Y,N,N,205,Serato,
2023-10-10,Supervision (feat. Sir Anthony),URF Tone,All That Glitters,2023,N,N,Y,N,N,212,Serato,
2023-10-10,Earl (Feat. Leland Whitty),BADBADNOTGOOD,BBNG2,2012,Y,Y,N,Y,N,226,Serato,
2023-10-10,Earth,Ljones,Summer Bumps Vol 01,2016,N,Y,N,Y,N,119,Serato,
2023-10-10,That’s How (Instrumental),Moka Only,It Can Do (Instrumentals),2020,N,Y,N,Y,N,99,Serato,
2023-10-10,EyeStillLuvU,$irrebral,SOUL TAPE,2020,N,N,N,Y,N,168,Serato,
2023-10-10,99:01:00,Laizlo,laizlo;;edits,2020,N,N,N,Y,N,76,Serato,
2023-10-10,Cowboys,Harrison,"Birds, Bees, The Clouds & The Trees",2023,N,Y,Y,Y,N,104,Serato,
2023-10-10,Jukebox,Yussef Dayes,Black Classical Music,2023,Y,Y,N,N,N,159,Serato - Tidal,
2023-10-10,Happy Hourrr,Butcher Brown,Solar Music,2023,Y,N,N,N,N,67,Serato - Tidal,Loop intro and mic
2023-10-10,Run It Up,Butcher Brown,Solar Music,2023,Y,N,N,N,N,168,Serato - Tidal,
2023-10-10,Love Will Find a Way,Pharoah Sanders,Pharoah,1977,Y,Y,N,N,N,867,Serato - Tidal,Mic over outro
2023-10-10,Inconsequential Narrative,"Greg Foat, Eero Koivistoinen",Feathers,2023,Y,Y,N,N,N,284,Serato - Tidal,
2023-10-10,Dogtown,Kamaal Williams,Stings,2023,Y,Y,N,N,N,390,Serato - Tidal,
2023-10-10,Hips,Kiefer,"It's Ok, B U",2023,Y,Y,N,N,N,264,Serato - Tidal,Loop outro and mic
2023-10-10,Watermelon Man,The Headhunters,Live From Brooklyn Bowl,2023,Y,Y,N,N,N,570,Serato - Tidal,
2023-10-10,Ghosts,"Nubiyan Twist, Nick Richards",Jungle Run,2019,Y,Y,N,N,N,441,Serato - Tidal,
2023-10-10,nuevo roquero estéreo,Jaimie Branch,FLY or DIE II: bird dogs of paradise,2019,Y,Y,N,N,N,493,Serato,RECORD
2023-10-17,Fresh Snow,"Greg Foat, Art Themen",Off-Piste,2023,Y,Y,N,N,N,639,Serato - Tidal,
2023-10-17,Bowls,Badge Époque Ensemble,"Air, Light & Harmony",2023,Y,Y,N,Y,N,262,Serato - Tidal,
2023-10-17,letstalkaboutit (Instrumental),"KAYTRAMINÉ, Aminé, KAYTRANADA",KAYTRAMINÉ (Instrumentals),2023,N,Y,N,Y,N,166,Serato - Tidal,
2023-10-17,Byram's Groove (Cut a Rug),Slakah the Beatchild,Soul Movement Vol. 2,2014,N,N,N,Y,N,204,Serato - Tidal,
2023-10-17,Born Again,Danger Mouse & Jemini,Born Again,2023,N,N,Y,N,N,224,Serato,
2023-10-17,Fluid (feat. Uhmeer),URF Tone,All That Glitters,2023,N,N,Y,N,N,240,Serato,
2023-10-17,Tell Me Why,"Gotts Street Park, Olive Jones",On The Inside,2023,N,N,N,N,N,231,Serato - Tidal,Loop intro and mic
2023-10-17,The Guvna,"Kamaal Williams, Sharay Reed, Brian Hargrove",Stings,2023,Y,Y,N,N,N,240,Serato - Tidal,
2023-10-17,Geet,Moka Only,Spooky Beats n' Other Treats,2023,N,Y,N,Y,N,190,Serato - Tidal,
2023-10-17,Espionage,"Butcher Brown, Charlie Hunter",Solar Music,2023,Y,Y,N,N,N,228,Serato - Tidal,
2023-10-17,Journey to Love (feat. Vanity Jay),Darkhouse Family,The Offering,2017,Y,N,N,N,N,293,Serato - Tidal,
2023-10-17,Trust Me,"Guru, N'Dea Davenport",Jazzmatazz Volume 1,1993,N,N,N,N,N,267,Serato - Tidal,
2023-10-17,The Last Of Us (feat. Quelle Chris),"Ol' Burger Beats, Quelle Chris",The Last of Us (feat. Quelle Chris),2023,Y,N,N,N,N,210,Serato - Tidal,Loop intro and mic
2023-10-17,Glowing (feat. Pera Krstajic),Kiefer,"It's Ok, B U",2023,Y,Y,N,N,N,276,Serato - Tidal,Fadeout
2023-10-17,Raisins Under the Sun (feat. Shabaka Hutchings),Yussef Dayes,Black Classical Music,2023,Y,Y,N,N,N,271,Serato - Tidal,
2023-10-17,Mosquitoh,Jazzbois,Higher Dimension Waiting Room,2023,Y,Y,N,N,N,238,Serato - Tidal,
2023-10-17,Velvet Stream,"Bokoya, Gianni Brezzo",Minari,2023,Y,Y,N,N,N,316,Serato - Tidal,
2023-10-17,Slow Motion,"Gabb., Adrian Planitz, Tea box records",Slow Motion,2023,N,Y,N,Y,N,144,Serato - Tidal,
2023-10-17,Things Can Be Calm,"Daniel Villarreal, Jeff Parker, Anna Butterss",Lados B,2023,Y,Y,N,N,N,529,Serato - Tidal,
2023-10-24,LUDE,"The Kount, Kaelin Ellis",Vignette,2022,Y,Y,N,Y,N,48,Serato,
2023-10-24,jazz is for ordinary people,berlioz,jazz is for ordinary people,2023,Y,N,N,N,N,164,Serato,
2023-10-24,Energy,URF Tone,Energy,2022,N,N,N,N,N,166,Serato,
2023-10-24,Heartache + U,Bad Colours,Always With U,2022,N,N,N,N,N,242,Serato,
2023-10-24,Testify,Madison McFerrin,I Hope You Can Forgive Me,2023,N,N,N,N,N,229,Serato,
2023-10-24,Automaton,"Ash Walker, Oscar Jerome, Joe Armon-Jones",Automaton,2023,Y,N,N,N,N,253,Serato,
2023-10-24,DYKWYD,"Butcher Brown, Braxton Cook",DYKWYD,2023,Y,N,N,N,N,242,Serato,
2023-10-24,The Layover,"Billy Woods, Kenny Segal",Maps,2023,N,N,N,N,N,170,Serato,
2023-10-24,Turbulence's Pulse,Asher Gamedze,Turbulence and Pulse,2023,Y,N,N,N,N,248,Serato,
2023-10-24,Visions,"Total Refreshment Centre, Soccer96, Kieron Boothe",Visions,2023,Y,N,N,N,N,260,Serato,
2023-10-24,sittlichkeit,R.A.P. Ferreira,5 to the Eye with Stars,2022,N,N,N,N,N,149,Serato,
2023-10-24,4th Feb (Stay Awake),Alfa Mist,Variables,2023,Y,Y,N,N,N,180,Serato,
2023-10-24,Breeze,Ashley Henry,My Voice,2023,Y,Y,N,N,N,271,Serato,
2023-10-24,Purple/Green,Chiminyo,Nrg 1,2023,N,N,N,N,N,220,Serato,
2023-10-24,Going Up,"Kassa Overall, Lil B, Shabazz Palaces, Francis and the Lights",ANIMALS,2023,Y,N,N,N,N,373,Serato,
2023-10-24,Cnt Go Back ( Tell Me ),"B. Cool-Aid, Pink Siifu, Ahwlee, Liv.e, Butcher Brown, Jimetta Rose, V.C.R, MAURICE II",Leather Blvd.,2023,N,N,N,N,N,311,Serato,
2023-10-24,No Merci,Little Simz,NO THANK YOU,2022,N,N,N,N,N,317,Serato,
2023-10-24,Being In Love,HNNY,Being In Love,2022,N,Y,N,N,N,151,Serato,
2023-10-24,Studio Freestyle (interlude),"KOTO?, Soft Eyez",Mornington Me,2022,N,Y,N,N,N,33,Serato,
2023-10-24,Too Much Clout,"Declaime, Madlib",Too Much Clout,2022,N,N,N,N,N,173,Serato,
2023-10-24,I'm Still Somehow,"El Michels Affair, Black Thought",Glorious Game,2023,N,N,N,N,N,124,Serato,
2023-10-24,Black Classical Music,"Yussef Dayes, Venna, Charlie Stacey",Black Classical Music,2023,Y,Y,N,N,N,319,Serato,
2023-10-24,So Flute,St. Germain,Tourist,2000,Y,Y,N,N,N,509,Serato,
2023-10-31,Pelota (Cut a Rug Mix),Khruangbin & Quantic,Pelota (Cut a Rug Mix),2021,N,Y,N,N,N,301,Serato,
2023-10-31,Soul Makosa,Kaidi & NK-OK,The Sounds of Afrotronica,2021,Y,N,N,N,N,228,Serato,
2023-10-31,Connected feat. Josh Milan,Zo! & Tall Black Guy,Abstractions,2021,N,N,N,N,N,410,Serato,
2023-10-31,Speak To Me,Anushka,Yemaya,2021,N,N,N,N,N,165,Serato,
2023-10-31,Carry It Mongo Man,Kaidi Tatham,An Insight To All Minds,2021,Y,Y,N,N,N,257,Serato,
2023-10-31,Say No More,Duke Hugh & Bryony Jarman-Pinto,Say No More,2021,Y,N,N,N,N,194,Serato,
2023-10-31,The Road to Love,Sweatson Klank,The Road to Love,2021,Y,N,N,N,N,248,Serato,
2023-10-31,Gypsy Woman (Quarantine Sessions),Tom Misch,Quarantine Sessions,2021,Y,Y,N,N,N,179,Serato,
2023-10-31,Infatuated Love,Née Pauline & Ol' Burger Beats,I Am Leaving,2021,N,N,N,N,N,142,Serato,
2023-10-31,The Message Continues (Mark de Clive-Lowe Remix),Nubya Garcia,SOURCE ? WE MOVE,2021,Y,Y,N,N,N,369,Serato,
2023-10-31,Out of the Blue,Kaidi & NK-OK,The Sounds of Afrotronica,2021,Y,N,N,N,N,335,Serato,
2023-10-31,Love Is (feat. Cazeaux O.S.L.O),Prequel,Love Or (I Heard You Like Heartbreak),2021,N,N,N,N,N,333,Serato,
2023-10-31,Aspects,STR4TA,Aspects,2021,Y,N,N,N,N,466,Serato,
2023-10-31,Endurance,Beatchild,Nostalgia Beats of 2008 – 2020,2021,N,Y,N,Y,N,285,Serato,
2023-10-31,W.O.M.E.N,Milla Thyme,Everything Has Its Thyme,2021,N,N,N,N,N,266,Serato,
2023-10-31,Take Care Of You (feat. Syd),Charlotte Day Wilson,Alpha,2021,N,N,N,Y,N,214,Serato,
2023-10-31,Latino Negro,Madlib,Sound Ancestors,2021,Y,N,N,N,N,216,Serato,
2023-10-31,Ole Times Two (Instrumental),Ol' Burger Beats,Monologue.,2021,N,Y,N,N,N,165,Serato,
2023-10-31,Everybody Loves the Sunshine (feat. Theo Croker),Kiefer,Between Days,2021,Y,Y,N,N,N,322,Serato,
2023-10-31,Title Theme / Saria's Song / Song Of Storms,BADBADNOTGOOD,BBNG,2011,Y,Y,N,Y,N,574,Serato - Booth,
2023-11-07,Mystery,"Turnstile, Badbadnotgood",New Heart Designs,2023,Y,N,N,Y,N,141,Serato - Tidal,
2023-11-07,vincecarter,The Kount,The Reset Series: Vol. 1,2023,N,Y,N,Y,N,105,Serato - Tidal,
2023-11-07,Thinking Of God,Badge Époque Ensemble,"Air, Light & Harmony",2023,Y,Y,N,Y,N,208,Serato - Tidal,Hard stop on purple cue
2023-11-07,Toucan Soul,Elaquent,The Reset Series: Vol. 1,2023,N,Y,N,Y,N,171,Serato - Tidal,FADE OUT
2023-11-07,Are You Still A Friend?,"Gotts Street Park, Flikka",On The Inside,2023,N,N,N,N,N,190,Serato - Tidal,
2023-11-07,Day One (Bonus Track) [feat. Anthony David] (Explicit),"Beneficence, Jazz Spastiks, Anthony David",Summer Night Sessions,2023,N,N,N,N,N,245,Serato - Tidal,
2023-11-07,Nothing Is Something (feat. Russell Hall & Kyle Poole),"Mathis Picard, Kyle Poole, Russell Hall",Heat Of The Moment,2023,Y,Y,N,N,N,194,Serato - Tidal,
2023-11-07,Jazz 104,Max Graef,Rivers Of The Red Planet,2014,Y,N,N,N,N,67,Serato - Tidal,
2023-11-07,Turismo,"Butcher Brown, Julia Shuren",Solar Music,2023,Y,Y,N,N,N,113,Serato - Tidal,
2023-11-07,SNT,Mndsgn,Snaxxx,2023,N,N,N,N,N,84,Serato - Tidal,
2023-11-07,The Cure,Oddisee,Odd Cure,2020,N,N,N,N,N,271,Serato - Tidal,
2023-11-07,City Of God,Kamaal Williams,Stings,2023,Y,Y,N,N,N,199,Serato - Tidal,Loop intro
2023-11-07,New Year’s UnResolution,L'Rain,I Killed Your Dog,2023,N,N,N,N,N,295,Serato - Tidal,
2023-11-07,Daytime Nighttime,"Daniel Villarreal, Jeff Parker, Anna Butterss",Lados B,2023,Y,Y,N,N,N,317,Serato - Tidal,
2023-11-07,Used To,"Bluestaeb, Ciscero",Used To / U,2023,Y,N,N,N,N,170,Serato - Tidal,
2023-11-07,The Vid,BENTLEY,The Lab,2023,Y,Y,N,N,N,263,Serato - Tidal,Loop outro
2023-11-07,ASIATIQUE BLACK WIZARD LILY FUNK,R.A.P. Ferreira,ASIATIQUE BLACK WIZARD LILY FUNK,2023,N,N,N,N,N,1139,Serato,
2023-11-07,The Source Of All Things,"Web Web, Max Herre, Marja Burchard",WEB MAX II,2023,Y,Y,N,N,N,183,Serato - Tidal,Loop intro
2023-11-07,Never Get Enough,"Busty and the Bass, Katie Tupper",Forever Never Cares,2023,Y,N,N,Y,N,260,Serato - Tidal,
2023-11-07,Escape The Matrix (Part 1) (Feat. Prevail),Sargeant X Comrade,Lo Fi Future,2023,N,N,Y,Y,Y,170,Serato,
2023-11-07,Little Child Runnin' Wild,Curtis Mayfield,Superfly,1972,N,N,N,N,N,327,Serato - Tidal,RECORD
2023-11-14,concentrate,Jonah Yano,concentrate,2023,N,N,N,Y,N,281,Serato - Tidal,
2023-11-14,Meditation,Atlantis Jazz Ensemble,Celestial Suite,2023,Y,Y,Y,Y,N,251,Serato,
2023-11-14,Mouichido Kikasete,Yuji Ohno,Touch - The Sublime Sound of Yuji Ohno,2023,Y,N,Y,N,N,295,Serato,
2023-11-14,Know That You Are Loved (Datsunn Flip),Cleo Sol,Cleo Sol - Know That You Are Loved (Datsunn Flip),2023,N,N,N,Y,N,104,Serato,
2023-11-14,Bob Ross,chill evans,Chill Evans Beat Tape Vol. 6,2017,N,Y,N,Y,Y,97,Serato,
2023-11-14,Dumpling,"Gabb., USOUND",Dumpling,2023,N,Y,N,Y,N,128,Serato - Tidal,
2023-11-14,Get Paid!,"ZIMBA, Senz Beats",222,2022,N,Y,N,Y,N,88,Serato - Tidal,
2023-11-14,Lingo (feat. Saukrates),"Beneficence, Jazz Spastiks, Saukrates",Summer Night Sessions,2023,N,N,N,N,N,220,Serato - Tidal,
2023-11-14,Nothing Is Freestyle,The Alchemist,Nothing Is Freestyle,2023,N,N,N,N,N,129,Serato - Tidal,
2023-11-14,2 Sentimental,Kassa Overall,2 Sentimental,2023,Y,N,N,N,N,174,Serato - Tidal,
2023-11-14,Ashore,The Breathing Effect,Eli & Harry,2023,N,N,N,N,N,351,Serato - Tidal,Loop intro
2023-11-14,When You're Near,"Guru, N'Dea Davenport",Jazzmatazz Volume 1,1993,Y,N,N,N,N,243,Serato - Tidal,
2023-11-14,"It's Ok, B U",Kiefer,"It's Ok, B U",2023,Y,Y,N,N,N,262,Serato - Tidal,
2023-11-14,Too Rare To Die,"Joe Beard, Rosier",Comfort Zone,2019,N,N,N,N,N,190,Serato - Tidal,
2023-11-14,Requiem (feat. Allan Barnes),J Dilla,Rebirth Of Detroit,2012,N,Y,N,N,N,174,Serato - Tidal,
2023-11-14,Jettin',Digable Planets,Blowout Comb,1994,N,N,N,N,N,279,Serato - Tidal,Loop intro
2023-11-14,New Day (feat. Illa J),Abstract Orchestra,New Day (feat. Illa J),2018,N,N,N,N,N,145,Serato - Tidal,
2023-11-14,Every Single Time (feat. Dr. Syntax),The Mouse Outfit,Escape Music,2013,N,N,N,N,N,183,Serato - Tidal,
2023-11-14,Borderline,Alfa Mist,Variables,2023,Y,N,N,N,N,122,Serato - Tidal,
2023-11-14,Alone,"El Michels Affair, Black Thought",Glorious Game,2023,N,N,N,N,N,126,Serato - Tidal,
2023-11-14,Yegle Nesh,Hailu Mergia,Hailu / Yegle Nesh,2015,Y,Y,N,N,N,197,Serato - Tidal,
2023-11-14,It's Simple,Visioneers,Marc Mac presents Visioneers - Dirty Old Hip Hop,2006,N,Y,N,N,N,247,Serato - Tidal,
2023-11-14,Whiteout,G Mills,Yuzu,2023,N,Y,N,N,N,89,Serato - Tidal,Loop intro
2023-11-14,Sleeper,"Badbadnotgood, Charlotte Day Wilson",Sleeper,2023,Y,N,N,Y,N,244,Serato - Tidal,
2023-11-14,Something 4 Ya (feat. Rae Khalil),URF Tone,All That Glitters,2023,N,N,Y,N,N,218,Serato - Tidal,
2023-11-14,Remedy - GUakaCVO Stank Face Mix,Flamingo Pier,Beneath The Neon EP,2023,N,Y,Y,N,N,426,Serato - Booth,
2023-11-21,Lil Birdie,DJ Harrison,Lil Birdie,2023,Y,N,N,N,N,236,Serato - Tidal,
2023-11-21,Underwater Boi,"Turnstile, Badbadnotgood",New Heart Designs,2023,Y,N,N,Y,N,236,Serato - Tidal,
2023-11-21,Oneness,Atlantis Jazz Ensemble,Celestial Suite,2023,Y,Y,Y,Y,N,421,Serato,
2023-11-21,Kirameku Inner Space,Yuji Ohno,Touch - The Sublime Sound of Yuji Ohno,2023,Y,Y,Y,N,N,197,Serato,
2023-11-21,Did You Know (feat. Momoko Gill),Alabaster DePlume,Come With Fierce Grace,2023,Y,N,Y,N,N,235,Serato,
2023-11-21,Escape The Matrix (Part 2) (Feat. Prevail),Sargeant X Comrade,Lo Fi Future,2023,N,N,Y,Y,Y,172,Serato,
2023-11-21,Blutopia,Resavoir,Resavoir,2023,Y,Y,N,N,N,220,Serato - Tidal,
2023-11-21,Lakeshore,"Gabb., ØNEMOR3, Patiotic Records",Lakeshore,2023,Y,Y,N,Y,N,145,Serato - Tidal,
2023-11-21,Time Lost,Apollo Brown,Time Lost,2022,N,Y,N,N,N,184,Serato - Tidal,Loop intro
2023-11-21,Tang of the Zest,Ebi Soda,Honk If You're Sad,2022,Y,Y,N,N,N,308,Serato - Tidal,
2023-11-21,Young Eye,Ivan Ave,Every Eye,2017,N,N,N,N,N,206,Serato - Tidal,
2023-11-21,Parley to Parlet (feat. Ladybug Mecca),Jazz Spastiks,The Product,2014,N,N,N,N,N,229,Serato - Tidal,
2023-11-21,U Do,Koralle,Insomnia,2023,N,N,N,N,N,169,Serato - Tidal,
2023-11-21,Be Water,"Gas Lab, KAZUMI KANEDA",Trans Pacific,2022,N,Y,N,N,N,150,Serato - Tidal,Loop outro
2023-11-21,’86 Carolina West,Seafood Sam,Afros In The Wind,2023,N,N,N,N,N,235,Serato - Tidal,
2023-11-21,Ninety Three 'Til Infinity And Beyoncé,André 3000,New Blue Sun,2023,Y,Y,N,N,N,229,Serato - Tidal,Mic over outro
2023-11-21,Jenn’s Terrific Vacation (feat. Kassa Overall),Danny Brown,Quaranta,2023,N,N,N,N,N,206,Serato - Tidal,
2023-11-21,TBH!,ovrkast.,TBH!,2023,N,N,N,N,N,93,Serato - Tidal,
2023-11-21,Horizontal Bop,Detroit's Filthiest,Smoke Suggests Fire,2021,N,N,N,N,N,293,Serato - Tidal,
2023-11-21,A Low Frequency Nightmare,"Mike Reed, Ben LaMar Gay, Bitchin Bajas, Marvin Tate",The Separatist Party,2023,Y,Y,N,N,N,414,Serato - Tidal,
2023-11-21,Sonder,"Puar, veryolddog",Emotions,2022,N,Y,N,Y,N,83,Serato - Tidal,
2023-11-21,Rubie & Charles,Charles Stepney,Step on Step,2022,Y,Y,N,N,N,209,Serato - Tidal,FADE OUT
2023-11-21,Lift Off (feat. Rocco Palladino),Tom Misch & Yussef Dayes,What Kinda Music,2020,Y,N,N,N,N,319,Serato - Booth,
2023-11-28,Speak Low,Yuji Ohno,Touch - The Sublime Sound of Yuji Ohno,2023,Y,N,Y,N,N,312,Serato,
2023-11-28,Blessings,Atlantis Jazz Ensemble,Celestial Suite,2023,Y,Y,Y,Y,N,480,Serato,
2023-11-28,Broken Again,Alabaster DePlume,Come With Fierce Grace,2023,Y,Y,Y,N,N,355,Serato,
2023-11-28,Rainbow Revisited,"Thandi Ntuli, Carlos Niño",Rainbow Revisited,2023,Y,N,N,N,N,433,Serato - Tidal,
2023-11-28,Acute Truth,"Speakers Corner Quartet, Kelsey Lu, Kwake Bass, Raven Bush, Peter Bennie, Biscuit",Further Out Than The Edge,2023,Y,N,N,N,N,221,Serato - Tidal,
2023-11-28,Strawberry Dream,Gotts Street Park,On The Inside,2023,Y,Y,N,N,N,244,Serato - Tidal,Loop intro and mic
2023-11-28,Give Me A Smile,"Busty and the Bass, Son Little",Forever Never Cares,2023,N,N,N,Y,N,237,Serato - Tidal,FADE OUT
2023-11-28,Astral,"Notation, Howiewonder",Motions,2023,N,Y,N,Y,N,134,Serato - Tidal,
2023-11-28,spend,"Puar, Inversion",Maneki-neko,2023,N,Y,N,Y,N,96,Serato - Tidal,
2023-11-28,from me to you,chill evans,eight,2019,N,Y,N,Y,Y,131,Serato,
2023-11-28,Blue Vaka,The Jazzual Suspects,Curvlinear,2023,N,Y,N,N,N,191,Serato - Tidal,
2023-11-28,She Said,The Pharcyde,Labcabincalifornia,1995,N,N,N,N,N,315,Serato - Tidal,
2023-11-28,Honor The Example,Greg Osby,3-D Lifestyles,1993,N,N,N,N,N,161,Serato - Tidal,
2023-11-28,I Wanna Give To You,"Bless the Mad, Silka, Edson Sean",Bless The Mad,2020,N,N,N,N,N,166,Serato - Tidal,
2023-11-28,Summer Night Sessions (feat. Kid Abstrakt & Shabaam Sahdeeq),"Beneficence, Jazz Spastiks, Kid Abstrakt, Shabaam Sahdeeq",Summer Night Sessions,2023,N,N,N,N,N,207,Serato - Tidal,
2023-11-28,Paint Different,"The Alchemist, Curren$y","Flying High, Part 2",2023,N,N,N,N,N,164,Serato - Tidal,Loop intro and mic
2023-11-28,Magic,Seba Kaapstad,Konke,2020,N,N,N,N,N,247,Serato - Tidal,
2023-11-28,The Last Symphony / Magnolia,"Kamaal Williams, Miguel Atwood-Ferguson",Stings,2023,Y,Y,N,N,N,362,Serato - Tidal,
2023-11-28,Check the Rhime,A Tribe Called Quest,The Low End Theory,1991,N,N,N,N,N,216,Serato - Tidal,
2023-11-28,Confessions Pt II (feat. Colin Stetson),BADBADNOTGOOD,IV,2016,Y,Y,N,Y,N,384,Serato - Booth,
2023-12-05,Rhymin' Teknicians (feat. El Da Sensei),"Beneficence, Jazz Spastiks, El Da Sensei",Summer Night Sessions,2023,N,N,N,N,N,211,Serato - Tidal,
2023-12-05,Transcendence,Atlantis Jazz Ensemble,Celestial Suite,2023,Y,Y,Y,Y,N,431,Serato,
2023-12-05,Marking My Time (BADBADNOTGOOD Edit),"Elmiene, Badbadnotgood",Marking My Time (BADBADNOTGOOD Edit),2023,N,N,N,Y,N,252,Serato - Tidal,
2023-12-05,Hiiway,Justice Der,Racing Games,2020,N,Y,N,Y,N,154,Serato - Tidal,
2023-12-05,daze,$irrebral,SOUL TAPE II,2020,N,N,N,Y,N,187,Serato,
2023-12-05,Rainy Day,chill evans,Chill Evans Beat Tape Vol. 1,2015,N,Y,N,Y,Y,180,Serato,
2023-12-05,strikeback,howiewonder,pathways,2021,N,Y,N,Y,N,154,Serato,
2023-12-05,Float (feat. Kadhja Bonet),Harrison,"Birds, Bees, The Clouds & The Trees",2023,N,N,N,Y,N,145,Serato,
2023-12-05,Stars,Gabb.,Mtl,2023,N,Y,N,Y,N,102,Serato,
2023-12-05,You Shall Know the Truth,Prequel,Freedom Jazz Dance,2020,Y,Y,N,N,N,428,Serato - Tidal,Loop intro and mic
2023-12-05,U BETTA RUN,30/70,ART MAKE LOVE,2023,N,N,N,N,N,352,Serato - Tidal,
2023-12-05,Away,DJ Mitsu The Beats,New Awakening,2007,N,N,N,N,N,225,Serato - Tidal,Fade in
2023-12-05,Call Me Ishmael,Madcat,The Doors of Perception,2018,N,Y,N,N,N,327,Serato - Tidal,Fade in
2023-12-05,The Returner,"Cody Currie, Tino Valentin",Lucas,2022,N,Y,N,N,N,282,Serato - Tidal,Fade in
2023-12-05,MCW,Shigeto,Versions,2019,N,Y,N,N,N,379,Serato - Tidal,Loop intro and mic
2023-12-05,Say Something,Emma-Jean Thackray,Say Something,2021,Y,N,N,N,N,229,Serato - Tidal,
2023-12-05,Support Your Local,Horatio Luna,Support Your Local Jazzy House Producer,2023,Y,Y,N,N,N,210,Serato - Tidal,
2023-12-05,Skippy,JSPHYNX,Reflex,2023,Y,Y,N,N,N,411,Serato - Tidal,
2023-12-05,Betty's Bossa,Johnny Coles,Mainstream Funk,2021,Y,Y,N,N,N,274,Serato - Tidal,
2023-12-05,I Wish You Love,Yuji Ohno,Touch - The Sublime Sound of Yuji Ohno,2023,N,N,Y,N,N,205,Serato,
2023-12-05,Speak No Evil (Night Dream),Emma-Jean Thackray,Blue Note Re:Imagined,2020,Y,N,N,N,N,299,Serato - Booth,
2023-12-12,Wish List,Terrace Martin,Ornamental,2023,Y,Y,N,N,N,367,Serato - Tidal,
2023-12-12,Just a Little Lovin',Mocky,Just a Little Lovin',2023,Y,N,N,N,N,177,Serato - Tidal,
2023-12-12,Holding On,"Cody Currie, Marlena Dae",Cody Currie EP,2023,Y,N,N,N,N,212,Serato - Tidal,
2023-12-12,Never Doubt,Blue Lab Beats,Blue Eclipse,2023,Y,Y,N,N,N,250,Serato - Tidal,
2023-12-12,Whats That Song,L'Rain,I Killed Your Dog,2023,N,N,Y,N,N,20,Serato,
2023-12-12,I Want To Be Happy,Yuji Ohno,Touch - The Sublime Sound of Yuji Ohno,2023,Y,N,Y,N,N,218,Serato,
2023-12-12,the mountain,"Jaimie Branch, Jason Ajemian",Fly or Die Fly or Die Fly or Die ((world war)),2023,Y,N,N,N,N,296,Serato - Tidal,
2023-12-12,Enlightenment,Atlantis Jazz Ensemble,Celestial Suite,2023,Y,Y,Y,Y,N,265,Serato,
2023-12-12,Blurs,Moka Only,Blurs,2023,N,N,N,Y,N,151,Serato - Tidal,Loop intro and mic
2023-12-12,Check The Fluidness,Trog'low,Jazz Joints,2018,N,Y,N,Y,N,142,Serato - Tidal,
2023-12-12,Final Moments,Vienna,Getting Around to It,2019,N,Y,N,Y,N,113,Serato - Tidal,
2023-12-12,See Ya,Kawfee,Heartburn,2017,N,Y,N,Y,N,80,Serato - Tidal,
2023-12-12,Morganite,Docta Swatch,"Precious Gems, Vol. 3",2021,N,Y,N,Y,N,128,Serato - Tidal,
2023-12-12,Turning Onto You (HNNY Remix),"First Aid Kit, HNNY",Turning Onto You (HNNY Remix),2023,N,N,N,N,N,210,Serato - Tidal,
2023-12-12,Finishing Touch (feat. Laville),Ash Walker,Aquamarine,2019,N,N,N,N,N,241,Serato - Tidal,
2023-12-12,Day One,Blackalicious,Blazing Arrow,2002,N,N,N,N,N,292,Serato - Tidal,Loop intro and mic
2023-12-12,Real Funk,"Beneficence, Jazz Spastiks",Summer Night Sessions,2023,N,N,N,N,N,259,Serato - Tidal,
2023-12-12,The Good Fight,"Lord Apex, Madlib",The Good Fight,2023,N,N,N,N,N,236,Serato - Tidal,
2023-12-12,Fleeting Fantasy,"WoNK, Kiefer",Fleeting Fantasy,2023,Y,N,N,N,N,252,Serato - Tidal,
2023-12-12,Suspense In The Grip Of Suspense,"Damon Locks, Rob Mazurek",New Future City Radio,2023,Y,Y,N,N,N,238,Serato - Tidal,
2023-12-12,Keep It Player,"The Musalini, 9th Wonder, Izzy Hott",Don & Eye 2,2023,N,N,N,N,N,194,Serato - Tidal,
2023-12-12,Bedroom DJ,"Tomu DJ, Petty Getty",Bedroom DJ,2023,N,N,N,N,N,219,Serato - Tidal,
2023-12-12,Let It Snow,Adam Shulman,We Wish You A Funky Christmas,2023,Y,Y,Y,N,N,629,Serato - Booth,
2023-12-19,new crib,kawfee,(s') oublier,2020,N,Y,N,Y,N,96,Serato,
2023-12-19,ça vo bin,kawfee,(s') oublier,2020,N,Y,N,Y,N,88,Serato,
2023-12-19,s'oublier,kawfee,(s') oublier,2020,N,Y,N,Y,N,72,Serato,
2023-12-19,encore l'hiver,kawfee,(s') oublier,2020,N,Y,N,Y,N,77,Serato,
2023-12-19,la télé est là,kawfee,(s') oublier,2020,N,Y,N,Y,N,86,Serato,
2023-12-19,feels (intro),kawfee,snowstorm,2020,N,Y,N,Y,N,82,Serato,
2023-12-19,feeling fine,kawfee,snowstorm,2020,N,Y,N,Y,N,96,Serato,
2023-12-19,warmer,kawfee,snowstorm,2020,N,Y,N,Y,N,93,Serato,
2023-12-19,snowstorm,kawfee,snowstorm,2020,N,Y,N,Y,N,93,Serato,
2023-12-19,some of the old,kawfee,winter again,2023,N,Y,N,Y,N,74,Serato,
2023-12-19,winter again,kawfee,winter again,2023,N,Y,N,Y,N,99,Serato,
2023-12-19,time out,kawfee,winter again,2023,N,Y,N,Y,N,121,Serato,
2023-12-19,shoulda known,kawfee,winter again,2023,N,Y,N,Y,N,58,Serato,
2023-12-19,volatile,kawfee,winter again,2023,N,Y,N,Y,N,106,Serato,
2023-12-19,near,kawfee,winter again,2023,N,Y,N,Y,N,72,Serato,
2023-12-19,Christmas Time Is Here,Adam Shulman,We Wish You A Funky Christmas,2023,N,Y,Y,N,N,312,Serato - Booth,
2023-12-19,Dogtown,Kamaal Williams,Stings,2023,Y,Y,N,N,N,390,Serato,Loop intro and mic
2023-12-19,Black Classical Music,"Yussef Dayes, Venna, Charlie Stacey",Black Classical Music,2023,Y,Y,N,N,N,319,Serato,
2023-12-19,Breeze,Ashley Henry,My Voice,2023,Y,Y,N,N,N,271,Serato - Tidal,
2023-12-19,Runner Up,OkoNski,Magnolia,2023,Y,Y,N,N,N,337,Serato - Tidal,
2023-12-19,Right Side of the Bed,Oddisee,The Odd Tape,2016,N,Y,N,N,N,251,Serato - Tidal,
2023-12-19,City of Mirrors (feat. Arthur Verocai),BADBADNOTGOOD,Talk Memory,2021,Y,Y,N,Y,N,230,Serato,
2023-12-19,Visions,"Total Refreshment Centre, Soccer96, Kieron Boothe",Transmissions From Total Refreshment Centre,2023,Y,N,N,N,N,260,Serato - Tidal,
2023-12-19,We Wish You A Funky Christmas,Adam Shulman,We Wish You A Funky Christmas,2023,N,Y,Y,N,N,312,Serato - Booth,
2023-12-26,Xmas (We’ve Got),Cookin Soul,A TRIBE CALLED XMAS,2023,N,N,N,N,N,225,Serato,
2023-12-26,Butter Cookies,Cookin Soul,A TRIBE CALLED XMAS,2023,N,N,N,N,N,229,Serato,
2023-12-26,Merry Abstract Xmas,Cookin Soul,A TRIBE CALLED XMAS,2023,N,N,N,N,N,188,Serato,
2023-12-26,Snow Skit,Cookin Soul,A TRIBE CALLED XMAS,2023,N,N,N,N,N,46,Serato,
2023-12-26,5 Foot Reindeer,Cookin Soul,A TRIBE CALLED XMAS,2023,N,N,N,N,N,196,Serato,
2023-12-26,Kamaal Xmas Time,Cookin Soul,A TRIBE CALLED XMAS,2023,N,N,N,N,N,132,Serato,
2023-12-26,Holiday Booty,Cookin Soul,A TRIBE CALLED XMAS,2023,N,N,N,N,N,229,Serato,
2023-12-26,Nut Job skit,Cookin Soul,A TRIBE CALLED XMAS,2023,N,N,N,N,N,62,Serato,
2023-12-26,Funky Xmas for Two,Cookin Soul,A TRIBE CALLED XMAS,2023,N,N,N,N,N,279,Serato,
2023-12-26,Soul Holidays,Cookin Soul,A TRIBE CALLED XMAS,2023,N,N,N,N,N,238,Serato,
2023-12-26,Opening Montage,Bird Peterson,The Bird Peterson Holiday Spectacular,2019,N,N,N,N,N,67,Serato,
2023-12-26,Ye Merry Gentlemen,Bird Peterson,The Bird Peterson Holiday Spectacular,2019,N,N,N,N,N,70,Serato,
2023-12-26,Happy Birthday (So Frosty),Bird Peterson,The Bird Peterson Holiday Spectacular,2019,N,N,N,N,N,125,Serato,
2023-12-26,Blue Christmas Loo Loo,Bird Peterson,The Bird Peterson Holiday Spectacular,2019,N,N,N,N,N,117,Serato,
2023-12-26,Christmas Magic,Bird Peterson,The Bird Peterson Holiday Spectacular,2019,N,N,N,N,N,160,Serato,
2023-12-26,Jingle Bells,Bird Peterson,The Bird Peterson Holiday Spectacular,2019,N,N,N,N,N,106,Serato,
2023-12-26,Trees,Bird Peterson,The Bird Peterson Holiday Spectacular,2019,N,N,N,N,N,127,Serato,Loop outro and mic
2023-12-26,Charlie Pt 1 (What A Tree),Bird Peterson,The Bird Peterson Holiday Spectacular,2019,N,N,N,N,N,63,Serato,
2023-12-26,Charlie Pt 2 (Skating),Bird Peterson,The Bird Peterson Holiday Spectacular,2019,N,N,N,N,N,118,Serato,
2023-12-26,One Religious Song (So Grandma Doesn't Give Me What'fer),Bird Peterson,The Bird Peterson Holiday Spectacular,2019,N,N,N,N,N,130,Serato,
2023-12-26,Skitch & I,Bird Peterson,The Bird Peterson Holiday Spectacular,2019,N,N,N,N,N,137,Serato,
2023-12-26,That Christmas,Bird Peterson,The Bird Peterson Holiday Spectacular,2019,N,N,N,N,N,134,Serato,
2023-12-26,Look At Them Presents,Bird Peterson,The Bird Peterson Holiday Spectacular,2019,N,N,N,N,N,107,Serato,
2023-12-26,Holiday Nut Mix,Bird Peterson,The Bird Peterson Holiday Spectacular,2019,N,N,N,N,N,116,Serato,Loop outro and mic
2023-12-26,Without Your Loving Arms,Bird Peterson,The Bird Peterson Holiday Spectacular,2019,N,N,N,N,N,110,Serato,
2023-12-26,The Christmas Waltz,Bird Peterson,The Bird Peterson Holiday Spectacular,2019,N,N,N,N,N,75,Serato,
2023-12-26,Let It Snow 2010,Bird Peterson,The Bird Peterson Holiday Spectacular,2019,N,N,N,N,N,88,Serato,
2023-12-26,The Grinch Pt 1 & 2,Bird Peterson,The Bird Peterson Holiday Spectacular,2019,N,N,N,N,N,244,Serato,
2023-12-26,Blazin Yule Logs,Bird Peterson,The Bird Peterson Holiday Spectacular,2019,N,N,N,N,N,87,Serato,
2023-12-26,It's Here,Bird Peterson,The Bird Peterson Holiday Spectacular,2019,N,N,N,N,N,100,Serato,
2023-12-26,Smoochin,Bird Peterson,The Bird Peterson Holiday Spectacular,2019,N,N,N,N,N,105,Serato,
2023-12-26,"A Wish, The Moon, And Silver Tongue Stewart",Bird Peterson,The Bird Peterson Holiday Spectacular,2019,N,N,N,N,N,139,Serato,Loop outro and mic
2023-12-26,8 Day Oil (featuring Deerflesh),Bird Peterson,The Bird Peterson Holiday Spectacular,2019,N,N,N,N,N,126,Serato,
2023-12-26,I Hope,Bird Peterson,The Bird Peterson Holiday Spectacular,2019,N,N,N,N,N,103,Serato,
2023-12-26,Charlie Pt 3 (Hark),Bird Peterson,The Bird Peterson Holiday Spectacular,2019,N,N,N,N,N,162,Serato,
2023-12-26,Charlie Pt 4 (Jingle Bells),Bird Peterson,The Bird Peterson Holiday Spectacular,2019,N,N,N,N,N,142,Serato,
2023-12-26,Snowfall,Bird Peterson,The Bird Peterson Holiday Spectacular,2019,N,N,N,N,N,78,Serato,
2023-12-26,The Spirit Of 89,Bird Peterson,The Bird Peterson Holiday Spectacular,2019,N,N,N,N,N,112,Serato,Loop outro and mic
2023-12-26,Razzleberry Dressing,Bird Peterson,The Bird Peterson Holiday Spectacular,2019,N,N,N,N,N,248,Serato,
2024-01-02,Alibama,Asher Gamedze,Turbulence and Pulse,2023,Y,Y,N,N,N,179,Serato - Tidal,
2024-01-02,4CHORDS,"Steve Jackson, Carsten Rubeling",4CHORDS,2023,Y,Y,N,Y,Y,366,Serato - Tidal,
2024-01-02,the ordinary is ordinary because it ordinarily repeats,Jonah Yano,portrait of a dog,2023,Y,Y,N,Y,N,378,Serato - Tidal,
2024-01-02,4th Feb (Stay Awake),Alfa Mist,Variables,2023,Y,N,N,N,N,180,Serato - Tidal,
2024-01-02,Watch For The View,Genevieve Artadi,Forever Forever,2023,Y,N,N,N,N,193,Serato - Tidal,
2024-01-02,Make My Way Back Home,"Kassa Overall, Nick Hakim, Theo Croker",ANIMALS,2023,Y,N,N,N,N,236,Serato - Tidal,
2024-01-02,Inthecoupe,Harrison,"Birds, Bees, The Clouds & The Trees",2023,N,Y,N,Y,N,132,Serato - Tidal,
2024-01-02,Turismo,"Butcher Brown, Julia Shuren",Solar Music,2023,Y,Y,N,N,N,113,Serato - Tidal,
2024-01-02,Alter Ego,"El Michels Affair, Black Thought, Brainstory",Glorious Game,2023,Y,N,N,N,N,190,Serato - Tidal,Loop intro and mic
2024-01-02,aurora rising,Jaimie Branch,Fly or Die Fly or Die Fly or Die ((world war)),2023,Y,Y,N,N,N,118,Serato - Tidal,
2024-01-02,borealis dancing,Jaimie Branch,Fly or Die Fly or Die Fly or Die ((world war)),2023,Y,Y,N,N,N,421,Serato - Tidal,
2024-01-02,Wandering Lies,Busty and the Bass,Forever Never Cares,2023,N,N,N,Y,N,300,Serato - Tidal,
2024-01-02,Strawberry Dream,Gotts Street Park,On The Inside,2023,Y,Y,N,N,N,244,Serato - Tidal,
2024-01-02,Summer Night Sessions (feat. Kid Abstrakt & Shabaam Sahdeeq),"Beneficence, Jazz Spastiks, Kid Abstrakt, Shabaam Sahdeeq",Summer Night Sessions,2023,N,N,N,N,N,207,Serato - Tidal,
2024-01-02,Holding On,"Cody Currie, Marlena Dae",Cody Currie EP,2023,Y,N,N,N,N,212,Serato - Tidal,
2024-01-02,Mystery,"Turnstile, Badbadnotgood",New Heart Designs,2023,Y,N,N,Y,N,141,Serato - Tidal,Tarek's pick
2024-01-02,Little Miss Dynamite,Anish Kumar,A Mixtape by Anish Kumar,2023,N,N,N,N,N,194,Serato - Tidal,Becca's pick
2024-01-02,Happy Music,Supershy,Happy Music,2023,N,N,Y,N,N,233,Serato - Tidal,Kristyn's pick
2024-01-02,FaceTime,"Billy Woods, Kenny Segal, Samuel T. Herring",Maps,2023,N,N,N,N,N,212,Serato - Tidal,Mike's pick
2024-01-02,The Official Bird Peterson New Years Eve Countdown,Bird Peterson,The Official Bird Peterson New Years Eve Countdown,2021,N,N,N,N,N,240,Serato,
2024-01-02,Estación Esperanza (feat. Manu Chao),Sofia Kourtesis,Madres,2023,N,N,Y,N,N,317,Serato - Booth,
2024-01-09,Winter Things,Moka Only,Martian XMAS 2023,2023,N,N,N,Y,N,164,Serato - Tidal,
2024-01-09,World,Gabb.,World,2023,N,Y,N,Y,N,92,Serato - Tidal,
2024-01-09,Wedding,Racasse,Table d'hôte,2023,N,Y,N,Y,N,133,Serato - Tidal,
2024-01-09,Feellike,Howiewonder,Heartbeats,2014,N,Y,N,Y,N,76,Serato - Tidal,
2024-01-09,San Miguel,DeKobe,Outtakes,2020,N,Y,N,Y,N,163,Serato - Tidal,
2024-01-09,Avocado.Smoke I,Atamone,Payperplains & Avocado.Smoke,2017,N,Y,N,Y,N,96,Serato - Tidal,
2024-01-09,Sepia Dreams,Trog'low,Nostalgia Pieces 2,2023,N,Y,N,Y,N,144,Serato - Tidal,
2024-01-09,Something Real,DK,Atlantic Rap Vol. 1,2023,N,N,N,Y,N,317,Serato - Tidal,
2024-01-09,Aurora,Karavelo,Puddle Kush,2021,N,Y,N,Y,N,120,Serato - Tidal,
2024-01-09,Caution,Puar,PUAR BEATS VOL10,2024,N,N,N,Y,N,129,Serato - Tidal,
2024-01-09,Baby Boy,ZIMBA & Dr. MaD,SUPER 8,2023,N,N,N,Y,N,145,Serato - Tidal,
2024-01-09,skylines,chill evans,eight,2019,N,Y,N,Y,Y,160,Serato,
2024-01-09,Nothing Better,Prequel,Freedom Jazz Dance,2020,N,Y,N,N,N,330,Serato - Tidal,Loop intro and mic
2024-01-09,Stomper,BENTLEY,MARLY,2023,Y,Y,N,N,N,242,Serato - Tidal,
2024-01-09,Stomping Gamay,"Karriem Riggins, Madlib, Jahari Massamba Unit",Stomping Gamay,2023,Y,Y,N,N,N,293,Serato - Tidal,
2024-01-09,FRAGILE,Moses Yoofee Trio,OCEAN,2023,Y,Y,N,N,N,287,Serato - Tidal,
2024-01-09,Higher Self,Ego Ella May,FIELDNOTES PT III,2023,N,N,N,N,N,241,Serato - Tidal,Loop intro and mic
2024-01-09,Gelato,Yussef Dayes,Black Classical Music,2023,Y,Y,N,N,N,286,Serato - Tidal,
2024-01-09,Carpe Diem,Horatio Luna,Support Your Local Jazzy House Producer,2023,Y,Y,N,N,N,254,Serato - Tidal,
2024-01-09,Don't Drop Dead,"Kuna Maze, Midva",Night Shift,2023,Y,Y,N,N,N,251,Serato - Tidal,
2024-01-09,The Awakening,Azar Lawrence,People Moving,2023,Y,Y,N,N,N,406,Serato - Tidal,
2024-01-09,U (Slowed & Reverb),Bluestaeb,Used To / U,2023,Y,Y,N,N,N,209,Serato - Tidal,Loop intro and mic
2024-01-09,Easy Going,Sven Wunder,Easy Going,2023,Y,Y,N,N,N,254,Serato - Tidal,
2024-01-09,Reflections,Tristan De Liége x Jambal,Enterprises of Great Pith and Moment,2023,Y,Y,Y,N,N,308,Serato - Booth,
2024-01-16,Love & Life,Chip Wickham,Love & Life,2023,Y,Y,N,N,N,386,Serato - Tidal,
2024-01-16,Wood (feat. Yu Su),Duval Timothy,Meeting with a Judas Tree,2022,Y,Y,N,N,N,212,Serato - Tidal,
2024-01-16,IYKYK (feat. Ivan Ave),"Elaquent, Ivan Ave",Rediscovery,2023,N,N,N,Y,N,202,Serato - Tidal,Loop end and fade out
2024-01-16,Tranquil,"Melodiesinfonie, Al Hug",Tranquil,2022,Y,Y,N,N,N,166,Serato - Tidal,
2024-01-16,Into The Wind,"Blue Wednesday, Magnus Klausen",The Great Escape,2020,Y,Y,N,Y,N,162,Serato - Tidal,
2024-01-16,Poke Bowl,Radiant Children,TRYIN',2018,N,N,N,N,N,271,Serato - Tidal,
2024-01-16,Us,McClenney,Soulection White Label - Chris McClenney,2015,Y,Y,N,N,N,163,Serato - Tidal,
2024-01-16,Freestyle S**t (Instrumental),"Freddie Gibbs, Madlib",Bandana Beats,2020,N,N,N,N,N,148,Serato - Tidal,
2024-01-16,Dust in my Weed,"KOTO?, Soft Eyez",Mornington Me,2022,N,N,N,Y,N,72,Serato - Tidal,Loop end and mic
2024-01-16,Hip Vibrations,Cal Tjader,Hip Vibrations,1967,Y,Y,N,N,N,232,Serato - Tidal,
2024-01-16,MinnesotaMud (feat. JUS' & Emerson Corleone),Scully,THEMUMMERS,2023,N,N,N,Y,N,165,Serato - Tidal,
2024-01-16,Proceed,The Roots,Do You Want More?!!!??!,1995,N,N,N,N,N,275,Serato - Tidal,
2024-01-16,Happy When It Rains,"Joe Nora, Karavelo","Favorite Color, Rain",2019,N,Y,N,Y,N,126,Serato - Tidal,
2024-01-16,Kickinit Alone,Kiefer,Kickinit Alone,2017,Y,Y,N,N,N,193,Serato - Tidal,
2024-01-16,Keep Waiting,Datsunn,Like Water,2019,N,Y,N,Y,N,172,Serato - Tidal,
2024-01-16,A Good Glow,Moka Only,Martian 2020,2020,N,N,N,Y,N,198,Serato - Tidal,
2024-01-16,Jessica,Herbie Hancock,Fat Albert Rotunda,1970,Y,Y,N,N,N,252,Serato - Tidal,Loop intro and mic
2024-01-16,bolinko bass,Jaimie Branch,Fly or Die Fly or Die Fly or Die ((world war)),2023,Y,Y,N,N,N,273,Serato - Tidal,Fade out
2024-01-16,Flo Schneider,Ebi Soda,Bedroom Tapes,2019,Y,Y,N,N,N,326,Serato - Tidal,
2024-01-16,Turn Me Around (Demus Dub),STR4TA,The Demus Dubs,2023,Y,Y,N,N,N,368,Serato - Tidal,
2024-01-16,Stretch - (The Body) - feat. Joel Ross,"Marquis Hill, Joel Ross",Stretch - (The Body) - feat. Joel Ross,2023,Y,N,N,N,N,252,Serato - Tidal,
2024-01-16,Repercussions,Kamaal Williams,Stings,2023,Y,Y,N,N,N,262,Serato - Tidal,
2024-01-16,Love Brings Happiness (Tall Black Guy feat. Kaidi Tatham Remix),"Phil Ranelin & Wendell Harrison, Adrian Younge, & Ali Shaheed Muhammad",Remixes JID020,2023,Y,Y,Y,N,N,325,Serato - Booth,
2024-01-23,Chasing the Drum - A COLORS SHOW,Yussef Dayes,Chasing the Drum - A COLORS SHOW,2023,Y,Y,N,N,N,222,Serato - Tidal,
2024-01-23,little fat fella,Wun Two,"Snow, Vol. 8",2024,N,Y,N,N,N,64,Serato - Tidal,
2024-01-23,Strawberry Blossoms,ZIMBA & Dr. MaD,SUPER 8,2023,N,N,N,Y,N,170,Serato,
2024-01-23,Annie Merl,Seafood Sam,Afros In The Wind,2023,N,N,Y,N,N,153,Serato,
2024-01-23,Running With The Tribe (DJ Nyack Remix),"Phil Ranelin & Wendell Harrison, Adrian Younge, & Ali Shaheed Muhammad",Remixes JID020,2023,Y,Y,Y,N,N,232,Serato,
2024-01-23,good times interlude,monk,1931-12-21,2021,N,Y,N,Y,N,26,Serato,
2024-01-23,Recuperating (feat. Gabe 'Nandez & Fly Anakin),"Ol' Burger Beats, Gabe 'Nandez, Fly Anakin",74: Out of Time,2024,N,N,N,N,N,197,Serato - Tidal,
2024-01-23,WHOO,Nick Hakim,WILL THIS MAKE ME GOOD,2020,N,N,N,N,N,305,Serato - Tidal,
2024-01-23,handsaw,Laizlo,2dAY,2020,N,N,N,Y,N,58,Serato,
2024-01-23,Only Right Now,Capotal,BLESS Vol. 1,2017,N,N,N,N,N,154,Serato - Tidal,
2024-01-23,Easy,Howiewonder,Easy,2024,Y,Y,N,Y,N,98,Serato - Tidal,
2024-01-23,Self I Am Intro Ft. Ashez The Poet,Bhon x Elaquent,Self I Am,2008,N,N,N,Y,N,121,Serato,
2024-01-23,Focus Interferes,Gianni Brezzo,Filigrani,2024,Y,Y,N,N,N,169,Serato - Tidal,Loop intro and mic
2024-01-23,Burning Sensation,"Christoph El Truento, Avantdale Bowling Club",Circle of Friends,2023,Y,N,N,N,N,340,Serato - Tidal,
2024-01-23,Lunch Break,"Axian, Idepen",Practice Hours,2024,N,Y,N,N,N,127,Serato - Tidal,
2024-01-23,Colours of the soul,grindmaster,Bedhead,2021,N,Y,N,Y,N,143,Serato - Tidal,
2024-01-23,Monoxide,"Sly5thAve, Mononeon, Mackenzie, Canoed_sun",Monoxide,2024,Y,N,N,N,N,193,Serato - Tidal,
2024-01-23,Alcolado,OkoNski,Trio Session Demos,2024,Y,Y,N,N,N,195,Serato - Tidal,
2024-01-23,Passionfruit,"elkka, John Carroll Kirby",Passionfruit,2024,N,Y,N,N,N,562,Serato - Tidal,Loop intro and mic
2024-01-23,6 Feet Down,"Tara Lily, Theo Croker",6 Feet Down,2024,Y,N,N,N,N,168,Serato - Tidal,
2024-01-23,Liberation,Muriel Grossmann,Universal Code,2022,Y,Y,N,N,N,426,Serato - Tidal,
2024-01-23,Pure Shade,Ezra Collective,We Out Here,2018,Y,Y,N,N,N,393,Serato - Tidal,
2024-01-23,Park Bench People,Freestyle Fellowship,Innercity Griots,1993,N,N,N,N,N,312,Serato - Tidal,
2024-01-23,Tubesocks,Kiefer,Kickinit Alone,2017,N,Y,N,N,N,127,Serato - Tidal,
2024-01-23,Joyful Noise,Atlantis Jazz Ensemble,Celestial Suite,2023,Y,Y,Y,Y,N,297,Serato - Booth,
2024-01-30,origins,chill evans,eight,2019,N,Y,N,Y,Y,104,Serato,
2024-01-30,Who We Are,Ashley Henry,Who We Are,2024,Y,Y,N,N,N,220,Serato - Tidal,
2024-01-30,Interlude 2,DK,Atlantic Rap Vol. 1,2023,N,Y,N,Y,N,59,Serato - Tidal,
2024-01-30,Rêve (feat. Danae Greenfield),Evan Shay,Autoroute EP,2023,Y,N,N,Y,N,120,Serato - Tidal,
2024-01-30,Jutsu (feat. Namir Blade),"Elaquent, Namir Blade",Rediscovery,2023,N,N,N,Y,N,202,Serato - Tidal,
2024-01-30,Mattress Backflips,Seafood Sam,Afros In The Wind,2023,N,N,Y,N,N,128,Serato,
2024-01-30,Bakeren,Espen Horne,The Anatomy Of Serene Eloquence,2023,N,N,N,N,N,293,Serato - Tidal,
2024-01-30,Silhouette,Yuji Ohno,Touch - The Sublime Sound of Yuji Ohno,2023,Y,N,Y,N,N,253,Serato,
2024-01-30,MF BLOOM,ZIMBA & Dr. MaD,SUPER 8,2023,N,N,N,Y,N,144,Serato,
2024-01-30,Birds of Paradise,Yussef Dayes,Black Classical Music,2023,Y,Y,N,N,N,249,Serato - Tidal,
2024-01-30,Modaji,Harvey Mason,Marching In The Street,1976,Y,Y,N,N,N,411,Serato - Tidal,Loop intro and mic
2024-01-30,Under Our Pillows,The Smile,Wall Of Eyes,2024,N,N,N,N,N,374,Serato - Tidal,
2024-01-30,Maritime Jazz,Cosmic Analog Ensemble,Les Grandes Vacances,2024,Y,N,N,N,N,299,Serato - Tidal,
2024-01-30,Reflections (Bei Ru Remix),"Katalyst, Adrian Younge, & Ali Shaheed Muhammad",Remixes JID020,2023,Y,Y,Y,N,N,186,Serato,
2024-01-30,Yourself,Midlife,Yourself,2024,N,N,N,N,N,382,Serato - Tidal,
2024-01-30,Peace Pipe,Tomorrow Comes The Harvest,Evolution,2023,N,Y,N,N,N,637,Serato - Tidal,Loop intro and mic
2024-01-30,Ostavi trag,September,Zadnja avantura,2022,Y,N,N,N,N,243,Serato - Tidal,
2024-01-30,Fortify,Nubya Garcia,Fortify,2024,Y,Y,N,N,N,349,Serato - Tidal,
2024-01-30,begonias,R.A.P. Ferreira,the First Fist to Make Contact When We Dap,2024,N,N,N,N,N,232,Serato - Tidal,
2024-01-30,Breaking Dawn,Atlantis Jazz Ensemble,Celestial Suite,2023,Y,Y,Y,Y,N,380,Serato - Booth,
2024-02-06,Free Form,Ol' Burger Beats,74: Out of Time,2024,N,Y,N,N,N,219,Serato - Tidal,
2024-02-06,Down,"Howiewonder, Spective",Down,2024,N,Y,N,Y,N,134,Serato - Tidal,
2024-02-06,nightofthemeek (feat. Emerson Corleone),Scully,THEMUMMERS,2023,N,N,N,Y,N,102,Serato - Tidal,
2024-02-06,Living Happy,"Quelle Chris, Chris Keys, Joseph Chilliams, Cavalier",Innocent Country 2,2020,N,N,N,N,N,269,Serato - Tidal,
2024-02-06,Zwaar,The Mauskovic Dance Band,Bukaroo Bank,2022,N,Y,N,N,N,295,Serato - Tidal,
2024-02-06,All Those Years,Brion Gysin,Junk,1985,Y,N,Y,Y,N,205,Serato,
2024-02-06,A Cool Breeze,Matt Large,A Cool Breeze,2023,N,Y,N,N,N,196,Serato - Tidal,
2024-02-06,Sunday Vibes,"Masego, Medasin",The Pink Polo EP,2016,N,Y,N,N,N,226,Serato - Tidal,
2024-02-06,Milan Nights,Gianni Brezzo,Filigrani,2024,N,Y,N,N,N,151,Serato - Tidal,
2024-02-06,Drip,"Christoph El Truento, Ladi6",Circle of Friends,2023,Y,Y,N,N,N,203,Serato - Tidal,Loop intro and mic
2024-02-06,Be Myself,"The Silhouettes Project, Nix Northwest, Tambala",Be Myself,2024,N,N,N,N,N,227,Serato - Tidal,
2024-02-06,soulfolks signal,R.A.P. Ferreira & Fumitake Tamura,the First Fist to Make Contact When We Dap,2023,N,N,Y,N,N,212,Serato,
2024-02-06,Autoroute (feat. JMF),Evan Shay,Autoroute EP,2023,N,Y,N,Y,N,177,Serato - Tidal,
2024-02-06,Tenderness,Vels Trio,Yellow Ochre,2020,N,Y,N,N,N,301,Serato - Tidal,
2024-02-06,Global,"the Kii, Lazlow, agajon",Global,2022,N,Y,N,N,N,132,Serato - Tidal,Loop intro and mic
2024-02-06,Star Swing,Astrocolor,Moonlighting – AstroJazz Vol.1,2023,N,Y,N,N,N,215,Serato - Tidal,
2024-02-06,By Now (Accused of Magic),"Kofi Flexxx, Anthony Joseph",Flowers In The Dark,2023,Y,N,N,N,N,324,Serato - Tidal,
2024-02-06,Altitude (L.O. & Diisko Remix),"Garrett Saracho, Adrian Younge, & Ali Shaheed Muhammad",Remixes JID020,2023,Y,Y,Y,N,N,160,Serato,
2024-02-06,Mr Piano Player Man (Instrumental),Sargeant X Comrade,"Instrumentals, Pt. 2",2023,N,Y,N,Y,Y,95,Serato - Tidal,
2024-02-06,Be Like That,Nick Wisdom,Be Like That,2023,N,N,N,Y,N,361,Serato - Tidal,
2024-02-06,Homage to Bossa,"Felipe Gordon, Toro Moratto",Homage to Bossa,2024,Y,Y,N,N,N,488,Serato - Tidal,
2024-02-06,El Canaveral,Afro-Caribbean Jazz Collective,Fiesta at Caroga! (en vivo),2024,Y,Y,Y,N,N,465,Serato,
2024-02-13,Marvel at That (NEW Marvel VERSION),Czarface,Czartificial Intelligence,2024,N,N,Y,N,N,190,Serato,
2024-02-13,H20,DJ PUMP,H20,2023,N,N,N,Y,Y,210,Serato,
2024-02-13,Lights Out,"Nubiyan Twist, Nile Rodgers",Lights Out,2024,N,N,N,N,N,241,Serato - Tidal,
2024-02-13,crossroads,"blackmagic., j. kelly",solo rumination,2023,N,N,N,Y,N,124,Serato - Tidal,
2024-02-13,5-Audio 01 (2022-01-06),Vienna,Odds & Ends,2024,N,Y,N,Y,N,42,Serato,
2024-02-13,Grab-n-Go,Puar,PUAR BEATS VOL10,2024,N,N,N,Y,N,93,Serato,
2024-02-13,Blue Avenue,Jazz Liberatorz,Fruit of the Past,2009,Y,N,N,N,N,190,Serato - Tidal,
2024-02-13,Nine To Five,Gabb.,Nine To Five,2024,N,Y,N,Y,N,96,Serato - Tidal,
2024-02-13,The Spirit of Harold Lilly,Seafood Sam,Afros In The Wind,2023,N,N,Y,N,N,141,Serato,
2024-02-13,"Spirits, Pt. 2",The Circling Sun,Spirits,2023,Y,Y,N,N,N,407,Serato - Tidal,
2024-02-13,Goodbye,Howiewonder,Goodbye,2024,N,N,N,Y,N,61,Serato - Tidal,
2024-02-13,Memories Live,"Reflection Eternal, Talib Kweli, Hi-Tek",Train Of Thought,2000,N,N,N,N,N,239,Serato - Tidal,Loop intro and mic
2024-02-13,Everybody Loves The Sunshine,"Takuya Kuroda, José James",Rising Son,2014,Y,N,N,N,N,565,Serato - Tidal,
2024-02-13,Summer Chronicles,Sweatson Klank,Summer Chronicles,2024,N,N,N,N,N,162,Serato - Tidal,
2024-02-13,Football Head,Flamingosis,Pleasure Palette,2015,N,Y,N,N,N,224,Serato - Tidal,
2024-02-13,For the Family (feat. Awon),Ol' Burger Beats,74: Out of Time,2024,N,N,N,N,N,190,Serato - Tidal,
2024-02-13,Far Away,Little Simz,Drop 7,2024,N,N,N,N,N,187,Serato - Tidal,Loop intro and mic
2024-02-13,Nego Sao,Ary Lobo,Ary Lobo 1958-1968,2023,Y,N,Y,N,N,129,Serato,
2024-02-13,Tawhid,Johnny Lytle,People & Love,1972,Y,Y,N,N,N,425,Serato - Tidal,
2024-02-13,Hedkey,Christoph El Truento,Circle of Friends,2023,Y,Y,N,N,N,435,Serato - Tidal,
2024-02-13,Bo Ba Be Da,Herbie Hancock,Dis Is Da Drum,1995,Y,Y,N,N,N,484,Serato - Tidal,
2024-02-13,Snafu,Yusef Lateef,Eastern Sounds,1962,Y,Y,Y,N,N,342,Serato,
2024-02-20,Flutes of Gold,"Felipe Gordon, Toro Moratto",Flutes of Gold EP,2024,N,Y,N,N,N,422,Serato - Tidal,
2024-02-20,Key to Love (Is Understanding) feat. Jonah Yano,"Jonah Yano, Badbadnotgood",Key to Love (Is Understanding),2019,Y,N,N,Y,N,354,Serato - Tidal,
2024-02-20,Favourite Test To Fail,"Don Rattray, Twit One",Favourite Test To Fail,2024,N,N,N,N,N,155,Serato - Tidal,
2024-02-20,Rainy Day in a Cafe,Dominant,Warm Reminiscence,2018,N,Y,N,Y,N,162,Serato - Tidal,
2024-02-20,Activities,Howiewonder,Activities,2023,N,Y,N,Y,N,97,Serato - Tidal,
2024-02-20,The Nuance,"Jetson, [bsd.u]",bluntscraps,2019,N,N,N,Y,N,102,Serato - Tidal,
2024-02-20,Fully Rely,Laizlo,Frog,2018,N,Y,N,Y,N,78,Serato - Tidal,
2024-02-20,Underwater,chill evans,Chill Evans Beat Tape Vol. 7,2017,N,Y,N,Y,Y,63,Serato - Tidal,
2024-02-20,Warp,"Blue Lab Beats, Jackson Mathod, Kaidi Akinnibi",Motherland Journey,2022,Y,N,N,N,N,265,Serato - Tidal,
2024-02-20,Them Ribs,The Jazzual Suspects,Curvlinear,2023,N,Y,N,N,N,178,Serato - Tidal,
2024-02-20,Hocus Pocus,"The Silhouettes Project, MANIK MC, Kojey Radical, Paya, Joe Beard","The Silhouettes Project, Vol. 2",2024,N,N,N,N,N,222,Serato - Tidal,Loop intro and mic
2024-02-20,Early Summer,Ryo Fukui,Scenery,1976,Y,Y,N,N,N,644,Serato - Tidal,
2024-02-20,elite mind flayer judo,R.A.P. Ferreira & Fumitake Tamura,the First Fist to Make Contact When We Dap,2023,N,N,Y,N,N,122,Serato,
2024-02-20,Careless (Tiny Room Sessions),"Greg Spero, Ronald Bruner, Jr., Mononeon",Careless (Tiny Room Sessions),2021,Y,Y,N,N,N,123,Serato - Tidal,Loop intro and mic
2024-02-20,Ólobo,"Web Web, Max Herre, Carlos Nino",WEB MAX II,2023,Y,Y,N,N,N,190,Serato - Tidal,
2024-02-20,Black Sabbath (feat. billy woods & Tha God Fahim),"Ol' Burger Beats, Billy Woods, Tha God Fahim",74: Out of Time,2024,Y,N,N,N,N,198,Serato - Tidal,
2024-02-20,Change the World (feat. MoRuf),"Ol' Burger Beats, Moruf",74: Out of Time,2024,Y,N,N,N,N,182,Serato - Tidal,
2024-02-20,Dial It Back,"CARRTOONS, Julia Zivic, Yoh",Saturday Night,2023,Y,N,N,N,N,181,Serato - Tidal,
2024-02-20,Magnolia II,"Kamaal Williams, Theo Croker, Corey Fonville",Stings,2023,Y,Y,N,N,N,197,Serato - Tidal,
2024-02-20,Years Ago,"Alfa Mist, Amika Quartet",Years Ago,2024,Y,Y,N,N,N,246,Serato - Tidal,
2024-02-20,Step Off,People Under The Stairs,Carried Away,2009,N,N,N,N,N,194,Serato,
2024-02-20,Such a Beautiful Day,"Sarah, the Illstrumentalist",Such a Beautiful Day,2024,N,Y,N,N,N,130,Serato - Tidal,Loop intro and mic
2024-02-20,Whirlwind Thru Cities,Afu-Ra,Body Of The Life Force,2000,N,N,N,N,N,239,Serato - Tidal,
2024-02-20,Living Colours,Mndsgn,Snaxxx,2023,Y,N,N,N,N,130,Serato - Tidal,
2024-02-20,Blues For The Orient,Yusef Lateef,Eastern Sounds,1962,Y,Y,Y,N,N,340,Serato - Booth,
2024-02-27,Keep On,Alfa Mist,Antiphon,2017,Y,Y,N,N,N,647,Serato - Tidal,
2024-02-27,Kick (Discomix),Brion Gysin,Junk,1985,Y,N,Y,Y,N,401,Serato,
2024-02-27,Rain,Walter Wanderley,Rain Forest,1966,Y,Y,N,N,N,228,Serato - Tidal,
2024-02-27,Taste You on My Breath,vbnd,Daughter of the Sun,2023,Y,Y,N,Y,N,52,Serato - Tidal,
2024-02-27,Smoke,"vbnd, Katie Tupper",Daughter of the Sun,2023,Y,N,N,Y,N,222,Serato - Tidal,
2024-02-27,Float On,Trog'low,Lazy Cuts,2018,N,N,N,Y,N,98,Serato - Tidal,
2024-02-27,Cabin Crew,Blue Wednesday,Cabin Crew,2019,N,Y,N,Y,N,172,Serato - Tidal,
2024-02-27,Methods,"Charizma, Peanut Butter Wolf",Big Shots,2003,N,N,N,N,N,247,Serato - Tidal,Loop intro and mic
2024-02-27,Us - A COLORS SHOW,FKJ,Us - A COLORS SHOW,2022,Y,Y,N,N,N,373,Serato - Tidal,Loop intro and mix in
2024-02-27,The Star of a Story,Heatwave,Central Heating,1977,Y,N,N,N,N,350,Serato - Tidal,
2024-02-27,The Plum Blossom,Yusef Lateef,Eastern Sounds,1962,Y,Y,Y,N,N,303,Serato,
2024-02-27,Jes' Grew in Osaka,R.A.P. Ferreira & Fumitake Tamura,the First Fist to Make Contact When We Dap,2024,N,N,Y,N,N,141,Serato,
2024-02-27,Walken,Prequel,Freedom Jazz Dance,2020,N,Y,N,N,N,398,Serato - Tidal,Loop intro and mic
2024-02-27,Wire Fraud,Doctor Bionic,Sunday Morning DJ,2024,N,Y,N,N,N,304,Serato - Tidal,
2024-02-27,Massamba Afundance,Jahari Massamba Unit,Massamba Afundance,2024,Y,Y,N,N,N,182,Serato - Tidal,
2024-02-27,Chanson,Art Farmer,Crawl Space,1977,Y,Y,N,N,N,516,Serato - Tidal,
2024-02-27,Can We Pretend,Bill Withers,Justments,1974,N,N,N,N,N,230,Serato - Tidal,
2024-02-27,Invocation,Atlantis Jazz Ensemble,Celestial Suite,2023,Y,Y,Y,Y,N,316,Serato - Booth,
2024-03-05,I Don't Love You,Charlotte Day Wilson,Cyan Blue,2024,N,N,N,Y,N,251,Serato - Tidal,
2024-03-05,Need Nothing,Katie Tupper,Need Nothing,2024,N,N,N,Y,N,130,Serato - Tidal,
2024-03-05,Last Nite,"Potatohead People, Redman, Kapok",Eat Your Heart Out,2024,N,N,N,Y,N,221,Serato - Tidal,
2024-03-05,Endless Tunnels,Evan Shay,Autoroute EP,2023,Y,Y,N,Y,N,266,Serato - Tidal,
2024-03-05,Back in the City,DK,Atlantic Rap Vol. 1,2023,N,N,N,Y,N,223,Serato - Tidal,
2024-03-05,Uncertainty,DeKobe,A New Journey,2015,N,Y,N,Y,N,140,Serato - Tidal,
2024-03-05,Huit octobre 1971,Cortex,Troupeau bleu,1975,Y,N,N,N,N,266,Serato - Tidal,
2024-03-05,Sweet Dreamer,Lenny White,Big City,1977,Y,N,N,N,N,279,Serato - Tidal,
2024-03-05,Bridge Through Time,Lonnie Liston Smith,Love Is The Answer,1980,N,N,N,N,N,241,Serato - Tidal,Loop intro and mic
2024-03-05,Tiden Flyver,Boom Clap Bachelors,Kort For Dine Laeber,2008,N,N,N,N,N,305,Serato - Tidal,
2024-03-05,Everything in its Right Place,Kamaal Williams,Everything in its Right Place,2024,Y,Y,N,N,N,330,Serato - Tidal,
2024-03-05,WITH YHWH LOVE.,"Jahari Massamba Unit, Karriem Riggins, Madlib",YHWH is LOVE,2024,Y,Y,N,N,N,301,Serato - Tidal,
2024-03-05,Blueslides,ScHoolboy Q,BLUE LIPS,2024,N,N,N,N,N,235,Serato - Tidal,Loop intro and mic
2024-03-05,0.44,Alfa Mist,Structuralism,2019,Y,Y,N,N,N,599,Serato - Tidal,
2024-03-05,Goodbye Reality,C'Mon Tigre,Habitat,2023,Y,Y,Y,N,N,331,Serato,
2024-03-05,Half Forgotten Daydreams,John Cameron,Unusual Sounds,2018,Y,Y,N,N,N,247,Serato - Tidal,
2024-03-05,Mister Mellow (Album Version),Maynard Ferguson,Conquistador,1977,Y,N,N,N,N,387,Serato - Tidal,
2024-03-05,The Intellectual,Keyon Harrold,Foreverland,2024,Y,Y,Y,N,N,399,Serato - Booth,
2024-03-12,Phoenix (Theon Cross Remix),The Midnight Hour,Remixes JID020,2023,Y,Y,Y,N,N,245,Serato,
2024-03-12,Formula Paraiso,Reykjavik606,Divorce from New York Presents This Ain't Jazz No More,2021,Y,Y,N,N,N,393,Serato - Tidal,
2024-03-12,Laced,Puar,PUAR BEATS VOL10,2024,N,N,N,Y,N,140,Serato,
2024-03-12,mr. lee,chill evans,eight,2019,N,Y,N,Y,Y,105,Serato,
2024-03-12,stardust w/ kavv,monk,1931-12-21,2021,N,Y,N,Y,N,105,Serato,
2024-03-12,Mou Ichido,Dominant,Spring Dreaming,2018,N,Y,N,Y,N,121,Serato - Tidal,
2024-03-12,Cocktail,Racasse,Table d'hôte,2023,N,Y,N,Y,N,153,Serato - Tidal,
2024-03-12,NoNoNo,Gianni Brezzo,Soundscapes Vol. 1 - Music for Harlequins,2023,N,Y,N,N,N,216,Serato - Tidal,
2024-03-12,Enjoy The Ride,"Joe Beard, Isaac Waddington, Mathilda Homer",Enjoy The Ride,2018,N,N,N,N,N,219,Serato - Tidal,
2024-03-12,Serious Drug,Wildcookie,Cookie Dough,2017,N,N,N,N,N,173,Serato - Tidal,
2024-03-12,Forever,Charlotte Day Wilson,Cyan Blue,2024,N,N,N,Y,N,196,Serato - Tidal,Loop intro and mic
2024-03-12,It's Changed,Lonnie Smith,Afrodesia,1977,Y,Y,N,N,N,372,Serato - Tidal,
2024-03-12,Free Soul,John Klemmer,Blowin' Gold,1969,Y,Y,N,N,N,318,Serato - Tidal,
2024-03-12,Morning Glory,Jamiroquai,The Return of the Space Cowboy,1994,N,N,N,N,N,383,Serato - Tidal,
2024-03-12,Mala,Takuya Kuroda,Rising Son,2014,Y,Y,N,N,N,359,Serato - Tidal,Loop intro and mic
2024-03-12,Naiyti,Alfa Mist,Structuralism,2019,Y,Y,N,N,N,567,Serato - Tidal,
2024-03-12,Samson,Brittany Howard,What Now,2024,N,N,N,N,N,317,Serato - Tidal,
2024-03-12,Where Did We Go Wrong,"Christoph El Truento, M?",Circle of Friends,2023,Y,Y,N,N,N,414,Serato - Tidal,
2024-03-12,New Age,Klaus Layer,New Age / The Things,2023,N,Y,N,N,N,164,Serato - Tidal,
2024-03-12,Love Theme From Spartacus,Yusef Lateef,Eastern Sounds,1962,Y,Y,Y,N,N,255,Serato - Booth,
2024-03-19,Wil,Joss Moog,Ondulé Finest #4,2019,N,N,N,N,N,157,Serato - Tidal,
2024-03-19,Noweed,"Jetson, bsd.u",bluntscraps,2019,N,N,N,Y,N,109,Serato - Tidal,
2024-03-19,Relxx (feat. Genesis the GreyKid),Laizlo,Growing,2016,N,N,N,Y,N,109,Serato - Tidal,
2024-03-19,Dimes,Karavelo,Vacations,2018,N,Y,N,Y,N,181,Serato - Tidal,
2024-03-19,Lunch,Vienna,Voicings,2019,N,Y,N,Y,N,68,Serato - Tidal,
2024-03-19,High Wire,Henkel,Henkel,2012,N,Y,N,Y,N,248,Serato - Tidal,
2024-03-19,Tarnished,ZIMBA & Dr. MaD,SUPER 8,2023,N,N,N,Y,N,121,Serato,
2024-03-19,Ethel's Cafe,Seafood Sam,Afros In The Wind,2023,N,N,Y,N,N,86,Serato,
2024-03-19,Visions of You,"Matthew Tavares, Leland Whitty",Visions,2020,Y,Y,N,Y,N,661,Serato,
2024-03-19,Appointment at the Fat Clinic,Digable Planets,Reachin' (A New Refutation Of Time And Space),1993,N,N,N,N,N,178,Serato - Tidal,Loop intro and mic
2024-03-19,Otis' Tambourine,Jahari Massamba Unit,YHWH is LOVE,2024,Y,Y,N,N,N,269,Serato - Tidal,
2024-03-19,Black Narcissus,Joe Henderson,Power To The People,1969,Y,Y,N,N,N,291,Serato - Tidal,
2024-03-19,Fantasy,Johnny Hammond,Gears,1975,Y,Y,N,N,N,362,Serato - Tidal,
2024-03-19,chasing the bus,Yaya Bey,sir princess bad bitch,2024,N,N,N,N,N,188,Serato - Tidal,Loop intro and mic
2024-03-19,Send It On,D'Angelo,Voodoo,2000,N,N,N,N,N,356,Serato - Tidal,
2024-03-19,Liberate (feat. Lalah Hathaway),Erick The Architect,I’ve Never Been Here Before,2024,N,N,Y,N,N,264,Serato,
2024-03-19,No Confusion (feat. Kojey Radical),"Ezra Collective, Kojey Radical",Where I'm Meant To Be (Deluxe Edition),2024,Y,N,N,N,N,194,Serato - Tidal,
2024-03-19,Time and Space,Eddie Henderson,Heritage,1976,Y,Y,N,N,N,319,Serato - Tidal,
2024-03-19,Tudo Que Você Podia Ser,Lô Borges,O Trem Azul,2007,Y,N,N,N,N,227,Serato - Tidal,Loop intro and mic
2024-03-19,"To Girl, With Love",Sweatson Klank,Embers,2024,N,Y,N,N,N,205,Serato - Tidal,
2024-03-19,I'm the Moon,Spooky Mansion,"I'm the Moon, You're the Wave",2017,N,Y,N,N,N,160,Serato - Tidal,
2024-03-19,Night Breeze,Bobby Lyle Trio,Funk Tide: Tokyo Jazz-Funk From Electric Bird 1978-87,2024,Y,Y,Y,N,N,406,Serato - Booth,
2024-03-26,Peach Optimo,Brainstory,Peach Optimo,2024,N,N,N,N,N,171,Serato - Tidal,
2024-03-26,One Last Dance,"Baby Rose, BADBADNOTGOOD",One Last Dance,2024,N,N,N,Y,N,208,Serato - Tidal,
2024-03-26,fly,deviaint and Derayled,who can you trust? EP,2024,N,N,Y,Y,Y,164,Serato,
2024-03-26,Boku Wa Chotto,"Haruomi Hosono, Mac DeMarco",Boku Wa Chotto,2024,N,N,N,Y,N,171,Serato - Tidal,
2024-03-26,20190813 3,Mac DeMarco,One Wayne G,2023,N,N,N,Y,N,92,Serato - Tidal,
2024-03-26,Badge Époque Ensemble,Badge Époque Ensemble,Clouds Of Joy,2022,N,N,N,Y,N,299,Serato - Tidal,
2024-03-26,Dogwater,Vienna,MY OWN TERMS,2024,N,Y,N,Y,N,68,Serato,
2024-03-26,Closed Moufs,ZIMBA & Dr. MaD,SUPER 8,2023,N,N,N,Y,N,128,Serato,
2024-03-26,Movement & Light,"NAHreally, The Expert, Hemlock Ernst",Movement & Light,2024,N,N,N,N,N,169,Serato - Tidal,
2024-03-26,Seven Mile to Oxnard,Jahari Massamba Unit,YHWH is LOVE,2024,Y,Y,N,N,N,206,Serato - Tidal,
2024-03-26,Hot Chocolate,Karavelo,Welcome Home,2020,N,Y,N,Y,N,122,Serato - Tidal,
2024-03-26,All The Same,"Nubiyan Twist, Ria Moran",All The Same,2024,Y,N,N,N,N,325,Serato - Tidal,Loop intro and mic
2024-03-26,Lindo,Wanderlea,Wanderlea: Mais Que A Paixão,1978,Y,N,N,N,N,226,Serato - Tidal,
2024-03-26,New York Times,Bobbi Humphrey,Satin Doll,1974,N,N,N,N,N,415,Serato - Tidal,
2024-03-26,Gentle Smiles (Saxy),Gary Bartz,The Shadow Do!,1974,Y,N,N,N,N,261,Serato - Tidal,
2024-03-26,Sisters Unarmed,79.5,Predictions,2018,N,N,N,N,N,256,Serato - Tidal,Loop intro and mic
2024-03-26,Friend Of A Friend,The Smile,Friend Of A Friend,2024,N,N,N,N,N,275,Serato - Tidal,
2024-03-26,"HAND DOWN, MAN DOWN",dreamcastmoe,MOLLY'S SON,2024,N,N,N,N,N,235,Serato - Tidal,
2024-03-26,To Be Still,Brittany Howard,What Now,2024,N,N,N,N,N,147,Serato - Tidal,
2024-03-26,Woman's Touch (feat. Jamilah Barry),Yussef Dayes,Black Classical Music,2023,N,N,N,N,N,211,Serato - Tidal,
2024-03-26,Slow Simmer,"Pat Van Dyke, Stolarz",Falls to Pieces,2023,N,Y,N,N,N,212,Serato - Tidal,
2024-03-26,Sunday,OkoNski,Magnolia,2023,Y,Y,N,N,N,405,Serato - Tidal,
2024-03-26,Let's Get Together,Mikio Masuda,Funk Tide: Tokyo Jazz-Funk From Electric Bird 1978-87,2024,Y,Y,Y,N,N,364,Serato - Booth,
2024-04-02,Shakey Jake,Joe McPhee,Nation Time,1971,Y,Y,N,N,N,816,Serato - Tidal,
2024-04-02,Keepin' It Kool,"Potatohead People, Kendra Dias",Keepin' It Kool,2024,N,N,N,Y,N,325,Serato - Tidal,
2024-04-02,If You Want,David Lavoie & Carson Tworow,Urban Repurpose,2021,N,Y,N,Y,Y,159,Serato,
2024-04-02,dream$,blackmagic.,"Black Frequencies, Vol. 3",2023,N,Y,N,Y,N,127,Serato - Tidal,
2024-04-02,sleep,bsd.u,"late night bumps, Vol. 4",2017,N,Y,N,Y,N,64,Serato - Tidal,
2024-04-02,Autumn in New York,DeKobe,Interlude,2018,N,N,N,Y,N,184,Serato - Tidal,
2024-04-02,Refresh,Dominant,Prismatic,2019,N,Y,N,Y,N,174,Serato - Tidal,
2024-04-02,Neg Dek,The Jazzual Suspects,Neg Dek,2024,N,Y,N,N,N,183,Serato - Tidal,Loop intro and mic
2024-04-02,Purple Flower,Yusef Lateef,Eastern Sounds,1962,Y,Y,Y,N,N,272,Serato,
2024-04-02,Ezekiel's Wheel (feat. George Clinton),Erick The Architect,I’ve Never Been Here Before,2024,N,N,Y,N,N,235,Serato,
2024-04-02,Jazz Cafe,"Syf of Talking Knots, Twit One",Jazz Cafe,2024,N,N,N,N,N,201,Serato - Tidal,
2024-04-02,Stay a While,The Cactus Channel,Stay a While,2017,N,Y,N,N,N,255,Serato - Tidal,
2024-04-02,SHBA,Christoph El Truento,Circle of Friends,2023,Y,Y,N,N,N,166,Serato - Tidal,
2024-04-02,Darling,Esbe,This Is How It Should Be Done Vol. 4,2018,Y,Y,N,N,N,189,Serato - Tidal,Loop intro and mic
2024-04-02,Bananeira,Emilio Santiago,Emilio Santiago,1975,Y,N,N,N,N,173,Serato - Tidal,
2024-04-02,Boys with Toys,Gap Mangione,The National Gallery,1968,Y,Y,N,N,N,166,Serato - Tidal,
2024-04-02,Devika (Goddess),"Lonnie Liston Smith, The Cosmic Echoes",Visions of a New World,1975,Y,Y,N,N,N,314,Serato - Tidal,
2024-04-02,Lost On 23rd Street,Johnny Hammond,Gears,1975,Y,Y,N,N,N,351,Serato - Tidal,
2024-04-02,newhihat,"mynameisntjmack, Blvck Svm",newhihat,2024,N,N,N,N,N,189,Serato - Tidal,Loop intro and mic
2024-04-02,AAAAA,Kiefer,Happysad,2018,Y,Y,N,N,N,214,Serato - Tidal,
2024-04-02,One Eye,Ivan Ave,Every Eye,2017,N,N,N,N,N,151,Serato - Tidal,
2024-04-02,Living In A City,Toshiyuki Honda,Funk Tide: Tokyo Jazz-Funk From Electric Bird 1978-87,2024,Y,Y,Y,N,N,280,Serato - Booth,
2024-04-09,Adult's Day,Toshiyuki Miyama & The New Herd,WaJazz: Japanese Jazz Spectacle Vol.I,2022,Y,Y,N,N,N,569,Serato - Tidal,
2024-04-09,Summer Nights,"Lonnie Liston Smith, The Cosmic Echoes",Visions of a New World,1975,Y,Y,N,N,N,305,Serato - Tidal,
2024-04-09,I Thought It Was You,"Kimiko Kasai, Herbie Hancock",Butterfly,1979,Y,Y,N,N,N,429,Serato - Tidal,
2024-04-09,Music Is My Sanctuary,Gary Bartz,Music Is My Sanctuary,1977,Y,N,N,N,N,381,Serato - Tidal,
2024-04-09,Never Get Enough,"Busty and the Bass, Katie Tupper",Never Get Enough,2023,N,N,N,Y,N,260,Serato - Tidal,Loop intro and mic
2024-04-09,Don't!,"Badge Époque Ensemble, Lammping",Clouds of Joy: Chance of Reign,2022,N,N,N,Y,N,161,Serato - Tidal,
2024-04-09,Kettle Boiling,"Potatohead People, Bunnie",Mellow Fantasy,2020,N,N,N,Y,N,266,Serato - Tidal,
2024-04-09,Rotten Decay,BADBADNOTGOOD,BBNG2,2012,Y,Y,N,Y,N,391,Serato,
2024-04-09,Something Real,DK,Atlantic Rap Vol. 1,2023,N,N,N,Y,N,317,Serato - Tidal,Loop intro and mic
2024-04-09,"Chillin' (feat. Scott Bevins, Carrtoons, JMF & Kyle Hutchins)",Evan Shay,New Normal,2020,N,N,N,Y,N,185,Serato - Tidal,
2024-04-09,Ducky Bastard,re.Verse,beat tape 1,2021,Y,Y,N,Y,N,120,Serato - Tidal,
2024-04-09,I Can Only Whisper (feat. BADBADNOTGOOD),"Charlotte Day Wilson, Badbadnotgood",ALPHA,2021,N,N,N,Y,N,164,Serato - Tidal,
2024-04-09,Comfort,Katie Tupper,Where To Find Me,2023,N,N,N,Y,N,184,Serato - Tidal,
2024-04-09,Midnight Moon,"vbnd, Justice Der, Connor Newton",Daughter of the Sun,2023,N,N,N,Y,N,189,Serato - Tidal,Loop intro and mic
2024-04-09,Overhead,Harrison,"Birds, Bees, The Clouds & The Trees",2023,N,Y,N,Y,N,129,Serato - Tidal,
2024-04-09,Sparkles,DATSUNN,APPEALS,2022,N,Y,N,Y,N,145,Serato - Tidal,
2024-04-09,Breaking,Puar,PUAR BEATS VOL10,2024,N,Y,N,Y,N,73,Serato - Tidal,
2024-04-09,JAY'23 (Fall In Love),Trog'low,FOR JAY AND JUN,2024,N,Y,N,Y,N,118,Serato - Tidal,
2024-04-09,Sensei,"Howiewonder, Nalim",Sensei,2024,N,Y,N,Y,N,61,Serato - Tidal,
2024-04-09,Weed,Racasse,Table d'hôte,2023,N,Y,N,Y,N,149,Serato - Tidal,
2024-04-09,Auf Wiedersehen (feat. B.E.),"SCULLY, Jus'",DJANGO&SCHULTZ,2024,N,N,N,Y,N,209,Serato - Tidal,
2024-04-09,When The Stars Align (Feat. K-Riz),Sargeant X Comrade,Lo Fi Future,2023,N,N,N,Y,Y,268,Serato - Booth,
2024-04-16,I’ll Do Whatever You Want,"Shabaka, Floating Points, Laraaji","Perceive Its Beauty, Acknowledge Its Grace",2024,Y,Y,N,N,N,463,Serato - Tidal,
2024-04-16,Dream State,"Kamasi Washington, André 3000",Fearless Movement,2024,Y,Y,N,N,N,519,Serato - Tidal,
2024-04-16,Assata's Code,"Talib Kweli, Madlib, Diani",Liberation 2,2024,N,N,N,N,N,122,Serato - Tidal,
2024-04-16,Warriors Of Playtime,Church Chords,"elvis, he was Schlager",2024,Y,Y,N,N,N,386,Serato - Tidal,
2024-04-16,Fazon,Sopwith Camel,The Miraculous Hump Returns From The Moon,1973,Y,N,N,N,N,314,Serato - Tidal,
2024-04-16,Lumi ,Eric Hilton,Sound Vagabond,2024,N,Y,Y,N,N,202,Serato,Loop intro and mic
2024-04-16,Tone,Fumio Itabashi,Watarase,1982,Y,Y,Y,N,N,484,Serato,
2024-04-16,Don't Blame Me,Yusef Lateef,Eastern Sounds,1962,Y,Y,Y,N,N,297,Serato,
2024-04-16,Yemaya,Atlantis Jazz Ensemble,Oceanic Suite,2016,Y,Y,N,Y,N,580,Serato - Tidal,
2024-04-16,Wild and Blue,Henkel,In the Air,2022,Y,Y,N,Y,N,239,Serato - Tidal,
2024-04-16,DMZ,BADBADNOTGOOD,BBNG2,2012,Y,Y,N,Y,N,312,Serato,
2024-04-16,Jazz Piece 2,DJ Aakmael,Jus' Tracks,2015,N,Y,N,N,N,420,Serato - Tidal,Loop intro and mic
2024-04-16,Los Conquistadores Chocolates,Johnny Hammond,Gears,1975,Y,N,N,N,N,368,Serato - Tidal,
2024-04-16,la danse,"berlioz, Ted Jasper",la danse,2022,Y,Y,N,N,N,177,Serato - Tidal,
2024-04-16,Anticipation,Natural Twenty,Mahika,2024,Y,N,Y,Y,Y,351,Serato - Booth,
2024-04-23,Find Me (Live),Kassa Overall,Live at Third Man Records,2024,Y,N,N,N,N,428,Serato - Tidal,
2024-04-23,In The Sky,Shunzo Ohno,Funk Tide: Tokyo Jazz-Funk From Electric Bird 1978-87,2024,Y,Y,Y,N,N,255,Serato,
2024-04-23,Ginchou Wataridori,Meiko Kaji,Ginchou Wataridori,1972,Y,N,Y,N,N,190,Serato,
2024-04-23,Fools Gold,Henkel,Slow Down,2024,Y,Y,N,Y,N,152,Serato - Tidal,
2024-04-23,Paradise,"Potatohead People, Diamond Cafe",Paradise,2024,N,N,N,Y,N,263,Serato - Tidal,
2024-04-23,tl;dr,"Cadence Weapon, Harrison",ROLLERCOASTER,2024,N,N,N,Y,N,207,Serato - Tidal,
2024-04-23,spaghettiwestern,"SCULLY, Jus'",DJANGO&SCHULTZ,2024,N,N,N,Y,N,94,Serato - Tidal,
2024-04-23,JUN'24 (The Final View),Trog'low,FOR JAY AND JUN,2024,N,Y,N,Y,N,123,Serato - Tidal,
2024-04-23,Spring Moments,"Simber, Gabb.",Spring Moments,2024,N,Y,N,Y,N,115,Serato - Tidal,Loop outro and mic
2024-04-23,Oasis (Live),Tom Skinner,Oasis (Live),2024,Y,Y,N,N,N,1217,Serato - Tidal,
2024-04-23,Dream Warrior,Jesse Bru,Roach Fingers,2015,N,N,N,N,N,374,Serato - Tidal,Loop intro and mic
2024-04-23,Valley Of Peace,Teymori,TEYMORI,2018,N,N,N,N,N,290,Serato - Tidal,
2024-04-23,Sea Gets Hotter,"Durand Jones & The Indications, Durand Jones, Aaron Frazer",American Love Call,2019,N,N,N,N,N,197,Serato - Tidal,
2024-04-23,XFaded,Brainstory,Sounds Good,2024,N,N,N,N,N,168,Serato - Tidal,Loop intro and mic
2024-04-23,Gentle Man,The Defaulters,Disco Dennis / Gentle Man,1979,N,N,N,N,N,293,Serato - Tidal,
2024-04-23,My Life,"Noriko Miyamoto, Isao Suzuki",Push,1978,Y,N,N,N,N,369,Serato - Tidal,
2024-04-23,Watarase,Fumio Itabashi,Watarase,1982,Y,Y,Y,N,N,457,Serato - Booth,
2024-04-30,Someday My Prince Will Come,Fumio Itabashi,Watarase,1982,Y,Y,Y,N,N,492,Serato,
2024-04-30,Love Theme From The Robe,Yusef Lateef,Eastern Sounds,1962,Y,Y,Y,N,N,242,Serato,
2024-04-30,Sourdough,Vienna,Odds & Ends,2024,N,Y,N,Y,N,60,Serato,
2024-04-30,down bad,tkdwn.,the newtype,2023,N,N,N,Y,N,91,Serato,
2024-04-30,Faith,Henkel,Slow Down,2024,Y,Y,N,Y,N,141,Serato - Tidal,
2024-04-30,truman,"SCULLY, Jus'",DJANGO&SCHULTZ,2024,N,N,N,Y,N,87,Serato - Tidal,
2024-04-30,Oprah,DK,Atlantic Rap Vol. 1,2023,N,N,N,Y,N,172,Serato - Tidal,
2024-04-30,Barry,falcxne,Timbits III - Last Timbit of the Night,2017,N,Y,N,Y,N,224,Serato - Tidal,
2024-04-30,1995,CoryaYo,1995,2014,N,N,N,N,N,159,Serato - Tidal,
2024-04-30,Satellite Fantastic,Karavelo,Vacations,2018,N,Y,N,Y,N,170,Serato - Tidal,Loop outro and mic
2024-04-30,Skylab,Dan Lacksman,Tchip-Tchip (Vol. 3),1974,Y,Y,N,N,N,860,Serato - Tidal,
2024-04-30,Bellyflop (Live),Kassa Overall,Live at Third Man Records,2024,Y,Y,N,N,N,439,Serato - Tidal,
2024-04-30,JMU's Voyage,"Jahari Massamba Unit, Karriem Riggins, Madlib",YHWH is LOVE,2024,Y,Y,N,N,N,265,Serato - Tidal,
2024-04-30,Low Ceilings,"Andrew Ashong, Kaidi Tatham",Sankofa Season,2020,Y,Y,N,N,N,385,Serato - Tidal,Loop intro and mic
2024-04-30,Fidelio,Prequel,Polite Strangers,2014,N,Y,N,N,N,340,Serato - Tidal,
2024-04-30,Whodunit,Nightmares on Wax,CLUB E.A.S.E. - #2,2023,N,Y,N,N,N,377,Serato - Tidal,
2024-04-30,Maria fumaça,Banda Black Rio,Maria Fumaça,1977,Y,Y,N,N,N,144,Serato - Tidal,
2024-04-30,Shifting Gears,Johnny Hammond,Gears,1975,N,N,N,N,N,310,Serato - Tidal,
2024-04-30,Night Tales,Tristan De Liége x Jambal,Enterprises of Great Pith and Moment,2023,Y,Y,Y,N,N,306,Serato - Booth,
2024-05-07,Elevate (I Love It) (feat. Muhsinah),Dominic Pierce,Elevate EP,2014,N,N,N,Y,N,192,Serato,
2024-05-07,Hamspace,THE GRUNIONS,STAR FISH PRIME,2020,Y,Y,Y,Y,N,194,Serato,
2024-05-07,Est,Emie R Roussel Trio,Rythme De Passage,2020,Y,Y,Y,Y,N,216,Serato,
2024-05-07,Land Of Honey (feat. Solange),Flying Lotus,Flamagra,2019,N,N,N,N,N,213,Serato,
2024-05-07,Sunny's Time,Caribou,Suddenly,2020,N,N,Y,Y,N,169,Serato,
2024-05-07,Piece of Mind,Idris Muhammad,Power Of Soul,1974,Y,Y,N,N,N,561,Serato,
2024-05-07,Higher Learning,Carsten Rubeling,Volk // People,2019,Y,Y,N,Y,Y,287,Serato - Tidal,
2024-05-07,What Kinda Music,Tom Misch & Yussef Dayes,What Kinda Music,2020,Y,Y,Y,N,N,231,Serato - Tidal,Loop intro and mic
2024-05-07,The Root,D'Angelo,Voodoo,2000,N,N,N,N,N,393,Serato - Tidal,
2024-05-07,Happysad Sunday,Kiefer,Kickinit Alone,2017,Y,Y,N,N,N,168,Serato - Tidal,
2024-05-07,Kettle On,"Harleighblu, Bluestaeb",She,2019,N,N,N,N,N,173,Serato - Tidal,
2024-05-07,Cuba Libre,Blue Lab Beats,Voyage,2019,Y,Y,N,N,N,270,Serato - Tidal,
2024-05-07,Slow Bullet,People Under The Stairs,The Next Step,1998,N,Y,N,N,N,78,Serato,
2024-05-07,Your Reactions,Awon & Phoniks,The Actual Proof,2018,N,Y,N,N,N,214,Serato - Tidal,Loop intro and mic
2024-05-07,Oakland Blackouts,Hieroglyphics,3rd Eye Vision,1998,N,N,N,N,N,271,Serato - Tidal,
2024-05-07,Rise,Nightmares On Wax,Smoker's Delight (25th Anniversary Edition),1995,N,N,Y,N,N,314,Serato,
2024-05-07,Talk to Me,Jordan Rakei,Cloak,2016,N,N,N,N,N,186,Serato - Tidal,
2024-05-07,Galaxy,Alfa Mist,Galaxy (single),2020,Y,Y,N,N,N,552,Serato - Tidal,
2024-05-07,Melatonin,David Lavoie Quartet,Juno,2020,Y,Y,Y,Y,N,436,Serato - Booth,
2024-05-14,Smoke Signals,"Gabb., Rémi Cormier",Smoke Signals,2024,N,Y,N,Y,N,114,Serato - Tidal,
2024-05-14,For the Soul,"Potatohead People, Moka Only",Eat Your Heart Out,2024,N,N,N,Y,N,175,Serato - Tidal,
2024-05-14,Kiss & Tell,Charlotte Day Wilson,Cyan Blue,2024,N,N,N,Y,N,217,Serato - Tidal,
2024-05-14,All Night,Men I Trust,Oncle Jazz,2019,N,N,N,Y,N,188,Serato - Tidal,
2024-05-14,Area codes,Henkel,Slow Down,2024,N,Y,N,Y,N,156,Serato - Tidal,
2024-05-14,Smile,"Howiewonder, CHG",Smile,2023,N,Y,N,Y,N,64,Serato - Tidal,
2024-05-14,Grandma's Rocking Chair,Trog'low,Grandma's Rocking Chair,2014,N,Y,N,Y,N,90,Serato - Tidal,
2024-05-14,Bile,chill evans,Chill Evans Beat Tape Vol. 4,2016,N,Y,N,Y,Y,126,Serato,
2024-05-14,The Art Of Being Friends,"Phlocalyst, Viktor Minsky",Frameworks,2024,N,Y,N,N,N,204,Serato - Tidal,
2024-05-14,La Casa Azul (Live),Kassa Overall,Live at Third Man Records,2024,Y,N,N,N,N,467,Serato - Tidal,
2024-05-14,Summer Madness,"DJ Mitsu The Beats, Takumi Kaneko",Summer Madness,2024,Y,Y,N,N,N,272,Serato - Tidal,"Loop intro mic, loop outro and fade out"
2024-05-14,Couch,drkmnd,Crossing,2019,N,Y,N,N,N,161,Serato - Tidal,
2024-05-14,Montara,"Kiefer, Luke Titus, Pera Krstajic",Something For Real,2024,Y,Y,N,N,N,489,Serato - Tidal,
2024-05-14,Movementt,Emma-Jean Thackray,Rain Dance,2020,Y,Y,N,N,N,213,Serato - Tidal,
2024-05-14,Slow,Ziad Rahbani,Amrak Seedna & Abtal Wa Harameyah,1987,Y,Y,Y,N,N,66,Serato,
2024-05-14,Moonlight,"GABIGA, FloFilz, halfpastseven",Within,2024,N,Y,N,N,N,154,Serato - Tidal,Loop intro and mic
2024-05-14,Fifteen Fifty-Three,Khruangbin,A LA SALA,2024,N,Y,Y,N,N,247,Serato,
2024-05-14,Living In A City,Toshiyuki Honda,Funk Tide: Tokyo Jazz-Funk From Electric Bird 1978-87,2024,Y,Y,Y,N,N,280,Serato,
2024-05-14,Meanwhile,Tristan De Liége x Jambal,Enterprises of Great Pith and Moment,2023,Y,Y,Y,N,N,168,Serato,
2024-05-14,People Make the World Go Round,Profile,Sands of Time,1973,Y,Y,N,N,N,371,Serato - Tidal,
2024-05-14,Sedam Dvadesetpet,Misa Blam Band,Secanja,1979,Y,Y,N,N,N,372,Serato - Tidal,
2024-05-14,Galileo - Galilei,Formace J Q,"Mini jazz klub, Vol. 27",1980,Y,Y,N,N,N,210,Serato - Tidal,
2024-05-14,I've Just Seen Her,Willie Jones III,Fallen Heroes,2021,Y,Y,N,N,N,421,Serato - Booth,
2024-05-21,Les Petits Gris,Khruangbin,A LA SALA,2024,N,Y,Y,N,N,241,Serato,
2024-05-21,I Can't Get Started,Fumio Itabashi,Watarase,1982,Y,Y,Y,N,N,278,Serato,
2024-05-21,Ching Miau,Yusef Lateef,Eastern Sounds,1962,Y,Y,Y,N,N,200,Serato,
2024-05-21,Escape The Matrix (Part 1) (Feat. Prevail),Sargeant X Comrade,Lo Fi Future,2023,N,N,N,Y,Y,170,Serato,
2024-05-21,Slow Burn,"Baby Rose, Badbadnotgood",Slow Burn,2024,N,N,N,Y,N,236,Serato - Tidal,
2024-05-21,Angelwings,"Potatohead People, Shafiq Husayn, Ivan Ave",Eat Your Heart Out,2024,N,N,N,Y,N,222,Serato - Tidal,
2024-05-21,Do You Still,Charlotte Day Wilson,Cyan Blue,2024,N,N,N,Y,N,245,Serato - Tidal,
2024-05-21,Slow Down,Henkel,Slow Down,2024,N,Y,N,Y,N,113,Serato - Tidal,
2024-05-21,Alone,Howiewonder,Pieces,2023,N,Y,N,Y,N,111,Serato - Tidal,Loop outro and mic
2024-05-21,Coasting,Alfa Mist,Bring Backs,2021,Y,Y,N,N,N,289,Serato,
2024-05-21,Big Rick,Kamaal Williams,Wu Hen,2020,Y,Y,N,N,N,207,Serato,
2024-05-21,Gemini | I Think | Mercury,Marquis Hill,Soul Sign,2020,Y,N,N,N,N,154,Serato,
2024-05-21,Something For Real,"Kiefer, Luke Titus, Pera Krstajic",Something For Real,2024,Y,Y,N,N,N,611,Serato - Tidal,
2024-05-21,Something To Hold (Live),"Bilal, ?uestlove, Robert Glasper, Burniss Travis",Something To Hold (Live),2024,Y,N,N,N,N,363,Serato - Tidal,
2024-05-21,Together,"Kamasi Washington, BJ The Chicago Kid",Fearless Movement,2024,Y,N,N,N,N,334,Serato - Tidal,
2024-05-21,Especially For You,Manchild,Especially For You,1977,N,N,N,N,N,369,Serato - Tidal,
2024-05-21,Music Is the Key,Weldon Irvine,Sinbad,1976,N,N,N,N,N,458,Serato - Tidal,
2024-05-21,Whistle Bump,Deodato,Love Island,1978,N,N,N,N,N,272,Serato - Tidal,
2024-05-21,First Rains,Tristan De Liége x Jambal,Enterprises of Great Pith and Moment,2023,Y,Y,Y,N,N,311,Serato - Booth,
2024-05-28,I Know You See Me (Live),Kassa Overall,Live at Third Man Records,2024,Y,Y,N,N,N,676,Serato - Tidal,
2024-05-28,Why Not?,"Kiefer, Luke Titus, Pera Krstajic",Something For Real,2024,Y,Y,N,N,N,409,Serato - Tidal,
2024-05-28,Dantu,Calvin Keys,Full Court Press,1984,Y,Y,N,N,N,522,Serato - Tidal,
2024-05-28,Theme From King Heroin,The J.B.'s,Food For Thought,1972,Y,N,N,N,N,187,Serato - Tidal,
2024-05-28,Juan's World,Badbadnotgood,Mid Spiral: Order,2024,Y,Y,N,Y,N,263,Serato - Tidal,Loop intro and mic
2024-05-28,Playgroup,Badbadnotgood,Mid Spiral: Order,2024,Y,Y,N,Y,N,415,Serato - Tidal,
2024-05-28,Rewind Your Mind,Badbadnotgood,Mid Spiral: Order,2024,Y,Y,N,Y,N,289,Serato - Tidal,
2024-05-28,Sétima Regra,Badbadnotgood,Mid Spiral: Order,2024,Y,Y,N,Y,N,331,Serato - Tidal,
2024-05-28,Sunday Afternoon's Dream,Badbadnotgood,Mid Spiral: Order,2024,Y,Y,N,Y,N,217,Serato - Tidal,
2024-05-28,Taco Taco,Badbadnotgood,Mid Spiral: Order,2024,Y,Y,N,Y,N,133,Serato - Tidal,
2024-05-28,Afro-Centric,Joe Henderson,Power to the People,1969,Y,Y,N,N,N,423,Serato - Tidal,
2024-05-28,Theme For A New Day,Azar Lawrence,People Moving,1976,Y,Y,N,N,N,322,Serato - Tidal,
2024-05-28,Shunda Creek,Carsten Rubeling,Headwaters,2022,Y,Y,N,Y,Y,272,Serato - Tidal,
2024-05-28,Can I Help You?,Amnesty,Free Your Mind,1970,Y,N,N,N,N,461,Serato - Tidal,
2024-05-28,Todavia Viva,Khruangbin,A LA SALA,2024,N,Y,Y,N,N,263,Serato - Booth,
2024-06-04,Good Bye,Fumio Itabashi,Watarase,1982,Y,Y,Y,N,N,539,Serato,
2024-06-04,Hello Eyes,Eric Chenaux,Delights Of My Life,2024,Y,N,Y,Y,N,393,Serato,
2024-06-04,Space Traveller,Katsutoshi Morizono,Funk Tide: Tokyo Jazz-Funk From Electric Bird 1978-87,2024,Y,Y,Y,N,N,251,Serato,
2024-06-04,My Way,Charlotte Day Wilson,Cyan Blue,2024,N,N,N,Y,N,209,Serato - Tidal,
2024-06-04,? (Interlude),"RM, DOMi & JD BECK","Right Place, Wrong Person",2024,Y,N,N,N,N,113,Serato - Tidal,
2024-06-04,Fast One,"Kiefer, Luke Titus, Pera Krstajic",Something For Real,2024,Y,Y,N,N,N,317,Serato - Tidal,
2024-06-04,Goodbye Blue,"Badbadnotgood, Jonah Yano",Goodbye Blue,2020,Y,N,N,Y,N,241,Serato - Tidal,Loop intro
2024-06-04,Zoltan,Larry Young,Unity,1966,Y,Y,N,N,N,458,Serato - Tidal,
2024-06-04,Ain't No Stopping Us Now,Risco Connection,Ain't No Stopping Us Now,1979,N,N,N,N,N,372,Serato - Tidal,
2024-06-04,Plato's Cave,Henkel,In the Air,2022,N,Y,N,Y,N,466,Serato - Tidal,
2024-06-04,Mount Pleasant Remix,Dragon Fli Empire,Invasion,2006,N,N,N,Y,Y,293,Serato - Tidal,Loop intro
2024-06-04,Stand To The Side,"Talib Kweli, Novel, Vinia Mojica",Quality,2002,N,N,N,N,N,392,Serato - Tidal,
2024-06-04,Yes We Can (Instrumental),Damu The Fudgemunk,Public Assembly,2014,N,N,N,N,N,396,Serato - Tidal,
2024-06-04,Black Caucus,Harold Land,Choma (Burn),1971,Y,Y,Y,N,N,604,Serato - Booth,
2024-06-18,Castello,"Wun Two, Made in M",Castello // Mare Azzurro,2024,N,Y,N,N,N,100,Serato - Tidal,
2024-06-18,Sumn,Howiewonder,Sumn,2024,N,Y,N,Y,N,190,Serato - Tidal,
2024-06-18,pretend,bsd.u,pretend,2024,N,Y,N,Y,N,74,Serato - Tidal,
2024-06-18,B00000005.WAV,bsd.u,B00000005.WAV,2024,N,Y,N,Y,N,83,Serato - Tidal,
2024-06-18,Delicious,Karavelo,Rent Check,2017,N,Y,N,Y,N,126,Serato - Tidal,
2024-06-18,Everything U Need,"Potatohead People, Kendra Dias",Eat Your Heart Out,2024,N,N,N,Y,N,202,Serato - Tidal,
2024-06-18,Dovetail,Charlotte Day Wilson,Cyan Blue,2024,N,N,N,Y,N,218,Serato - Tidal,
2024-06-18,Ruse,Henkel,Slow Down,2024,N,Y,N,Y,N,118,Serato - Tidal,
2024-06-18,Reset,"Arjuna Oakes, Serebii",First Nights,2021,N,Y,N,N,N,199,Serato - Tidal,
2024-06-18,Seams,"CARRTOONS, MIA GLADSTONE",Saturday Night,2023,N,N,N,N,N,183,Serato - Tidal,
2024-06-18,LUMINOUS,Kenny Mason,9,2024,N,N,Y,N,N,143,Serato,
2024-06-18,May Ninth,Khruangbin,A LA SALA,2024,N,N,Y,N,N,192,Serato,
2024-06-18,The Seer,Nubya Garcia,ODYSSEY,2024,Y,Y,N,N,N,302,Serato - Tidal,Loop intro and mic
2024-06-18,THE GYM DEMOS,CGSW,THE GYM DEMOS,2024,Y,Y,N,Y,Y,903,Serato,
2024-06-18,Volte-Face,"Leif Maine, Jackson Mathod, J Scienide",Volte-Face,2024,N,N,N,N,N,171,Serato - Tidal,Loop intro and mic
2024-06-18,128 BPM Rhodes MatE,Scrimshire,128 BPM Rhodes MatE,2024,N,Y,N,N,N,304,Serato - Tidal,
2024-06-18,Slk,Chiminyo,Nrg 1,2023,Y,Y,N,N,N,296,Serato - Tidal,
2024-06-18,All Matter (Live),"Bilal, ?uestlove, Robert Glasper, Burniss Travis",Live at Glasshaus,2024,Y,N,N,N,N,706,Serato - Tidal,
2024-06-18,Up And Down,Harold Land,Choma (Burn),1971,Y,Y,Y,N,N,650,Serato - Booth,
2024-06-25,BLACK HORSE DEMOS,CGSW,THE GYM DEMOS,2024,Y,Y,N,Y,Y,512,Serato,
2024-06-25,Kuroda Bushi,Norio Maeda & All Stars,Rock Communication Yagibushi,1970,Y,Y,Y,N,N,154,Serato,
2024-06-25,War,Switch & Moka Only,The Mothership EP (Radio Version),2024,N,N,Y,Y,N,147,Serato,
2024-06-25,Juegos y Nubes,Khruangbin,A LA SALA,2024,N,Y,Y,N,N,124,Serato,
2024-06-25,Leaf,"Gabb., Eli Theo",Leaf,2024,N,Y,N,Y,N,98,Serato - Tidal,
2024-06-25,All,"Howiewonder, Y Mellon",All,2024,N,Y,N,Y,N,194,Serato - Tidal,
2024-06-25,Follow Your Heart,Potatohead People,Eat Your Heart Out,2024,N,Y,N,Y,N,305,Serato - Tidal,
2024-06-25,Canopy,Charlotte Day Wilson,Cyan Blue,2024,N,N,N,Y,N,151,Serato - Tidal,
2024-06-25,Grazin’,Henkel,Slow Down,2024,N,Y,N,Y,N,125,Serato - Tidal,Loop outro and mic
2024-06-25,Find Yourself,The Meters,Trick Bag,1976,N,N,N,N,N,252,Serato - Tidal,
2024-06-25,Harlem Hendoo,Al Hirt,Soul In the Horn,1967,N,Y,N,N,N,161,Serato - Tidal,
2024-06-25,If You See Me (feat. Prince),94 East,Purple Snow: Forecasting the Minneapolis Sound,2013,N,N,N,N,N,342,Serato - Tidal,
2024-06-25,You Are My Starship (feat. Michael Henderson),"Norman Connors, Michael Henderson",You Are My Starship,1976,N,N,N,N,N,270,Serato - Tidal,
2024-06-25,Your Love,"Lizz Wright, Meshell Ndegeocello, Brandee Younger",Shadow,2024,Y,Y,N,N,N,209,Serato - Tidal,Loop intro and mic
2024-06-25,Cinnamon Curls,Tom Misch,Cinnamon Curls,2024,Y,Y,N,N,N,246,Serato - Tidal,
2024-06-25,Elevator Company,"Qwalia, Miryam Solomon",Elevator Company,2024,Y,Y,N,N,N,335,Serato - Tidal,
2024-06-25,NEXT CHAPTER ,Sebastian Mikael,Paradigm Shift,2024,N,N,N,N,N,143,Serato - Tidal,Loop outro and mic
2024-06-25,Reminisce (Live),"Bilal, ?uestlove, Robert Glasper, Common, Burniss Travis",Live at Glasshaus,2024,Y,N,N,N,N,442,Serato - Tidal,
2024-06-25,Careless Whisper,Delvon Lamarr Organ Trio,I Told You So,2021,Y,Y,N,N,N,334,Serato - Tidal,
2024-06-25,Choma (Burn),Harold Land,Choma (Burn),1971,Y,Y,Y,N,N,600,Serato - Booth,
2024-07-02,let go,Yaya Bey,Ten Fold,2024,N,N,Y,N,N,118,Serato,
2024-07-02,Instincts (feat. Westside Boogie),Erick The Architect,I’ve Never Been Here Before,2024,N,N,Y,N,N,236,Serato,
2024-07-02,MONSTER,ZIMBA & Dr. MaD,SUPER 8,2023,N,N,N,Y,N,147,Serato,
2024-07-02,Distant Luv,"Potatohead People, Kapok",Eat Your Heart Out,2024,N,N,N,Y,N,264,Serato - Tidal,
2024-07-02,rico,"Howiewonder, yeyts.",Feeling,2024,N,Y,N,Y,N,123,Serato - Tidal,
2024-07-02,Take Me With You,Badbadnotgood,Mid Spiral: Chaos,2024,Y,Y,N,Y,N,198,Serato - Tidal,
2024-07-02,By The Creek,Metic,FUTURES Vol. 7,2021,N,Y,N,Y,Y,145,Serato,
2024-07-02,Short Lived,Dominant,Prismatic,2019,N,Y,N,Y,N,170,Serato - Tidal,
2024-07-02,Why,DJ Mitsu The Beats,CELEBRATION OF JAY 3,2023,N,Y,N,N,N,191,Serato - Tidal,
2024-07-02,Memories of U,Kiefer,Happysad,2018,N,Y,N,N,N,242,Serato - Tidal,Loop outro and mic
2024-07-02,Heaven (Instrumental),Mark de Clive Lowe,Heaven (Instrumental),2024,N,Y,N,N,N,247,Serato - Tidal,
2024-07-02,This Is the Place,Kansas City Express,This Is the Place,1975,N,N,N,N,N,319,Serato - Tidal,
2024-07-02,Walk On By,Isaac Hayes,Hot Buttered Soul,1969,N,N,N,N,N,720,Serato - Tidal,
2024-07-02,Mt. Bandai Aizu,Norio Maeda & All Stars,Rock Communication Yagibushi,1970,Y,Y,Y,N,N,190,Serato,Loop intro and mic
2024-07-02,Onda,Cassiano,Cuban Soul: 18 Kilates,1976,Y,N,N,N,N,464,Serato - Tidal,
2024-07-02,Funny (Live),Shelly Manne,Jazz From The Pacific Northwest (Live),2024,Y,Y,N,N,N,620,Serato - Tidal,
2024-07-02,Cute,"Kiefer, Luke Titus, Pera Krstajic",Something For Real,2024,Y,Y,N,N,N,384,Serato - Tidal,
2024-07-02,"Ruby, My Dear",Thelonious Monk,Palo Alto,1968,Y,Y,N,N,N,420,Serato - Booth,
2024-07-09,Water (Medley),Avantdale Bowling Club,Avantdale Bowling Club,2018,Y,N,N,N,N,556,Serato,
2024-07-09,The Layover,"Billy Woods, Kenny Segal",Maps,2023,N,N,N,N,N,170,Serato,
2024-07-09,becks,bob le head,florence st,2019,N,N,N,Y,N,43,Serato,
2024-07-09,Farewell My Love,Ebony Expressions,Farewell My Love,1976,N,N,N,N,N,236,Serato,
2024-07-09,I Know,Genevieve Artadi,Forever Forever,2023,Y,N,N,N,N,223,Serato,
2024-07-09,Earnest,Greentea Peng,MAN MADE,2021,N,N,N,N,N,226,Serato,
2024-07-09,Clean Dancing,hard.times,Clean Dancing,2021,N,Y,N,Y,N,137,Serato,
2024-07-09,mondaynight,howiewonder,float,2019,N,Y,N,Y,N,150,Serato,
2024-07-09,elli's reharm (outro),nikitta,stuff - EP,2021,N,Y,N,Y,N,61,Serato,
2024-07-09,LUV,Indigo Rose,LUV EP,2021,N,N,N,Y,Y,178,Serato,
2024-07-09,Na boca do sol,Arthur Verocai,Arthur Verocai,1971,Y,N,N,N,N,175,Serato,
2024-07-09,C.F.D.,Makaya McCraven,Deciphering The Message,2021,Y,N,N,N,N,197,Serato,
2024-07-09,Tidal Wave,Tom Misch & Yussef Dayes,What Kinda Music,2020,Y,N,N,N,N,249,Serato,
2024-07-09,Tony Sendo,"Underground Canopy, Bluestaeb, S. Fidelity ",Bluestaeb and S. Fidelity Present Underground Canopy,2020,Y,N,N,N,N,230,Serato,
2024-07-09,Breathe,Brainstory,Buck,2019,N,N,N,N,N,214,Serato,
2024-07-09,Honey Harbor (Bill's Song),Harrison,"Birds, Bees, The Clouds & The Trees",2023,N,Y,N,Y,N,45,Serato,
2024-07-09,Horizon,Ryo Fukui,Mellow Dream,1977,Y,Y,N,N,N,570,Serato,
2024-07-09,Already Know,re.verse,Meridian,2022,Y,Y,N,Y,N,152,Serato,
2024-07-09,Montego Bay Spleen,St. Germain,Tourist,2000,Y,Y,N,N,N,387,Serato,
2024-07-09,Inestimable Le Clos,Jahari Massamba Unit,Pardon My French,2020,Y,Y,N,N,N,273,Serato,
2024-07-09,Sparkle Tape Break Up (Mndsgn Remix),Hiatus Kaiyote,Mood Variant,2022,N,N,N,N,N,235,Serato,
2024-07-09,Pressure - Instrumental,Ashley Henry,Beautiful Vinyl Hunter,2020,Y,Y,N,N,N,280,Serato,
2024-07-09,Hedron,BADBADNOTGOOD,III,2014,Y,Y,N,Y,N,341,Serato,
2024-07-16,Organic Rust,Alfa Mist,Bring Backs,2021,N,N,N,N,N,276,Serato,
2024-07-16,Feel the Same,Angela Muñoz,Adrian Younge presents Angela Munoz Introspection,2020,N,N,N,N,N,207,Serato,
2024-07-16,Abrazos,Anzola,Caracas,2020,N,Y,N,Y,N,164,Serato,
2024-07-16,THIS,Beatchild,THIS (remastered),2023,N,Y,N,Y,N,226,Serato,
2024-07-16,Nancy Wilson,"Brian Jackson, Adrian Younge & Ali Shaheed Muhammad",Brian Jackson JID008,2021,Y,Y,N,N,N,161,Serato,
2024-07-16,Once,DATSUNN,Grass Appeal EP02,2022,N,Y,N,Y,N,159,Serato,
2024-07-16,Fraicheur (Borey & Dave),Dr. MaD,People Tape Vol. 3,2020,N,Y,N,Y,N,165,Serato,
2024-07-16,One4Dumile,FloFilz,Close Distance,2022,N,Y,N,N,N,105,Serato,
2024-07-16,Crack Rock,Frank Ocean,channel ORANGE,2012,N,N,N,N,N,224,Serato,
2024-07-16,So,HNNY,So Sunshine,2020,N,Y,N,N,N,136,Serato,
2024-07-16,Ready To Ball,Kassa Overall,ANIMALS,2023,Y,N,N,N,N,207,Serato,
2024-07-16,Prologue,Les Louanges,Crash,2022,Y,Y,N,Y,N,103,Serato,
2024-07-16,Introductions,Ljones,Soul Below,2012,N,Y,N,Y,N,170,Serato,
2024-07-16,Real Suffy,Metawon,The 12 Trials of Kinso,2020,N,Y,N,Y,Y,49,Serato,
2024-07-16,begonias (feat. Hprizm),R.A.P. Ferreira & Fumitake Tamura,the First Fist to Make Contact When We Dap,2023,N,N,N,N,N,232,Serato,
2024-07-16,Motion Sixness,re.verse,beat tape 1,2021,N,Y,N,Y,N,115,Serato,
2024-07-16,"Black Superhero (feat. Killer Mike, BJ the Chicago Kid and Big K.R.I.T.) (Clean)",Robert Glasper,Black Radio III,2022,Y,N,N,N,N,259,Serato,
2024-07-16,We’re From Nowhere,Robohands,Shapes,2021,Y,Y,N,N,N,209,Serato,
2024-07-16,Illusion (Silly Apparition),Skinny Pelembe,Blue Note Re:Imagined,2020,Y,N,N,N,N,253,Serato,
2024-07-16,"2050 (feat. L.A. Salami, Abstract Orchestra)",Young RJ & Mega Ran,2HANDSUP,2020,N,N,N,N,N,220,Serato,
2024-07-16,The World Is Yours / Brooklyn Zoo,BADBADNOTGOOD,BBNG,2011,Y,Y,N,N,N,382,Serato,
2024-07-16,Montara,Blue Lab Beats,Blue Note Re:Imagined,2020,Y,Y,N,N,N,352,Serato,
2024-07-16,Day By Day,"Gary Bartz, Ali Shaheed Muhammad & Adrian Younge",Gary Bartz JID 006,2021,Y,Y,N,N,N,296,Serato,
2024-07-16,Things Change,Koralle & Kuranes,Beat Kiosk,2021,N,Y,N,N,N,136,Serato,
2024-07-16,A Slice Of The Top,Makaya McCraven,Deciphering The Message,2021,Y,Y,N,N,N,192,Serato,
2024-07-16,Swan Fever,People Under The Stairs,Fun DMC,2008,N,N,N,N,N,319,Serato,
2024-07-23,all around los angeles,Yaya Bey,Ten Fold,2024,N,N,Y,N,N,157,Serato,
2024-07-23,Got to Be Who U Are,Ibibio Sound Machine,Pull the Rope,2024,N,N,Y,N,N,219,Serato,
2024-07-23,Pon Pon,Khruangbin,A LA SALA,2024,N,N,Y,N,N,178,Serato,
2024-07-23,Starstruck,"Busty and the Bass, Jordan Brown",Forever Never Cares,2023,N,N,N,Y,N,227,Serato - Tidal,
2024-07-23,No Sleep Til MTL,Potatohead People,Nick & Astro's Guide to the Galaxy,2018,N,N,N,Y,N,293,Serato - Tidal,
2024-07-23,Another Lover,Ben Nevile,Power Trio,2019,N,N,N,Y,N,262,Serato - Tidal,
2024-07-23,This Must Be the Place (Naive Melody) (feat. Norah Jones),Badbadnotgood,This Must Be the Place (Naive Melody),2024,N,N,N,Y,N,271,Serato - Tidal,
2024-07-23,Cyan Blue,Charlotte Day Wilson,Cyan Blue,2024,N,N,N,Y,N,140,Serato - Tidal,
2024-07-23,Soft Peng (JD. Reid Remix),Ebi Soda,Collaborations & Remixes Vol. 1,2024,Y,Y,N,N,N,266,Serato - Tidal,Loop intro and mic
2024-07-23,Rhodesfire,Joe Armon-Jones,Ceasefire,2024,Y,Y,N,N,N,307,Serato - Tidal,
2024-07-23,MANTO,"Heems, Vijay Iyer, Sid Vashi",DAME,2024,N,N,N,N,N,279,Serato - Tidal,
2024-07-23,Satellite Business 2.0,"Sampha, Little Simz",Satellite Business 2.0,2024,N,N,N,N,N,293,Serato - Tidal,
2024-07-23,Them,Nils Frahm,Music for the Motion Picture Victoria,2015,Y,Y,N,N,N,240,Serato - Tidal,Loop intro and mic
2024-07-23,A Gospel,IDLES,TANGK,2024,N,N,Y,N,N,225,Serato - Tidal,Loop intro and mic
2024-07-23,Ani Kuni,Polo & Pan,Ani Kuni,2021,N,Y,N,N,N,276,Serato - Tidal,Loop intro and mic
2024-07-23,Now U Do,"DJ Seinfeld, Confidence Man",Now U Do,2023,N,N,N,N,N,209,Serato - Tidal,Loop intro and mic
2024-07-23,Movement 7,"Floating Points, Pharoah Sanders, London Symphony Orchestra",Promises,2021,Y,Y,N,N,N,569,Serato - Tidal,"Chat over intro, chat over outro"
2024-07-23,Burn With Me (Victoria Edit),DJ Koze,Music for the Motion Picture Victoria,2015,N,Y,N,N,N,318,Serato - Tidal,Loop intro if needed
2024-07-23,Miss Cann,Fumio Itabashi,Watarase,1982,Y,Y,Y,N,N,308,Serato - Booth,
2024-07-30,The Whistle Song,Frankie Knuckles,Beyond The Mix,1991,N,Y,N,N,N,417,Serato - Tidal,
2024-07-30,Sea of Tranquility,Greg Foat,The Glass Frog,2024,Y,Y,N,N,N,538,Serato - Tidal,
2024-07-30,Giraffe Bread (Max Wheeler Remix),Ebi Soda,Collaborations & Remixes Vol. 1,2024,Y,N,N,N,N,229,Serato - Tidal,
2024-07-30,Walking Away,"K-Rec, Checkmate, Moka Only",Inference and Hearsay,2024,N,N,N,Y,N,136,Serato - Tidal,
2024-07-30,Passion,Howiewonder,fluid,2024,N,Y,N,Y,N,179,Serato - Tidal,
2024-07-30,Glide (Goodbye Blue Pt. 2),Badbadnotgood,Goodbye Blue,2020,Y,Y,N,Y,N,229,Serato - Tidal,
2024-07-30,Poodle of Mud,Men I Trust,Oncle Jazz,2019,N,Y,N,Y,N,79,Serato - Tidal,
2024-07-30,Samurai,Lupe Fiasco,Samurai,2024,N,N,Y,N,N,194,Serato,Loop outro (as intro) and mic
2024-07-30,When The Sun Shines Again (feat. Posdnuos),Common & Pete Rock,"The Auditorium, Vol. 1",2024,N,N,Y,N,N,285,Serato,Beat match
2024-07-30,iloveyoufrankiebeverly,Yaya Bey,Ten Fold,2024,N,N,Y,N,N,182,Serato,
2024-07-30,Nakamarra,Hiatus Kaiyote,Tawk Tomahawk,2013,Y,N,N,N,N,274,Serato - Tidal,
2024-07-30,League Strut,"vbnd, The Soulmate Collective",Scum Funk,2021,N,N,N,Y,N,251,Serato - Tidal,Loop intro and mic
2024-07-30,CHROME,"Jazzbois, Dom Beats",CHROME,2024,Y,Y,N,N,N,282,Serato - Tidal,
2024-07-30,In The Basement,Charles Stepney,Step on Step,2022,Y,Y,N,N,N,312,Serato - Tidal,
2024-07-30,Beat Laments the World,Nujabes,Free Soul Nujabes First Collection,2014,Y,Y,N,N,N,259,Serato - Tidal,
2024-07-30,Double Trouble,"The Roots, Mos Def",Things Fall Apart,2004,N,N,N,N,N,350,Serato - Tidal,Loop intro and mic
2024-07-30,Who's On The Playlist (Live),Kassa Overall,Live at Third Man Records,2024,Y,N,N,N,N,374,Serato - Tidal,
2024-07-30,Passionfruit (feat. John Carroll Kirby),Elkka,Prisim of Pleasure,2024,N,Y,Y,N,N,561,Serato - Booth,
2024-08-06,yvette's cooking show,Yaya Bey,Ten Fold,2024,N,N,Y,N,N,209,Serato,
2024-08-06,Soran Bushi,Norio Maeda & All Stars,Rock Communication Yagibushi,1970,Y,Y,Y,N,N,215,Serato,
2024-08-06,Bigfoot,Lupe Fiasco,Samurai,2024,N,N,Y,N,N,225,Serato,
2024-08-06,Gram,Puar,PUAR BEATS VOL10,2024,N,N,N,Y,N,125,Serato,
2024-08-06,The Forgotten Tape,Potelin,Coded Memories,2024,Y,Y,N,Y,N,317,Serato - Tidal,
2024-08-06,Tuli,Howiewonder,fluid,2024,Y,Y,N,Y,N,212,Serato - Tidal,
2024-08-06,Yoshi Orange (Ash Walker Remix),Ebi Soda,Collaborations & Remixes Vol. 1,2024,Y,Y,N,N,N,191,Serato - Tidal,
2024-08-06,White Light,Badbadnotgood,Mid Spiral: Growth,2024,Y,Y,N,Y,N,203,Serato - Tidal,
2024-08-06,Over the Rainbow,Charlotte Day Wilson,Cyan Blue,2024,N,N,N,Y,N,91,Serato - Tidal,
2024-08-06,Floating Parade,Michael Kiwanuka,Floating Parade,2024,Y,N,N,N,N,229,Serato - Tidal,Loop intro and mic'
2024-08-06,fez,Wun Two,Hawaii & Snow,2024,N,Y,N,N,N,90,Serato - Tidal,
2024-08-06,Baby,Delicate Steve,Delicate Steve Sings,2024,N,N,N,N,N,184,Serato - Tidal,
2024-08-06,This Is The Lost Generation,The Lost Generation,"Young, Tough And Terrible",1972,N,N,N,N,N,214,Serato - Tidal,
2024-08-06,Mahè,Piero Umiliani,La ragazza dalla pelle di luna,1970,Y,Y,N,N,N,162,Serato - Tidal,
2024-08-06,Chill Pill,"Gabb., ØNEMOR3",Chill Pill,2024,N,Y,N,Y,N,108,Serato - Tidal,Loop outro and mic
2024-08-06,Dove,Cymande,Cymande,1972,Y,Y,N,N,N,655,Serato - Tidal,
2024-08-06,Journey In Satchidananda (Live),Alice Coltrane,The Carnegie Hall Concert (Live),2024,Y,Y,N,N,N,902,Serato - Tidal,"Mic over intro, mic over outro"
2024-08-06,Darkest Light,Lafayette Afro Rock Band,Malik,1972,Y,Y,N,N,N,385,Serato - Tidal,
2024-08-06,Bolo Na,Arooj Aftab,Night Reign ,2024,Y,N,Y,N,N,406,Serato - Booth,
2024-08-13,Why Why Why,Bad Bodies,Bad Bodies EP,2024,N,N,Y,Y,Y,227,Serato,
2024-08-13,Mashhad Al Hob,Ziad Rahbani,Amrak Seedna & Abtal Wa Harameyah,1987,Y,Y,Y,N,N,79,Serato,
2024-08-13,me and all my n____s,Yaya Bey,Ten Fold,2024,N,N,Y,N,N,114,Serato,
2024-08-13,The Formula,Potatohead People,Eat Your Heart Out,2024,N,N,N,Y,N,176,Serato - Tidal,
2024-08-13,Seven (Album V),Men I Trust,Oncle Jazz,2019,N,N,N,Y,N,225,Serato - Tidal,
2024-08-13,ortiz,"SCULLY, Jus'",DJANGO&SCHULTZ,2024,N,N,N,Y,N,130,Serato - Tidal,
2024-08-13,Best for You (feat. Sophie Meiers & Tola),vbnd,We Go on Infinitely,2017,N,N,N,Y,N,189,Serato - Tidal,
2024-08-13,TellMeNewYork,Vienna,Odds & Ends,2024,N,N,N,Y,N,126,Serato - Tidal,
2024-08-13,Best Left Unsolved,Badbadnotgood,Mid Spiral,2024,Y,Y,N,Y,N,326,Serato - Tidal,
2024-08-13,open this wall,berlioz,open this wall,2024,Y,N,N,N,N,156,Serato - Tidal,
2024-08-13,Five Angels by the Stream,"William Parker, Cooper-Moore, Hamid Drake",Heart Trio,2024,Y,Y,N,N,N,481,Serato - Tidal,Loop intro and mic
2024-08-13,Is It Because I'm Black,Syl Johnson,Is It Because I'm Black,1970,N,N,N,N,N,454,Serato - Tidal,
2024-08-13,Raiou,"CéU, Ladybug Mecca",Novela,2024,Y,N,N,N,N,319,Serato - Tidal,
2024-08-13,Anchi Bale Game,Admas,Sons of Ethiopia,2020,Y,Y,N,N,N,314,Serato - Tidal,Loop intro and mic
2024-08-13,Full Court Press,Calvin Keys,Full Court Press,1984,Y,Y,N,N,N,430,Serato - Tidal,
2024-08-13,Taboo,"Dorothy Ashby, Frank Wess",In a Minor Groove,1958,Y,Y,N,N,N,376,Serato - Tidal,
2024-08-13,Cos I Love You,Tom Misch,Geography,2018,N,N,N,N,N,253,Serato - Tidal,Loop intro and mic
2024-08-13,Sen o Warszawie,EABS,WAWA,2024,Y,Y,N,N,N,256,Serato - Tidal,
2024-08-13,Used To (Instrumental),"Bluestaeb, Ciscero",Used To / U,2023,N,Y,N,N,N,169,Serato - Tidal,
2024-08-13,Our Home,Harold Land,Choma (Burn),1971,Y,Y,Y,N,N,353,Serato - Booth,
2024-08-20,Love Speakeasy,"Reflection Eternal, Talib Kweli, Hi-Tek",Train Of Thought,2000,Y,Y,N,N,N,98,Serato - Tidal,
2024-08-20,Mumble Rap,Lupe Fiasco,Samurai,2024,N,N,Y,N,N,255,Serato,
2024-08-20,All Kinda Ideas,Common & Pete Rock,"The Auditorium, Vol. 1",2024,N,N,Y,N,N,228,Serato,
2024-08-20,Career Day,Yaya Bey,Ten Fold,2024,N,N,Y,N,N,139,Serato,
2024-08-20,Soon,blackmagic.,Magix Ball,2023,N,Y,N,Y,N,130,Serato - Tidal,
2024-08-20,Blow Away Breeze,Datsunn,Familiar Faces,2019,N,N,N,Y,N,114,Serato - Tidal,
2024-08-20,Stranger,Puar,Stranger,2022,N,Y,N,Y,N,107,Serato - Tidal,
2024-08-20,Said You Wouldn't Change,falcxne,Timbits III - Last Timbit of the Night,2017,N,Y,N,Y,N,128,Serato - Tidal,
2024-08-20,Gelato,"Joe Nora, Karavelo","Favorite Color, Rain",2019,N,Y,N,Y,N,107,Serato - Tidal,
2024-08-20,Taurus,Jonny Tobin,Earth Signs,2019,N,Y,N,Y,N,130,Serato - Tidal,
2024-08-20,Love Keep pt.2,"K-Rec, Checkmate, Moka Only",Inference and Hearsay,2024,N,N,N,Y,N,194,Serato - Tidal,
2024-08-20,Bullshit,The Pharcyde,Labcabincalifornia,1995,N,N,N,N,N,253,Serato - Tidal,
2024-08-20,Superbad,The Beatnuts,Street Level,1994,N,N,N,N,N,236,Serato - Tidal,Loop intro and mic
2024-08-20,Just Another Brother,US3,Hand On The Torch,1993,N,N,N,N,N,221,Serato - Tidal,
2024-08-20,Cowrie Charms (feat. Leon Thomas and Barbara Hicks),Yussef Dayes,Black Classical Music,2023,N,Y,N,N,N,231,Serato - Tidal,
2024-08-20,Air Max (feat. Black Josh),The Mouse Outfit,Escape Music,2013,N,N,N,N,N,182,Serato - Tidal,
2024-08-20,Slowes' Comb/The May 4th Movement Starring Doodlebug,Digable Planets,Blowout Comb,1994,N,N,N,N,N,296,Serato - Tidal,
2024-08-20,Thief in the Night (Instrumental),Funky DL,Life After Dennison (Instrumentals),2020,N,N,N,N,N,193,Serato - Tidal,Loop intro and mic
2024-08-20,Lille venn,Ol' Burger Beats,Lille venn,2024,N,N,N,N,N,110,Serato - Tidal,
2024-08-20,Ready. Set. Flex.,"Shigeto, ZelooperZ, ian maciak",Ready. Set. Flex.,2024,N,N,N,N,N,239,Serato - Tidal,
2024-08-20,Tang Of The Zest (Ebi Soda Remix),Ebi Soda,Collaborations & Remixes Vol. 1,2024,N,N,N,N,N,185,Serato - Tidal,
2024-08-20,Chain Gang,Peanut Butter Wolf,Peanut Butter Breaks,2013,N,Y,N,N,N,155,Serato - Tidal,
2024-08-20,Morning Stroll,Phlocalyst,Insights,2022,N,Y,N,N,N,140,Serato - Tidal,
2024-08-20,Freeze Tag,"Terrace Martin, Robert Glasper, 9th Wonder, Kamasi Washington, Phoelix",Dinner Party,2020,N,N,N,N,N,191,Serato - Tidal,Loop outro and mic
2024-08-20,Lola,Tremendous Aron,Lola,2024,N,N,N,N,N,180,Serato - Tidal,
2024-08-20,Island Life,Greg Foat,Symphonie Pacifique,2020,Y,Y,N,N,N,370,Serato - Tidal,
2024-08-20,Regular (feat. Versis),Jack Wolff,Self-Titled,2018,N,N,N,N,N,139,Serato - Tidal,
2024-08-20,A Love International,Khruangbin,A LA SALA,2024,N,Y,Y,N,N,255,Serato - Booth,
2024-08-27,Someone Asked Me How I've Been,Jonah Yano,Someone Asked Me How I've Been,2024,N,N,N,Y,N,250,Serato - Tidal,
2024-08-27,Side A,excLUsiv,Looper - Sides,2024,N,Y,N,Y,N,433,Serato,
2024-08-27,Daydreamin',NxWorries,Why Lawd?,2024,N,N,Y,N,N,181,Serato,
2024-08-27,Montgomery Ward,Previous Industries,Service Merchandise,2024,N,N,Y,N,N,211,Serato,
2024-08-27,Angelwings (feat. Shafiq Husayn & Ivan Ave),Potatohead People,Eat Your Heart Out,2024,N,N,Y,Y,N,222,Serato,
2024-08-27,Feathers and Wax,UGGGY,PET YOUR HUMAN,2024,N,N,N,Y,N,145,Serato - Tidal,
2024-08-27,Her,KzLo,Her,2023,N,N,N,Y,N,196,Serato - Tidal,
2024-08-27,Rica,Howiewonder,Rica,2024,N,Y,N,Y,N,239,Serato - Tidal,
2024-08-27,Wash Your Face In My Sink,Dream Warriors,And Now The Legacy Begins,1991,N,N,N,N,N,220,Serato - Tidal,Loop intro and mic
2024-08-27,Fudge Pudge,Organized Konfusion,Organized Konfusion,1991,N,N,N,N,N,331,Serato - Tidal,
2024-08-27,Jazz Thing,Gang Starr,MUSIC FROM MO' BETTER BLUES,1990,N,N,N,N,N,288,Serato - Tidal,
2024-08-27,Patti Dooke,De La Soul,Buhloone Mindstate,1993,N,N,N,N,N,353,Serato - Tidal,
2024-08-27,Penpoint,"Sinopsis, Ivan Ave, Kooley High",Penpoint,2024,N,N,N,N,N,216,Serato - Tidal,Loop intro and mic
2024-08-27,Troupeau bleu,Cortex,Troupeau bleu,1975,N,N,N,N,N,303,Serato - Tidal,
2024-08-27,Ain't No Sunshine (Live),Jack McDuff,Ain't No Sunshine (Live In Seattle),2024,Y,Y,N,N,N,524,Serato - Tidal,
2024-08-27,Breakfast in Gold Coast,Larry June,Doing It For Me,2024,N,N,N,N,N,142,Serato - Tidal,Loop intro and mic
2024-08-27,Lesson Learned,"Lord Sko, Statik Selektah",Lesson Learned,2024,N,N,N,N,N,147,Serato - Tidal,
2024-08-27,Just Wrong,"Pino Palladino, Blake Mills",Notes With Attachments,2021,Y,Y,N,N,N,284,Serato - Tidal,
2024-08-27,P?wari,Christoph El Truento,Dubs from The Neighbourhood,2024,N,Y,N,N,N,204,Serato - Tidal,
2024-08-27,FEELINTERLUDE,ELWD,THIS PLACE,2021,N,Y,N,N,N,81,Serato - Tidal,
2024-08-27,Deep Aint It,Mikahl Anthony,Muse,2024,N,N,Y,N,N,270,Serato - Booth,
2024-09-03,East Ta West,AK Skills,One Life Ta Live / East Ta West,1996,N,N,N,N,N,267,Serato,
2024-09-03,Leyte,Cal Tjader,Soul Sauce,1964,Y,Y,N,N,N,321,Serato - Tidal,
2024-09-03,Biru,The Luvmenauts,Emphemera,2024,Y,Y,Y,Y,N,121,Serato,
2024-09-03,Say Yes,re.verse,Say Yes,2024,Y,Y,N,Y,N,336,Serato,
2024-09-03,For The Soul (feat. Moka Only),Potatohead People,Eat Your Heart Out,2024,N,N,Y,Y,N,204,Serato,
2024-09-03,Fast Lane,"[bsd.u], Bob Le Head",Fast Lane,2024,N,Y,N,Y,N,86,Serato - Tidal,
2024-09-03,Braids,Previous Industries,Service Merchandise,2024,N,N,Y,N,N,135,Serato,
2024-09-03,AAU Tournaments,"Blockhead, Billy Woods, Navy Blue",The Aux,2023,N,N,N,N,N,275,Serato - Tidal,
2024-09-03,Endless Discovery,UGGGY,The Moss and The Soss,2024,N,N,N,Y,N,96,Serato - Tidal,
2024-09-03,Le Lac,Underground Canopy,Le Lac,2024,Y,Y,N,N,N,291,Serato - Tidal,Loop intro and mic
2024-09-03,THEEM PROTOTYPE,"Sam Gendel, Sam Wilkes",Music for Saxofone & Bass Guitar More Songs,2020,Y,Y,N,N,N,255,Serato - Tidal,
2024-09-03,ode to rahsaan,berlioz,open this wall,2024,Y,N,N,N,N,210,Serato - Tidal,
2024-09-03,Love & Light,"Emanative, Liz Elensky, Dan Jose, Deoke",The Volume of the Light,2021,N,N,N,N,N,370,Serato - Tidal,
2024-09-03,Itelele,China Charmeleon,Anelka,2022,N,Y,N,N,N,434,Serato - Tidal,Loop intro and mic
2024-09-03,Bamboo,Harvey Sutherland,Brothers,2015,N,Y,N,N,N,376,Serato - Tidal,
2024-09-03,Summer Sun,Koop,Waltz for Koop,2001,N,N,N,N,N,227,Serato - Tidal,
2024-09-03,Dark Side Riddim,Ezra Collective,Dark Side Riddim / Samuel L.Riddim,2020,N,Y,N,N,N,314,Serato - Tidal,Loop outro and mic
2024-09-03,Casey Jr.,Tenderlonious,Tenderlonious,2019,N,Y,N,N,N,339,Serato - Tidal,
2024-09-03,Boys,"Cody Currie, Tino Valentin",Lucas,2022,N,Y,N,N,N,262,Serato - Tidal,
2024-09-03,FromHere (feat. Snoop Dogg & October London),NxWorries,Why Lawd?,2024,N,N,Y,N,N,241,Serato - Booth,
2024-09-10,Doing Jazz,The Luvmenauts,Emphemera,2024,N,Y,Y,Y,N,168,Serato,
2024-09-10,Keepin' It Kool (feat. Kendra Dias),Potatohead People,Eat Your Heart Out,2024,N,N,Y,Y,N,325,Serato,
2024-09-10,Palaces,Lupe Fiasco,Samurai,2024,N,N,Y,N,N,226,Serato,
2024-09-10,Door to Door,Puar,Flatwhite,2024,N,Y,N,Y,N,91,Serato - Tidal,
2024-09-10,Surf,"Gabb., ØNEMOR3",Waves,2024,N,Y,N,Y,N,117,Serato - Tidal,
2024-09-10,Twilight,KzLo,Nostalgia,2022,N,Y,N,Y,N,228,Serato - Tidal,
2024-09-10,Chess,Racasse,Head In The Clouds,2024,N,Y,N,Y,N,96,Serato - Tidal,
2024-09-10,Still In It (Instrumental),Tarik Robinson,Still In It [SINGLE],2021,N,Y,N,Y,Y,255,Serato,
2024-09-10,Screendoor,David Lavoie & Carson Tworow,Urban Repurpose,2021,N,Y,N,Y,Y,149,Serato,
2024-09-10,Ovinhos,"FloFilz, Wun Two",handful,2024,N,Y,N,N,N,138,Serato - Tidal,
2024-09-10,Color of Love (feat. Substantial & Jsoul),Uyama Hiroto,Breath of Love,2024,N,N,N,N,N,232,Serato - Tidal,Loop intro and mic
2024-09-10,Earth,"Joe Henderson, Alice Coltrane",The Elements,1973,Y,Y,N,N,N,793,Serato - Tidal,
2024-09-10,Streets is Calling (feat. M.anifest & Moonchild Sanelly),"Ezra Collective, M.anifest, Moonchild Sanelly",Streets is Calling,2024,Y,N,N,N,N,152,Serato - Tidal,Loop intro and mic
2024-09-10,"Guadeloupe, île de mes amours",Erick Cosaque,Chinal Ka 1973 - 1995,2019,Y,N,N,N,N,216,Serato - Tidal,
2024-09-10,Estate,João Gilberto,Amoroso,1977,Y,Y,N,N,N,387,Serato - Tidal,
2024-09-10,Take It Higher ,Ashley Henry,Take It Higher ,2024,Y,N,N,N,N,255,Serato - Tidal,
2024-09-10,Follow,"Tom Misch, Laura Misch",Reverie,2017,Y,N,N,N,N,225,Serato - Tidal,Loop intro and mic
2024-09-10,Tell Me,"Slum Village, D'Angelo","Fantastic, Vol. 2",2000,N,N,N,N,N,238,Serato - Tidal,
2024-09-10,Poetry,"The RH Factor, Q-Tip, Erykah Badu",Hard Groove,2003,Y,N,N,N,N,348,Serato - Tidal,
2024-09-10,"114°, Pt. 2",Cassowary,Cassowary,2020,Y,Y,N,N,N,141,Serato - Tidal,
2024-09-10,Everything Is So Grand (feat. PJ),Common & Pete Rock,"The Auditorium, Vol. 1",2024,N,N,Y,N,N,364,Serato - Booth,
2024-09-17,Floating,"Howiewonder, Who Needs to Chill, Lofi Sax",Floating,2024,N,Y,N,Y,N,105,Serato - Tidal,
2024-09-17,6AM,Puar,6AM,2024,N,N,N,Y,N,108,Serato - Tidal,
2024-09-17,gelato,bsd.u,????,2024,N,N,N,Y,N,193,Serato - Tidal,
2024-09-17,Drifting,Karavelo,Puddle Kush,2021,N,Y,N,Y,N,125,Serato - Tidal,
2024-09-17,Love Making,Kawfee,Heartburn,2017,N,Y,N,Y,N,111,Serato - Tidal,
2024-09-17,Distant Lights,ZForbes,Instrumental Episodes: Volume II,2022,N,Y,N,Y,N,147,Serato - Tidal,
2024-09-17,Nina Cruise,"Lou Piensa, Dr. MaD, the Loop Pilots",And Then...The Sea,2015,N,Y,N,Y,N,313,Serato - Tidal,
2024-09-17,getitonyourOWN,blackmagic.,after the Future,2023,N,Y,N,Y,N,104,Serato - Tidal,
2024-09-17,P64 By My Side,John Carroll Kirby,Septet,2021,Y,Y,N,N,N,251,Serato - Tidal,
2024-09-17,Quiet Moments,DJ Mitsu The Beats,Quiet Moments,2024,N,Y,N,N,N,205,Serato - Tidal,
2024-09-17,Regnet på ruta,Ol' Burger Beats,Regnet på ruta,2024,N,Y,N,N,N,124,Serato - Tidal,
2024-09-17,Lalo Caught Me Dancin',Llorca,Newcomer,2001,N,Y,N,N,N,382,Serato - Tidal,Loop intro and mic
2024-09-17,My Heart,"Marcos Resende, Index",Marcos Resende & Index,2021,Y,Y,N,N,N,339,Serato - Tidal,
2024-09-17,Day Dream,Ashley Henry,My Voice,2023,Y,Y,N,N,N,295,Serato - Tidal,
2024-09-17,Curacao,Cal Tjader,Soul Burst,1966,Y,Y,N,N,N,378,Serato - Tidal,
2024-09-17,Mister Magic,"Grover Washington, Jr.",Mister Magic,1974,Y,Y,N,N,N,541,Serato - Tidal,Loop intro and mic
2024-09-17,Unwritten Rules,Ill Considered,Ill Considered,2017,Y,Y,N,N,N,341,Serato - Tidal,
2024-09-17,Fair Chance,"Thundercat, Ty Dolla $ign, Lil B",It Is What It Is,2020,Y,N,N,N,N,237,Serato - Tidal,
2024-09-17,Over The Phone,Mikahl Anthony,Muse,2024,N,N,Y,N,N,200,Serato,
2024-09-17,WalkOnBy (feat. Earl Sweatshirt & Rae Khalil),NxWorries,Why Lawd?,2024,N,N,Y,N,N,227,Serato,
2024-09-17,Babbages,Previous Industries,Service Merchandise,2024,N,N,Y,N,N,175,Serato,
2024-09-17,So Many People (feat. Bilal),Common & Pete Rock,"The Auditorium, Vol. 1",2024,N,N,Y,N,N,314,Serato - Booth,
2024-09-24,Mood To Make Love,Rosie Lowe,"Lover, Other",2024,N,N,Y,N,N,232,Serato,
2024-09-24,MoveOn,NxWorries,Why Lawd?,2024,N,N,Y,N,N,167,Serato,
2024-09-24,Gliding,Howiewonder,Gliding,2024,N,Y,N,Y,N,193,Serato - Tidal,
2024-09-24,Anxiety,Elaquent,Long Drives To Nowhere,2022,N,Y,N,Y,N,149,Serato - Tidal,
2024-09-24,In The Dark,Henkel,Slow Down,2024,Y,Y,N,Y,N,112,Serato - Tidal,
2024-09-24,Medium Black,Tommyhil,Layers,2021,N,Y,N,Y,N,152,Serato - Tidal,
2024-09-24,all my homies hate chilledcow,bsd.u,????,2024,N,Y,N,Y,N,82,Serato - Tidal,
2024-09-24,Interlude,DK,Atlantic Rap Vol. 1,2023,N,Y,N,Y,N,77,Serato - Tidal,
2024-09-24,Blossoms,Dominant,Springtime,2020,N,Y,N,Y,N,123,Serato - Tidal,
2024-09-24,Coffee Shop,Gabb.,Coffee Shop,2023,N,Y,N,Y,N,108,Serato - Tidal,
2024-09-24,I'll Follow You,Dave Guy,Ruby,2024,Y,Y,N,N,N,187,Serato - Tidal,
2024-09-24,Same Page,"Dr. Syntax, Pete Cannon, Binbag Wisdom",P Reg Hondas,2024,N,N,N,N,N,247,Serato - Tidal,
2024-09-24,Snap My Finger (ft PinkPantheress),Kaytranada,Timeless,2024,N,N,Y,Y,N,201,Serato,Loop intro and mic
2024-09-24,Nubian Lady,Yusef Lateef,The Gentle Giant,1972,Y,Y,N,N,N,400,Serato - Tidal,
2024-09-24,Jungle Strut,Gene Ammons,Brother Jug!,1970,Y,Y,N,N,N,310,Serato - Tidal,
2024-09-24,Manhã,Azimuth,Azimüth,1975,Y,Y,N,N,N,225,Serato - Tidal,
2024-09-24,Gol-E-Gandom,Lloyd Miller,Spiritual Jazz,2009,Y,Y,N,N,N,251,Serato - Tidal,
2024-09-24,Love For Life,"Talib Kweli, J. Rawls, Georgia Anne Muldrow, Jimetta Rose",The Confidence Of Knowing,2024,N,N,N,N,N,257,Serato - Tidal,Loop intro and mic
2024-09-24,nothing to prove,Allysha Joy,The Making of Silk,2024,N,N,N,N,N,254,Serato - Tidal,
2024-09-24,Set It Free,"Nubya Garcia, Richie",Odyssey,2024,Y,N,N,N,N,245,Serato - Tidal,
2024-09-24,Nothing Much,"The O'my's, Jamila Woods",Nothing Much,2024,N,N,N,N,N,286,Serato - Tidal,
2024-09-24,Skipping Rocks,Oddisee,Rock Creek Park,2011,N,Y,N,N,N,250,Serato - Tidal,Loop intro and mic
2024-09-24,Take You There,"Pete Rock, C.L. Smooth",The Main Ingredient,1994,N,N,N,N,N,284,Serato - Tidal,
2024-09-24,Ways of Seeing,BADBADNOTGOOD,Mid Spiral: Growth,2024,Y,Y,Y,Y,N,333,Serato - Booth,
2024-10-01,Intro Enter The Tenda Dimension,Tendavillage,The Tenda Dimension,2024,N,N,Y,Y,Y,82,Serato,
2024-10-01,Way2Lit,"K-Rec, Checkmate, Moka Only",Inference and Hearsay,2024,N,N,Y,Y,N,207,Serato,
2024-10-01,Lover/Friend (ft Rochelle Jordan),Kaytranada,Timeless,2024,N,N,Y,Y,N,259,Serato,
2024-10-01,Wait Til The Sun Goes Down,Beatox,Been A Long Time,2024,N,N,Y,Y,N,128,Serato,
2024-10-01,dropping keys,Allysha Joy,The Making of Silk,2024,N,N,N,N,N,278,Serato - Tidal,
2024-10-01,Dawn,"Nubya Garcia, Esperanza Spalding",Odyssey,2024,Y,N,N,N,N,292,Serato - Tidal,
2024-10-01,Emakhaya,Heshoo Beshoo Group,Armitage Road,2020,Y,Y,N,N,N,438,Serato - Tidal,
2024-10-01,Is It James or Charlie?,Vince Guaraldi Quintet,A Charlie Brown Thanksgiving (50th Anniversary Edition),2023,Y,Y,N,N,N,139,Serato - Tidal,
2024-10-01,DARKER THAN DISCO,Jazzbois,Still Blunted,2024,Y,Y,N,N,N,289,Serato - Tidal,Loop intro and mic
2024-10-01,Linda Cançao,Barrio Jazz Gang,Spectrum,2002,Y,Y,N,N,N,329,Serato - Tidal,
2024-10-01,Indigo Blues,"Llorca, Nicole Graham",Newcomer,2001,Y,N,N,N,N,356,Serato - Tidal,
2024-10-01,Singe (Nu-Skool Mix),Metropolitan Jazz Affair,Mja,2003,Y,Y,N,N,N,392,Serato - Tidal,
2024-10-01,COSMIC CHAMELEON,ELWD,COSMIC CHAMELEON,2024,Y,Y,N,N,N,262,Serato - Tidal,Loop outro and mic
2024-10-01,Oye Cómo Va,Tito Puente,El Rey Bravo,1963,Y,N,N,N,N,274,Serato - Tidal,
2024-10-01,Bossa Per Due,Nicola Conte,Bossa Per Due,2007,Y,N,N,N,N,354,Serato - Tidal,
2024-10-01,After Hanabi -Listen to My Beats-,Nujabes,2nd Collection,2007,Y,N,N,N,N,323,Serato - Tidal,
2024-10-01,The Process (feat. Apani B Fly),Jazz Liberatorz,Clin d'oeil,2008,N,N,N,N,N,327,Serato - Tidal,
2024-10-01,Rap Combat,Jazz Spastiks,Reliable Sauce - Volume One: Stir Fried Jazz,2024,Y,N,N,N,N,147,Serato - Tidal,
2024-10-01,Celestial Hands,BADBADNOTGOOD,Mid Spiral: Growth,2024,Y,Y,Y,Y,N,334,Serato - Booth,
2024-10-08,The Slabs,David Lavoie & Carson Tworow,Teardown,2024,Y,Y,N,Y,Y,253,Serato,
2024-10-08,Seemingly,Kaytranada,Timeless,2024,N,N,Y,Y,N,197,Serato,
2024-10-08,Frozen Power Outage,Free Radicals,"White Power Outage, Vol. 2",2022,N,N,N,N,N,231,Serato,
2024-10-08,Other Worlds,Tendavillage,The Tenda Dimension,2024,N,N,Y,Y,Y,312,Serato,
2024-10-08,Dimitri,Hiatus Kaiyote,Love Heart Cheat Code ,2024,N,N,Y,N,N,268,Serato,
2024-10-08,Broken Heart,"Howiewonder, Mugensoul",Broken Heart,2024,N,N,N,Y,N,115,Serato - Tidal,
2024-10-08,Triumphance,Nubya Garcia,Odyssey,2024,Y,Y,N,N,N,354,Serato - Tidal,
2024-10-08,Move Something,"Leif Maine, Jackson Mathod, Turt",Move Something,2024,N,N,N,N,N,154,Serato - Tidal,
2024-10-08,Three Piece Suit (feat. Azekel),Kokoroko,Three Piece Suit (feat. Azekel),2024,Y,N,N,N,N,276,Serato - Tidal,Loop intro and mic
2024-10-08,Home Rule,The Lloyd McNeill Quartet,Soul Jazz Records Presents The Lloyd McNeill Quartet: Washington Suite,2017,Y,Y,N,N,N,365,Serato - Tidal,
2024-10-08,Drony Boy,Dave Guy,Ruby,2024,Y,Y,N,N,N,194,Serato - Tidal,
2024-10-08,Imported Couches,Larry June,Doing It For Me,2024,N,N,N,N,N,216,Serato - Tidal,
2024-10-08,Prélude à Go Round,Cortex,Troupeau bleu,1975,Y,Y,N,N,N,240,Serato - Tidal,
2024-10-08,Council Juice,"The Silhouettes Project, Kinkai, Pedro Retro, Whoeva","The Silhouettes Project, Vol. 2",2024,Y,N,N,N,N,189,Serato - Tidal,Loop intro and mic (ISOLATE INSTRUMENTAL)
2024-10-08,Rain (Live),Toshiki Soejima,Live in Tokyo,2024,Y,Y,N,N,N,248,Serato - Tidal,
2024-10-08,Continuum 1,Nala Sinephro,Endlessness,2024,Y,Y,N,N,N,433,Serato - Tidal,
2024-10-08,Reunion,Mike Irwin,Arrival,2024,Y,Y,N,N,N,325,Serato - Tidal,
2024-10-08,Wrong Side of the Rhodes,Joe Armon-Jones,Wrong Side Of Town,2024,Y,Y,N,N,N,269,Serato - Tidal,
2024-10-08,david,Allysha Joy,The Making of Silk,2024,N,N,N,N,N,309,Serato - Tidal,
2024-10-08,First Love,BADBADNOTGOOD,Mid Spiral: Growth,2024,Y,Y,Y,Y,N,286,Serato - Booth,
2024-10-15,The Heavy Loop,Jonah Yano,Jonah Yano & The Heavy Loop,2024,Y,Y,N,Y,N,1823,Serato - Tidal,
2024-10-15,Where Are You Going,David Lavoie & Carson Tworow,Teardown,2024,Y,Y,Y,Y,Y,263,Serato,Loop intro and mic
2024-10-15,Lay Me,Rosie Lowe,"Lover, Other",2024,N,N,Y,N,N,180,Serato,
2024-10-15,MoreOfIt,NxWorries,Why Lawd?,2024,N,N,Y,N,N,72,Serato,
2024-10-15,Roebuck,Previous Industries,Service Merchandise,2024,N,N,Y,N,N,196,Serato,
2024-10-15,Here,"Rasheed Chappell, Xp the Marxman, Yolanda Sargeant, Tim Hall",Rx,2021,N,N,N,Y,Y,222,Serato - Tidal,
2024-10-15,Listen,Brainstory,Sounds Good,2024,N,N,N,N,N,172,Serato - Tidal,
2024-10-15,Down The Backstreets,"Guru, Lonnie Liston Smith",Jazzmatazz Volume 1,1993,N,N,N,N,N,288,Serato - Tidal,
2024-10-15,tintling,Wun Two,tintling,2024,N,Y,N,N,N,120,Serato - Tidal,Loop outro and mic OVER ALL
2024-10-15,Synchronicity,Ashley Henry,Who We Are,2024,Y,Y,N,N,N,181,Serato - Tidal,
2024-10-15,The Ride Out,"Curren$y, DJ.Fresh",The Encore,2024,N,N,N,N,N,109,Serato - Tidal,
2024-10-15,One,Summers Sons,One,2024,N,N,N,N,N,242,Serato - Tidal,
2024-10-15,Breaking Down in Real Time,"NAHreally, The Expert, Open Mike Eagle",Breaking Down in Real Time,2024,N,N,N,N,N,198,Serato - Tidal,
2024-10-15,Intro,"Jay Worthy, Madeintyo, Terrace Martin",Time After Time,2024,N,N,N,N,N,160,Serato - Tidal,
2024-10-15,ALL.I.DO,kawfee,ALL.I.DO,2024,N,Y,N,Y,N,49,Serato,
2024-10-15,Headspace,KH,Headspace,2024,N,N,N,N,N,142,Serato - Tidal,
2024-10-15,Bout My Big Man Batter,Liv.e,Couldn't Wait to Tell You...,2020,N,N,N,N,N,174,Serato - Tidal,
2024-10-15,Golden Hour (Live),"Yussef Dayes, Rocco Palladino",The Yussef Dayes Experience Live at Joshua Tree,2022,Y,Y,N,N,N,261,Serato - Tidal,
2024-10-15,River,Tendavillage,The Tenda Dimension,2024,N,N,Y,Y,Y,295,Serato - Booth,
2024-10-22,Devika (Goddess),"Lonnie Liston Smith, The Cosmic Echoes",Visions of a New World,1975,Y,Y,N,N,N,314,Serato - Tidal,
2024-10-22,Find Yourself,The Meters,Trick Bag,1976,N,N,N,N,N,252,Serato - Tidal,Loop intro and mic (2nd)
2024-10-22,Sweet Dreamer,Lenny White,Big City,1977,N,N,N,N,N,279,Serato - Tidal,
2024-10-22,Bridge Through Time,Lonnie Liston Smith,Love Is The Answer,1980,N,N,N,N,N,241,Serato - Tidal,Loop intro and mic (3rd)
2024-10-22,Boys with Toys,Gap Mangione,The National Gallery,1968,Y,Y,N,N,N,166,Serato - Tidal,
2024-10-22,Modaji,Harvey Mason,Marching In The Street,1976,N,N,N,N,N,411,Serato - Tidal,Loop intro and mic (4th)
2024-10-22,The Star of a Story,Heatwave,Central Heating,1977,Y,N,N,N,N,350,Serato - Tidal,Loop intro and mic (5th)
2024-10-22,Huit octobre 1971,Cortex,Troupeau bleu,1975,Y,N,N,N,N,266,Serato - Tidal,
2024-10-22,Tudo Que Você Podia Ser,Lô Borges,O Trem Azul,2007,Y,N,N,N,N,227,Serato - Tidal,Loop intro and mic (6th)
2024-10-22,Love Theme From Spartacus,Yusef Lateef,Eastern Sounds,1962,Y,Y,N,N,N,255,Serato - Tidal,
2024-10-22,Disciples,Captain Murphy,Duality ,2012,N,N,N,N,N,43,Serato,Loop intro and mic (7th)
2024-10-22,So Flute,St. Germain,Tourist,2000,Y,Y,N,N,N,509,Serato,
2024-10-29,Outside The Gate,Katie Tupper,Outside The Gate,2024,N,N,N,Y,N,206,Serato - Tidal,
2024-10-29,Sleeper (Live At Maida Vale),Charlotte Day WIlson,Charlotte Day Wilson Live At Maida Vale EP,2024,N,N,Y,Y,N,277,Serato,
2024-10-29,There Goes The Light,Rosie Lowe,"Lover, Other",2024,N,N,Y,N,N,140,Serato,
2024-10-29,Still (feat. Charlotte Day Wilson),Kaytranada,Timeless,2024,N,N,Y,Y,N,134,Serato,
2024-10-29,Cypress,David Lavoie & Carson Tworow,Teardown,2024,Y,Y,Y,Y,Y,213,Serato,
2024-10-29,Oh La,"Ashley Henry, Binker Golding",Who We Are,2024,Y,Y,N,N,N,363,Serato - Tidal,
2024-10-29,INTRO,"[bsd.u], Bob Le Head",Yesterday,2024,N,N,N,Y,N,73,Serato - Tidal,
2024-10-29,Deus Ex,"Alfa Mist, Amika Quartet",Recurring (Live At King's Place),2024,Y,Y,N,N,N,371,Serato - Tidal,
2024-10-29,SWEAR.I.AINT.SAD,kawfee,ALL.I.DO,2024,Y,Y,N,Y,N,92,Serato,Loop end and mic
2024-10-29,LUDE,"The Kount, Kaelin Ellis",Vignette,2022,Y,Y,N,Y,N,48,Serato,
2024-10-29,jazz is for ordinary people,berlioz,jazz is for ordinary people,2023,Y,N,N,N,N,164,Serato,
2024-10-29,Energy,URF Tone,Energy,2022,N,N,N,N,N,166,Serato,
2024-10-29,Heartache + U,Bad Colours,Always With U,2022,N,N,N,N,N,242,Serato,
2024-10-29,Testify,Madison McFerrin,I Hope You Can Forgive Me,2023,N,N,N,N,N,229,Serato,
2024-10-29,Automaton,"Ash Walker, Oscar Jerome, Joe Armon-Jones",Automaton,2023,Y,N,N,N,N,253,Serato,
2024-10-29,DYKWYD,"Butcher Brown, Braxton Cook",DYKWYD,2023,Y,N,N,N,N,242,Serato,
2024-10-29,The Layover,"Billy Woods, Kenny Segal",Maps,2023,N,N,N,N,N,170,Serato,Loop intro and mic
2024-10-29,Turbulence's Pulse,Asher Gamedze,Turbulence and Pulse,2023,Y,N,N,N,N,248,Serato,
2024-10-29,Visions,"Total Refreshment Centre, Soccer96, Kieron Boothe",Visions,2023,Y,N,N,N,N,260,Serato,
2024-10-29,sittlichkeit,R.A.P. Ferreira,5 to the Eye with Stars,2022,N,N,N,N,N,149,Serato,
2024-10-29,4th Feb (Stay Awake),Alfa Mist,Variables,2023,Y,Y,N,N,N,180,Serato,
2024-10-29,Breeze,Ashley Henry,My Voice,2023,Y,Y,N,N,N,271,Serato,
2024-10-29,Purple/Green,Chiminyo,Nrg 1,2023,N,N,N,N,N,220,Serato,
2024-10-29,Going Up,"Kassa Overall, Lil B, Shabazz Palaces, Francis and the Lights",ANIMALS,2023,Y,N,N,N,N,373,Serato,Loop outro and mic
2024-10-29,Follow Your Heart,Potatohead People,Eat Your Heart Out,2024,N,Y,Y,Y,N,305,Serato - Booth,
2024-11-05,Caminos Verdes,Anzola,Caracas,2020,N,Y,N,Y,N,209,Serato - Tidal,
2024-11-05,"Mirrors, Vol. 3, No. 3",Naman Cale,"Mirrors, Vol. 3 / Mirrors, Vol. 4",2017,Y,Y,N,Y,N,172,Serato - Tidal,
2024-11-05,Emotions,Atamone,Nitespliffs,2017,N,Y,N,Y,N,153,Serato - Tidal,
2024-11-05,4you,Laizlo,2day,2020,N,N,N,Y,N,49,Serato - Tidal,
2024-11-05,Abstractz,Ljones,Garden Interlude,2016,N,Y,N,Y,N,114,Serato - Tidal,
2024-11-05,Peace Peace,Tshizimba,Pharoah,2020,N,Y,N,Y,N,145,Serato - Tidal,
2024-11-05,Tangerines,Hifilo,Speak Your Name,2020,Y,Y,N,Y,N,231,Serato - Tidal,
2024-11-05,Stoppin',The Dirty Sample,No!,2020,N,Y,N,Y,Y,108,Serato - Tidal,
2024-11-05,Something Forever,Beatchild,Nostalgia: Beats of 2008 - 2020,2021,N,N,N,Y,N,186,Serato - Tidal,
2024-11-05,Reflections (Remix),"DK, Ghettosocks",Soul Expressions,2019,N,N,N,Y,N,194,Serato - Tidal,
2024-11-05,Fraicheur,Dr. MaD,"People Tape, Vol. 3",2020,N,Y,N,Y,N,164,Serato - Tidal,
2024-11-05,The Clearing,re.Verse,beat tape 1,2021,Y,Y,N,Y,N,123,Serato - Tidal,
2024-11-05,Stay,DATSUNN,APPEALS,2022,N,N,N,Y,N,61,Serato,Loop intro and mic
2024-11-05,Sunrise,DeKobe,Left Behind,2017,N,Y,N,Y,N,165,Serato - Tidal,
2024-11-05,Sunrose,"Lou Piensa, Dr. MaD, the Loop Pilots",And Then...The Sea,2015,N,Y,N,Y,N,250,Serato - Tidal,
2024-11-05,Quiet Up,Trog'low,Midnight Calisthenics,2021,N,Y,N,Y,N,154,Serato - Tidal,
2024-11-05,Soviet Zodiak,"Badge Époque Ensemble, Lammping",Clouds of Joy: Chance of Reign,2022,N,Y,N,Y,N,133,Serato - Tidal,
2024-11-05,Night Shift (feat. Aso),Blue Wednesday,Night Shift (feat. Aso),2022,N,Y,N,Y,N,168,Serato - Tidal,
2024-11-05,Glow,Karavelo,Puddle Kush,2021,N,Y,N,Y,N,120,Serato - Tidal,
2024-11-05,Flight in,Vienna,Voicings,2019,N,Y,N,Y,N,197,Serato - Tidal,
2024-11-05,Over The Top Feelings,Moka Only,"Summer 2002, Vol. 1",2022,N,N,N,Y,N,219,Serato - Tidal,
2024-11-05,SoulShine,$irrebral,SOUL TAPE,2020,N,N,N,Y,N,115,Serato,
2024-11-05,1 for Tuamie,bsd.u,A Sad Kind of Bliss,2016,N,Y,N,Y,N,69,Serato - Tidal,
2024-11-05,Daydreamin,Harrison,"Birds, Bees, The Clouds & The Trees",2023,N,Y,N,Y,N,67,Serato - Tidal,
2024-11-05,For the Soul,"Potatohead People, Moka Only",Eat Your Heart Out,2024,N,N,N,Y,N,175,Serato - Tidal,
2024-11-05,Baby Boy,"ZIMBA, Dr. MaD",SUPER 8,2023,N,N,N,Y,N,145,Serato - Tidal,
2024-11-05,Caution,"Puar, Chill Moon Music",King of Hearts,2023,N,Y,N,Y,N,129,Serato - Tidal,
2024-11-05,Autumn in New York,DeKobe,Interlude,2018,N,Y,N,Y,N,184,Serato - Tidal,
2024-11-05,FOCUS,kawfee,GRATEFUL,2023,N,Y,N,Y,N,64,Serato,
2024-11-05,The World Is Yours / Brooklyn Zoo,BADBADNOTGOOD,BBNG,2011,Y,Y,N,Y,N,298,Serato,
2024-11-05,Title Theme / Saria's Song / Song Of Storms,BADBADNOTGOOD,BBNG,2011,Y,Y,N,Y,N,574,Serato,
2024-11-05,River,Tendavillage,The Tenda Dimension,2024,N,N,Y,Y,Y,295,Serato - Booth,
2024-11-12,Packt Like Sardines In A Crushd Tin Box,Robert Glasper,Packt Like Sardines In A Crushd Tin Box (1 Mic 1 Take),2013,Y,Y,N,N,N,358,Serato - Tidal,
2024-11-12,Welcome,Potelin,Reminiscence,2024,Y,Y,N,Y,N,404,Serato,
2024-11-12,Os Ancestrais (feat. Dom Salvador),Adrian Younge & Ali Shaheed Muhammad,JID021 ,2024,Y,N,Y,N,N,216,Serato,
2024-11-12,NEW.BIKE.DAY,kawfee,ALL.I.DO,2024,N,Y,N,Y,N,137,Serato,
2024-11-12,SheUsed,NxWorries,Why Lawd?,2024,N,N,Y,N,N,156,Serato,
2024-11-12,Thinking of You,Aaron Frazer,Into The Blue,2024,N,N,Y,N,N,175,Serato,
2024-11-12,Walk In The Park,Rosie Lowe,"Lover, Other",2024,N,N,Y,N,N,139,Serato,
2024-11-12,Poeira Cosmica,"Badbadnotgood, Tim Bernardes",Poeira Cosmica,2024,Y,N,N,Y,N,253,Serato - Tidal,
2024-11-12,Spit It Out (ft Rochelle Jordan),Kaytranada,Timeless,2024,N,N,Y,Y,N,218,Serato,Loop intro and mic
2024-11-12,Raid,Visioneers,DEF RADIO,2024,Y,Y,N,N,N,193,Serato - Tidal,
2024-11-12,Madvillainy Tribute,DOMi & JD Beck,Madvillainy Tribute,2020,Y,Y,N,N,N,261,Serato,
2024-11-12,DOOM,BADBADNOTGOOD,DOOM,2011,Y,Y,N,Y,N,523,Serato,
2024-11-12,BYA,_BY.ALEXANDER,MEMORIES FOR SALE ---AT---> 66 GREENE ST SOHO NY,2024,Y,Y,N,N,N,167,Serato - Tidal,Loop intro and mic
2024-11-12,Montrose Forest,"Butcher Brown, Nicholas Payton",Montrose Forest,2024,Y,Y,N,N,N,244,Serato - Tidal,
2024-11-12,The Rituals of Infinity,Greg Foat,The Rituals of Infinity,2024,Y,Y,N,N,N,301,Serato - Tidal,
2024-11-12,Intro,Racasse,Head In The Clouds,2024,N,Y,N,Y,N,32,Serato - Tidal,
2024-11-12,Prototype,Outkast,Speakerboxxx/The Love Below,2003,N,N,N,N,N,326,Serato - Tidal,
2024-11-12,The Third Eye,Roy Ayers,Everybody Loves The Sunshine,1976,N,N,N,N,N,381,Serato - Tidal,
2024-11-12,Home (Live),Avantdale Bowling Club,"""LIVE"" II (Live)",2024,Y,N,N,N,N,541,Serato - Tidal,
2024-11-12,Lonesome,Common & Pete Rock,"The Auditorium, Vol. 1",2024,N,N,Y,N,N,276,Serato - Booth,
2024-11-19,Self Love,Felipe Gordon,Self Love,2024,N,Y,N,N,N,524,Serato - Tidal,
2024-11-19,Take It or Leave It,"Ria Moran, Nubiyan Twist",Take It or Leave It,2024,N,N,N,N,N,284,Serato - Tidal,
2024-11-19,FINESSE,Jetson,FINESSE,2024,N,N,N,N,N,116,Serato - Tidal,Beat match
2024-11-19,FIRE W FIRE,_BY.ALEXANDER featuring Ferg and Hawa,MEMORIES FOR SALE ---AT---> 66 GREENE ST SOHO NY,2024,N,N,N,N,N,241,Serato - Tidal,
2024-11-19,Could Be Forever,Joshua Idehen,Mum Does the Washing EP,2024,N,N,N,N,N,181,Serato - Tidal,
2024-11-19,Featherweight,Puar,Feathers,2024,N,Y,N,Y,N,114,Serato - Tidal,
2024-11-19,Hold On (feat. Dawn Richard),Kaytranada,Timeless,2024,N,N,Y,Y,N,196,Serato,
2024-11-19,Eden,David Lavoie & Carson Tworow,Teardown,2024,Y,Y,Y,Y,Y,200,Serato,Loop outro and mic
2024-11-19,Stairway To The Stars,"Bill Evans, Jim Hall",Undercurrent,1963,Y,Y,N,N,N,341,Serato - Tidal,
2024-11-19,POWERS,"Spectacular Diagnostics, Wavy Bagels",Appetites,2024,N,N,N,N,N,132,Serato - Tidal,
2024-11-19,Between The Lines (feat. Keyon Harrold & Sparkz),Ashley Henry,Beautiful Vinyl Hunter,2020,Y,N,N,N,N,287,Serato - Tidal,
2024-11-19,Hype Sight Interlude,Moka Only,Arbutus Canyon,2024,N,Y,N,Y,N,37,Serato - Tidal,
2024-11-19,Pillars of Hercules,Atlantis Jazz Ensemble,Oceanic Suite,2016,Y,Y,N,Y,N,398,Serato - Tidal,
2024-11-19,Old Dogs (Live),Avantdale Bowling Club,"""LIVE"" II (Live)",2024,Y,N,N,N,N,339,Serato - Tidal,Fade out
2024-11-19,The Fool,Aaron Frazer,Into The Blue,2024,N,N,Y,N,N,235,Serato,Loop intro
2024-11-19,Later That Day,Horatio Luna,Doof Stick Super Powers,2024,Y,Y,N,N,N,721,Serato - Tidal,
2024-11-19,The Novel Sound,Llorca,Newcomer,2001,N,N,N,N,N,427,Serato - Tidal,
2024-11-19,Between Days,Kiefer,Between Days,2021,Y,Y,N,N,N,154,Serato - Tidal,
2024-11-19,Moreno (feat. The Midnight Hour),Adrian Younge & Ali Shaheed Muhammad,JID021,2024,Y,Y,N,N,N,339,Serato - Booth,
2024-11-26,Freakadelic,"Jeff Parker, ETA IVtet",The Way Out of Easy,2024,Y,Y,N,N,N,1430,Serato - Tidal,
2024-11-26,An Offering,Phi-Psonics,Octava,2023,Y,Y,N,N,N,369,Serato - Tidal,
2024-11-26,Kingdom Come,Shad & 14KT,Reel Speakers,2024,N,N,Y,Y,N,212,Serato,Loop intro and mic
2024-11-26,Come Back,Kurious,Majician,2024,N,N,Y,N,N,230,Serato,
2024-11-26,Let Me Cook (Instrumental),Flying Lotus,Spirit Box,2024,N,Y,Y,N,N,173,Serato,
2024-11-26,I Just Don't Know,"Moka Only, Alcynoos, Parental, DAN AMOZIG",AMALAMA,2024,N,N,N,Y,N,176,Serato - Tidal,
2024-11-26,shoulda known,kawfee,winter again,2023,N,N,N,Y,N,58,Serato,
2024-11-26,Pyramid Code (Feat. Odario),Sargeant X Comrade,Lo Fi Future,2023,N,N,N,Y,Y,197,Serato,
2024-11-26,Heather,Visioneers,DEF RADIO,2024,N,Y,N,N,N,294,Serato - Tidal,Loop outro and mic'
2024-11-26,Seven Minutes of Funk,The Whole Darn Family,Ain't Nothing but Something to Do,1976,Y,Y,N,N,N,420,Serato - Tidal,
2024-11-26,24-Carat Black (Theme),The 24-Carat Black,Ghetto: Misfortune's Wealth,1973,Y,Y,N,N,N,435,Serato - Tidal,
2024-11-26,Chanson d'un jour d'hiver,Cortex,Troupeau bleu,1975,Y,N,N,N,N,323,Serato - Tidal,
2024-11-26,Universal Mother,Don Cherry,Hear & Now,1976,Y,N,N,N,N,405,Serato - Tidal,
2024-11-26,Where Are We Going?,Donald Byrd,Black Byrd,1973,N,N,N,N,N,277,Serato - Tidal,
2024-11-26,Make Friends,Hiatus Kaiyote,Love Heart Cheat Code ,2024,N,N,Y,N,N,294,Serato - Booth,
2024-12-03,Les Nuits (Carboot Jazz Full Length),Nightmares on Wax,Carboot Jazz,2024,Y,Y,N,N,N,518,Serato - Tidal,
2024-12-03,Late Autumn,"Jeff Parker, ETA IVtet",The Way Out of Easy,2024,Y,Y,N,N,N,1041,Serato - Tidal,
2024-12-03,I'm Gettin' Sentimental Over You,"Bill Evans, Jim Hall",Undercurrent,1963,Y,Y,N,N,N,257,Serato - Tidal,
2024-12-03,enter wandsbek,Jazzbois,Made sum beats on tour in a Hamburg airbnb,2024,Y,Y,N,N,N,129,Serato - Tidal,Loop intro and mic
2024-12-03,The What?!,Colossus,Mushroom Jazz 6,2008,N,N,N,N,N,216,Serato - Tidal,
2024-12-03,I Am Hip Hop (feat. Asheru),Jazz Liberatorz,Clin d'oeil,2008,N,N,N,N,N,283,Serato - Tidal,
2024-12-03,Extra Love (feat. Munch),Datsunn,Familiar Faces,2019,N,N,N,Y,N,153,Serato - Tidal,
2024-12-03,Truth and Lies,Henkel,In the Air,2022,Y,Y,N,Y,N,299,Serato - Tidal,
2024-12-03,Tis The Season,Kurious,Majician,2024,N,N,Y,N,N,203,Serato,
2024-12-03,IT.JUS.WNT.DO,kawfee,ALL.I.DO,2024,N,Y,N,Y,N,101,Serato,Loop end and mic over entire track
2024-12-03,First Love,Badbadnotgood,Mid Spiral: Growth,2024,Y,Y,Y,Y,N,285,Serato - Tidal,
2024-12-03,In a Fugue State,"vbnd, The Soulmate Collective",Scum Funk,2021,N,Y,N,Y,N,236,Serato - Tidal,
2024-12-03,Volunteered Slavery,Rahsaan Roland Kirk,Volunteered Slavery,1969,Y,Y,N,N,N,343,Serato - Tidal,
2024-12-03,"Bad, Bad Simba",O'Donel Levy,Simba (Vinyl),1973,Y,Y,N,N,N,434,Serato - Tidal,
2024-12-03,WHYWEDOIT,Spectacular Diagnostics,Appetites,2024,N,Y,N,N,N,132,Serato - Tidal,
2024-12-03,Ghost Dog Flow,ELWD,Ghost Dog Flow,2024,N,Y,N,N,N,198,Serato - Tidal,
2024-12-03,Thermae,Robohands,Thermae,2024,N,Y,N,N,N,206,Serato - Tidal,
2024-12-03,KeepHer (feat. Thundercat),NxWorries,Why Lawd?,2024,N,N,Y,N,N,254,Serato - Booth,
2024-12-10,Sorrowful Rhodes,Joe Armon-Jones,Sorrow,2024,Y,Y,N,N,N,361,Serato - Tidal,
2024-12-10,Aqua,"Joe Nora, Karavelo","Favorite Color, Rain",2019,N,Y,N,Y,N,153,Serato - Tidal,
2024-12-10,Lovers,Karavelo,Bad Ideas,2017,N,N,N,Y,N,108,Serato - Tidal,
2024-12-10,Excursions,A Tribe Called Quest,The Low End Theory,1991,N,N,N,N,N,234,Serato - Tidal,
2024-12-10,Mic Epps,"Beneficence, Jazz Spastiks",Summer Night Sessions,2023,N,N,N,N,N,200,Serato - Tidal,
2024-12-10,Spiraling,"Bilal, Adrian Younge",Adrian Younge Presents Linear Labs: São Paulo,2024,Y,N,N,N,N,178,Serato - Tidal,
2024-12-10,Answered Prayer,Dinner Party,Enigmatic Society,2023,Y,N,N,N,N,142,Serato - Tidal,
2024-12-10,Music in my mind part 2,Jazz Liberatorz,Fruit of the Past,2009,Y,N,N,N,N,186,Serato - Tidal,
2024-12-10,Colourblind,"Tom Misch, Loyle Carner",Colourblind,2024,N,N,N,N,N,235,Serato - Tidal,
2024-12-10,Love At The Venice Biennale,Ashley Henry,Who We Are,2024,Y,Y,N,N,N,260,Serato - Tidal,Loop intro and mic
2024-12-10,Join Hands,Groove Armada,Goodbye Country (Hello Nightclub),2001,N,N,N,N,N,238,Serato - Tidal,
2024-12-10,All Things,Hieroglyphics,3rd Eye Vision,1998,N,N,N,N,N,199,Serato - Tidal,
2024-12-10,Harlem Buck Dance Strut,Les McCann,Layers,1973,Y,Y,N,N,N,355,Serato - Tidal,Fade out
2024-12-10,Mental Stamina,"Jeru The Damaja, Afu-Ra",The Sun Rises In The East,1994,N,N,N,N,N,141,Serato - Tidal,
2024-12-10,Set It Off,People Under The Stairs,Carried Away,2009,N,N,N,N,N,194,Serato - Tidal,Loop intro and mic
2024-12-10,Shoot To The Moon,Moka Only,Arbutus Canyon,2024,N,N,N,Y,N,127,Serato - Tidal,
2024-12-10,On My Way,ZForbes,Instrumental Episodes: Volume II,2022,N,N,N,Y,N,85,Serato - Tidal,
2024-12-10,lech (feat. Emerson Corleone),"SCULLY, Jus'",DJANGO&SCHULTZ,2024,N,N,N,Y,N,133,Serato - Tidal,
2024-12-10,Untainted,Kurious,Majician,2024,N,N,Y,N,N,161,Serato,
2024-12-10,Perfect Strangers,Aaron Frazer,Into The Blue,2024,N,N,Y,N,N,139,Serato,
2024-12-10,The Grandfather Tree,Tendavillage,The Tenda Dimension,2024,N,Y,Y,Y,Y,180,Serato,
2024-12-10,TTT,"Bluestaeb, Melodiesinfonie, S. Fidelity, douniah",TTT,2024,N,N,N,N,N,201,Serato - Tidal,
2024-12-10,Voodoo,"SYNC.EXE, Soul Food Horns",Voodoo,2024,Y,Y,N,N,N,168,Serato - Tidal,
2024-12-10,BLUH BLUH BLUH,_BY.ALEXANDER,MEMORIES FOR SALE ---AT---> 66 GREENE ST SOHO NY,2024,Y,Y,N,N,N,140,Serato - Tidal,
2024-12-10,Tukka Yoot's Riddim (Bu's Riddim),US3,Hand On The Torch - 20th Anniversary Edition,1993,Y,N,N,N,N,317,Serato - Tidal,
2024-12-10,Sinking Ship,Aladean Kheroufi,Studies In A Dying Love,2024,N,N,Y,Y,N,311,Serato - Booth,
2024-12-17,In The Rain,"The Kount, Kojey Radical",In The Rain,2024,N,N,N,Y,N,183,Serato - Tidal,
2024-12-17,Energy,"Howiewonder, Erwin Do, MZERA",Energy,2024,N,Y,N,Y,N,199,Serato - Tidal,
2024-12-17,Cozy Fire,Puar,Waiting for snow,2024,N,Y,N,Y,N,142,Serato - Tidal,
2024-12-17,Something new,"Gabb., Boréale beats",Something new,2024,N,Y,N,Y,N,128,Serato - Tidal,
2024-12-17,Asleep,"[bsd.u], Bob Le Head",Yesterday,2024,N,Y,N,Y,N,83,Serato - Tidal,
2024-12-17,Listen Here (G.U.R.U. Remix),Gene Harris,The New Groove: The Blue Note Remix Project Vol. 1,1996,N,N,N,N,N,245,Serato - Tidal,
2024-12-17,Dad Rolls After Work,Tommyhil,Pinner,2021,N,Y,N,Y,N,155,Serato - Tidal,
2024-12-17,checkered,blackmagic.,Magix Ball,2023,N,Y,N,Y,N,111,Serato - Tidal,
2024-12-17,Freetime,MaLLy & Last Word,The Sweetest of It All,2024,N,N,Y,N,N,309,Serato,
2024-12-17,HEALING,kawfee,ALL.I.DO,2024,N,Y,N,Y,N,93,Serato,
2024-12-17,Inference and Hearsay,"K-Rec, Checkmate, Moka Only",Inference and Hearsay,2024,N,N,Y,Y,N,190,Serato,
2024-12-17,RIDGEWALK,Moses Yoofee Trio,RIDGEWALK,2024,Y,Y,N,N,N,147,Serato - Tidal,Loop intro and mic
2024-12-17,Tomorrow Never Knows,Charles Owens Trio,The Music Tells Us,2024,Y,Y,N,N,N,333,Serato - Tidal,
2024-12-17,Fire In The Middle (Carboot Jazz Version),Nightmares on Wax,Carboot Jazz,2024,Y,Y,N,N,N,489,Serato - Tidal,
2024-12-17,Hope,"44th Move, Takuya Kuroda",44th Move,2020,Y,N,N,N,N,367,Serato - Tidal,
2024-12-17,The Genius,"7xvethegenius, Keisha Plum",The Genius,2024,N,N,N,N,N,234,Serato - Tidal,Loop outro and mic
2024-12-17,Arab Brother Rap #1,Aladean Kheroufi,Studies In A Dying Love,2024,N,N,Y,Y,N,198,Serato,
2024-12-17,ROMANCERO,Carlos Franzetti,GRAFITTI,2022,Y,Y,N,N,N,605,Serato,
2024-12-17,Just A Love Child,Bobbi Humphrey,Blacks And Blues,1974,Y,Y,N,N,N,395,Serato - Tidal,
2024-12-17,I Say a Little Prayer,Rahsaan Roland Kirk,Volunteered Slavery,1969,Y,Y,N,N,N,480,Serato - Tidal,
2024-12-17,Search For Peace,Ishmael Ensemble,Blue Note Re:Imagined,2020,Y,Y,N,N,N,261,Serato - Booth,
2024-12-24,Xmas (We’ve Got),Cookin Soul,A TRIBE CALLED XMAS,2023,N,N,N,N,N,225,Serato,
2024-12-24,Butter Cookies,Cookin Soul,A TRIBE CALLED XMAS,2023,N,N,N,N,N,229,Serato,
2024-12-24,Merry Abstract Xmas,Cookin Soul,A TRIBE CALLED XMAS,2023,N,N,N,N,N,188,Serato,
2024-12-24,5 Foot Reindeer,Cookin Soul,A TRIBE CALLED XMAS,2023,N,N,N,N,N,196,Serato,
2024-12-24,Kamaal Xmas Time,Cookin Soul,A TRIBE CALLED XMAS,2023,N,N,N,N,N,132,Serato,
2024-12-24,Holiday Booty,Cookin Soul,A TRIBE CALLED XMAS,2023,N,N,N,N,N,229,Serato,
2024-12-24,Nut Job skit,Cookin Soul,A TRIBE CALLED XMAS,2023,N,N,N,N,N,62,Serato,
2024-12-24,Funky Xmas for Two,Cookin Soul,A TRIBE CALLED XMAS,2023,N,N,N,N,N,279,Serato,
2024-12-24,Soul Holidays,Cookin Soul,A TRIBE CALLED XMAS,2023,N,N,N,N,N,238,Serato,
2024-12-24,Opening Montage,Bird Peterson,The Bird Peterson Holiday Spectacular,2019,N,N,N,N,N,67,Serato,Start at red marker
2024-12-24,Ye Merry Gentlemen,Bird Peterson,The Bird Peterson Holiday Spectacular,2019,N,N,N,N,N,70,Serato,Loop intro and mic
2024-12-24,Happy Birthday (So Frosty),Bird Peterson,The Bird Peterson Holiday Spectacular,2019,N,N,N,N,N,125,Serato,
2024-12-24,Blue Christmas Loo Loo,Bird Peterson,The Bird Peterson Holiday Spectacular,2019,N,N,N,N,N,117,Serato,
2024-12-24,Christmas Magic,Bird Peterson,The Bird Peterson Holiday Spectacular,2019,N,N,N,N,N,160,Serato,
2024-12-24,Jingle Bells,Bird Peterson,The Bird Peterson Holiday Spectacular,2019,N,N,N,N,N,106,Serato,
2024-12-24,Trees,Bird Peterson,The Bird Peterson Holiday Spectacular,2019,N,N,N,N,N,127,Serato,Loop outro and mic
2024-12-24,Charlie Pt 1 (What A Tree),Bird Peterson,The Bird Peterson Holiday Spectacular,2019,N,N,N,N,N,63,Serato,
2024-12-24,Charlie Pt 2 (Skating),Bird Peterson,The Bird Peterson Holiday Spectacular,2019,N,N,N,N,N,118,Serato,
2024-12-24,One Religious Song (So Grandma Doesn't Give Me What'fer),Bird Peterson,The Bird Peterson Holiday Spectacular,2019,N,N,N,N,N,130,Serato,
2024-12-24,Skitch & I,Bird Peterson,The Bird Peterson Holiday Spectacular,2019,N,N,N,N,N,137,Serato,
2024-12-24,That Christmas,Bird Peterson,The Bird Peterson Holiday Spectacular,2019,N,N,N,N,N,134,Serato,
2024-12-24,Look At Them Presents,Bird Peterson,The Bird Peterson Holiday Spectacular,2019,N,N,N,N,N,107,Serato,
2024-12-24,Holiday Nut Mix,Bird Peterson,The Bird Peterson Holiday Spectacular,2019,N,N,N,N,N,116,Serato,Loop outro and mic
2024-12-24,Without Your Loving Arms,Bird Peterson,The Bird Peterson Holiday Spectacular,2019,N,N,N,N,N,110,Serato,
2024-12-24,The Christmas Waltz,Bird Peterson,The Bird Peterson Holiday Spectacular,2019,N,N,N,N,N,75,Serato,
2024-12-24,Let It Snow 2010,Bird Peterson,The Bird Peterson Holiday Spectacular,2019,N,N,N,N,N,88,Serato,
2024-12-24,The Grinch Pt 1 & 2,Bird Peterson,The Bird Peterson Holiday Spectacular,2019,N,N,N,N,N,244,Serato,
2024-12-24,Blazin Yule Logs,Bird Peterson,The Bird Peterson Holiday Spectacular,2019,N,N,N,N,N,87,Serato,
2024-12-24,It's Here,Bird Peterson,The Bird Peterson Holiday Spectacular,2019,N,N,N,N,N,100,Serato,
2024-12-24,Smoochin,Bird Peterson,The Bird Peterson Holiday Spectacular,2019,N,N,N,N,N,105,Serato,
2024-12-24,"A Wish, The Moon, And Silver Tongue Stewart",Bird Peterson,The Bird Peterson Holiday Spectacular,2019,N,N,N,N,N,139,Serato,Loop outro and mic
2024-12-24,8 Day Oil (featuring Deerflesh),Bird Peterson,The Bird Peterson Holiday Spectacular,2019,N,N,N,N,N,126,Serato,
2024-12-24,I Hope,Bird Peterson,The Bird Peterson Holiday Spectacular,2019,N,N,N,N,N,103,Serato,
2024-12-24,Charlie Pt 3 (Hark),Bird Peterson,The Bird Peterson Holiday Spectacular,2019,N,N,N,N,N,162,Serato,
2024-12-24,Charlie Pt 4 (Jingle Bells),Bird Peterson,The Bird Peterson Holiday Spectacular,2019,N,N,N,N,N,142,Serato,
2024-12-24,Snowfall,Bird Peterson,The Bird Peterson Holiday Spectacular,2019,N,N,N,N,N,78,Serato,
2024-12-24,The Spirit Of 89,Bird Peterson,The Bird Peterson Holiday Spectacular,2019,N,N,N,N,N,112,Serato,Loop outro and mic
2024-12-24,Razzleberry Dressing,Bird Peterson,The Bird Peterson Holiday Spectacular,2019,N,N,N,N,N,248,Serato,
2024-12-31,The Ride Out,"Curren$y, DJ.Fresh",The Encore,2024,N,N,N,N,N,109,Serato - Tidal,
2024-12-31,Thinking of You,Aaron Frazer,Into The Blue,2024,N,N,Y,N,N,175,Serato - Tidal,
2024-12-31,Everything in its Right Place,Kamaal Williams,Everything in its Right Place,2024,Y,Y,N,N,N,330,Serato - Tidal,
2024-12-31,Slow Down,Henkel,Slow Down,2024,Y,Y,N,Y,N,113,Serato - Tidal,
2024-12-31,Black Sabbath,"Ol' Burger Beats, Billy Woods, Tha God Fahim",74: Out of Time,2024,N,N,N,N,N,198,Serato - Tidal,
2024-12-31,SheUsed,NxWorries,Why Lawd?,2024,N,N,Y,N,N,156,Serato - Tidal,
2024-12-31,Where Are You Going,"David Lavoie, Carson Tworow",Teardown,2024,Y,Y,Y,Y,Y,263,Serato - Tidal,
2024-12-31,Mood To Make Love,Rosie Lowe,"Lover, Other",2024,N,N,Y,N,N,231,Serato - Tidal,Beat match
2024-12-31,MANTO,"Heems, Vijay Iyer, Sid Vashi",DAME,2024,Y,N,N,N,N,279,Serato - Tidal,
2024-12-31,Listen,Brainstory,Sounds Good,2024,N,N,N,N,N,172,Serato - Tidal,Loop intro and mic
2024-12-31,nothing to prove,Allysha Joy,The Making of Silk,2024,N,N,N,N,N,254,Serato - Tidal,
2024-12-31,Poeira Cosmica,"Badbadnotgood, Tim Bernardes",Poeira Cosmica,2024,Y,N,N,Y,N,253,Serato - Tidal,
2024-12-31,Summer Madness,"DJ Mitsu The Beats, Takumi Kaneko",Summer Madness,2024,N,Y,N,N,N,272,Serato - Tidal,
2024-12-31,For the Soul,"Potatohead People, Moka Only",Eat Your Heart Out,2024,N,N,N,Y,N,175,Serato - Tidal,
2024-12-31,Still (feat. Charlotte Day Wilson),"KAYTRANADA, Charlotte Day Wilson",TIMELESS,2024,N,N,N,Y,N,134,Serato - Tidal,Loop intro and mic
2024-12-31,? (Interlude),"RM, DOMi & JD BECK","Right Place, Wrong Person",2024,Y,Y,N,N,N,113,Serato - Tidal,
2024-12-31,Samurai,Lupe Fiasco,Samurai,2024,N,N,N,N,N,194,Serato - Tidal,
2024-12-31,Lola,Tremendous Aron,Lola,2024,Y,Y,N,N,N,180,Serato - Tidal,
2024-12-31,Need Nothing,Katie Tupper,Need Nothing,2024,N,N,N,Y,N,147,Serato - Tidal,
2024-12-31,INTRO,"[bsd.u], Bob Le Head",Yesterday,2024,N,N,N,Y,N,73,Serato - Tidal,
2024-12-31,Set It Free,"Nubya Garcia, Richie",Odyssey,2024,Y,N,N,N,N,245,Serato - Tidal,
2024-12-31,enter wandsbek,Jazzbois,Made sum beats on tour in a Hamburg airbnb,2024,Y,Y,N,N,N,129,Serato - Tidal,Loop intro and mic
2024-12-31,BYA,_BY.ALEXANDER,MEMORIES FOR SALE ---AT---> 66 GREENE ST SOHO NY,2024,Y,Y,N,N,N,167,Serato - Tidal,
2024-12-31,Massamba Afundance,"Jahari Massamba Unit, Karriem Riggins, Madlib",YHWH is LOVE,2024,Y,Y,N,N,N,182,Serato - Tidal,
2024-12-31,The Official Bird Peterson New Years Eve Countdown,Bird Peterson,The Official Bird Peterson New Years Eve Countdown,2021,N,N,N,N,N,240,Serato,
2024-12-31,Passionfruit,"elkka, John Carroll Kirby",Prism of Pleasure,2024,N,Y,N,N,N,562,Serato - Booth,
2025-01-07,One for Papa,Bluestaeb,Rodalquilar,2015,N,Y,N,N,N,152,Serato - Tidal,
2025-01-07,Bless The Mad,Bless the Mad,Bless the Mad,2020,Y,Y,N,N,N,219,Serato - Tidal,
2025-01-07,Truly Get Yours (Instrumental),Damu The Fudgemunk,Public Assembly,2014,N,Y,N,N,N,302,Serato - Tidal,
2025-01-07,The Definition (Instrumental),DJ Jazzy Jeff,The Return of the Magnificent (Instrumentals),2007,N,Y,N,N,N,219,Serato - Tidal,
2025-01-07,Night Clbs,"High John, Twit One",Night Clbs / Sleep Till Noon,2022,N,Y,N,N,N,147,Serato - Tidal,
2025-01-07,Jazz Party,Jazz Spastiks,The Product (Instrumentals),2017,N,N,N,N,N,135,Serato - Tidal,
2025-01-07,Carefree,DeKobe,Appreciation,2016,N,Y,N,Y,N,180,Serato - Tidal,
2025-01-07,Sleepdriving,Karavelo,Ghost Lover,2019,N,Y,N,Y,N,117,Serato - Tidal,
2025-01-07,demskreets.fekts,Knxwledge,Hud Dreems,2015,N,N,N,N,N,139,Serato - Tidal,
2025-01-07,Luna Piena,Koralle,Insomnia,2023,N,Y,N,N,N,135,Serato - Tidal,
2025-01-07,Molly,"Howiewonder, Mugensoul",Beat Street,2024,N,Y,N,N,N,98,Serato - Tidal,
2025-01-07,Camphor,MF DOOM,"Metal Fingers Presents: Special Herbs, Vol. 7 and 8",2004,N,Y,N,N,N,110,Serato - Tidal,Loop outro and mic over all
2025-01-07,Not For Sale (Instrumental),Ol' Burger Beats,Monologue.,2021,N,Y,N,N,N,173,Serato - Tidal,
2025-01-07,Sweet Europe,Tall Black Guy,Mini Therapy Chops,2011,N,Y,N,N,N,204,Serato - Tidal,
2025-01-07,Bass Du Jour,Trog'low,Midnight Calisthenics,2021,N,Y,N,Y,N,144,Serato - Tidal,
2025-01-07,She gone,"[bsd.u], Bob Le Head",Yesterday,2024,N,Y,N,Y,N,117,Serato - Tidal,
2025-01-07,Catch Him,Racasse,Head In The Clouds,2024,N,Y,N,Y,N,128,Serato - Tidal,
2025-01-07,Total Mosaic,Dday One,Manu Propria,2022,N,Y,N,N,N,223,Serato - Tidal,
2025-01-07,PP Bobby,"Birocratic, G Mills",Ninety-Nine,2023,N,Y,N,N,N,131,Serato - Tidal,
2025-01-07,1995,CoryaYo,1995,2014,N,Y,N,N,N,159,Serato - Tidal,Turn on instrumental
2025-01-07,Flying,Jazz Spastiks,The Product (Instrumentals),2017,N,Y,N,N,N,203,Serato - Tidal,
2025-01-07,true authentic self,"Sarah, the Illstrumentalist",true authentic self,2023,N,Y,N,N,N,131,Serato - Tidal,
2025-01-07,Socially Awkward,Kiefer,Happysad,2018,N,Y,N,N,N,142,Serato - Tidal,Loop intro and fade in
2025-01-07,My Love,F.O.X,My Love,2022,N,Y,N,N,N,134,Serato - Tidal,
2025-01-07,Beach Dr.,Oddisee,Rock Creek Park,2011,N,Y,N,N,N,240,Serato - Tidal,
2025-01-07,Gat Damn (Instrumental),"Freddie Gibbs, Madlib",Bandana Beats,2020,N,Y,N,N,N,170,Serato - Tidal,
2025-01-07,Abstrakt Neo Synopsis,Lord Finesse,The SP1200 Project: A Re-Awakening,2015,N,Y,N,N,N,218,Serato - Tidal,
2025-01-07,That Ain't The Way You Make Love,Z.Z. Hill,"The Complete Hill Records Collection/United Artists Recordings, 1972-1975",1996,N,N,N,N,N,225,Serato - Tidal,
2025-01-07,Gato Viejo,"Vinocio, DJ WAKE, Maxi Sayes, Ivan Chapuis",Me Estas Haciendo Mal,2021,N,Y,N,N,N,327,Serato - Tidal,
2025-01-07,Soul on Jazz,DeKobe,Outtakes,2020,N,Y,N,Y,N,118,Serato - Tidal,
2025-01-07,I Don't Wanna Stay,Aaron Frazer,Into The Blue,2024,N,N,Y,N,N,257,Serato - Booth,
2025-01-14,NOW JAZZ (MIDNIGHT MIX),GOLFOS,ONE MINUTE SILENCE / NOW JAZZ,2020,N,Y,N,N,N,555,Serato - Tidal,
2025-01-14,A Une Main,Pierre Moritz,Dédé is Back,2018,N,Y,N,N,N,346,Serato - Tidal,Fade in
2025-01-14,Manhattan to Brooklyn,Tour-Maubourg,"From da Block, Vol. 2",2018,N,Y,N,N,N,403,Serato - Tidal,Fade in
2025-01-14,Duke,Kolter,Duke,2021,N,Y,N,N,N,359,Serato - Tidal,Fade in
2025-01-14,Paris City Jazz,Bellaire,Paris City Jazz,2018,N,Y,N,N,N,307,Serato - Tidal,"No fade, loop mid and mic over"
2025-01-14,Endurance,Beatchild,Nostalgia: Beats of 2008 - 2020,2021,N,Y,N,Y,N,257,Serato - Tidal,Fade in
2025-01-14,Monsoon,Ben Nevile,Power Trio,2019,N,Y,N,Y,N,395,Serato - Tidal,
2025-01-14,Silver,Gavinco,The Four J's,2018,N,Y,N,N,N,307,Serato - Tidal,
2025-01-14,Ya Just Need 2 Believe in Yaself,Folamour,4MYPPL#1,2017,N,Y,N,N,N,422,Serato - Tidal,
2025-01-14,Tryin' Find A Way (Club Mix),Tim Deluxe,The Radicle (Expanded Edition),2015,N,Y,N,N,N,339,Serato - Tidal,No fade
2025-01-14,Allégresse,Tour-Maubourg,Happiness Therapy 06: Allégresse,2019,N,Y,N,N,N,295,Serato - Tidal,No fade
2025-01-14,Jazzclub,Fred Aster,1989,2020,N,Y,N,N,N,386,Serato - Tidal,Fade
2025-01-14,I3U,"Borka, The Gang",L.O.V.E EP,2023,N,Y,N,N,N,307,Serato - Tidal,Fade
2025-01-14,JZ,Stogov,World Colour EP,2023,N,Y,N,N,N,361,Serato - Tidal,Fade
2025-01-14,Sizzling,Daphni,Sizzling EP,2019,N,N,N,Y,N,321,Serato - Booth,
2025-01-21,Montara,Bobby Hutcherson,Montara,1975,Y,Y,N,N,N,298,Serato - Tidal,
2025-01-21,Breeze,Ashley Henry,My Voice,2023,Y,Y,N,N,N,271,Serato - Tidal,
2025-01-21,Home,Avantdale Bowling Club,Avantdale Bowling Club,2018,Y,N,N,N,N,390,Serato,
2025-01-21,Aspects,STR4TA,Aspects,2021,Y,N,N,N,N,466,Serato,
2025-01-21,Carry It Mongo Man,Kaidi Tatham,An Insight To All Minds,2021,Y,Y,N,N,N,257,Serato - Tidal,Loop outro and mic
2025-01-21,Hummingbird,"Anomalie, Bad Snacks",Hummingbird,2022,Y,Y,N,Y,N,195,Serato - Tidal,
2025-01-21,I Can Only Whisper (feat. BADBADNOTGOOD),"Charlotte Day Wilson, Badbadnotgood",ALPHA,2021,Y,N,N,Y,N,164,Serato - Tidal,
2025-01-21,Mystery,"Turnstile, Badbadnotgood",New Heart Designs,2023,Y,N,N,Y,N,141,Serato - Tidal,Loop intro and mic
2025-01-21,Rose rouge,St Germain,Tourist,2000,Y,N,N,N,N,416,Serato - Tidal,
2025-01-21,Tidal Wave,Ronnie Laws,Pressure Sensitive,1975,Y,Y,N,N,N,252,Serato - Tidal,
2025-01-21,Morning Light (feat. Moka Only),Sargeant X Comrade,Magic Radio,2020,N,N,N,Y,Y,175,Serato - Tidal,
2025-01-21,Love Is feat. Cazeaux O.S.L.O,Prequel,Love Or (I Heard You Like Heartbreak),2021,N,N,N,N,N,333,Serato - Tidal,
2025-01-21,Blowin Wax,People Under The Stairs,Question In The Form Of An Answer,2000,N,N,N,N,N,275,Serato - Tidal,
2025-01-21,Daydreamin,Harrison,"Birds, Bees, The Clouds & The Trees",2023,N,Y,N,Y,N,67,Serato - Tidal,
2025-01-21,Piece of Mind,Idris Muhammad,Power Of Soul,1974,Y,Y,N,N,N,561,Serato - Tidal,
2025-01-21,Summer Madness,"DJ Mitsu The Beats, Takumi Kaneko",Summer Madness,2024,Y,Y,N,N,N,272,Serato - Tidal,
2025-01-21,Just Space for Light,Badge Époque Ensemble,"Future, Past & Present",2021,Y,Y,N,Y,N,381,Serato - Booth,
2025-01-28,LUDE,"The Kount, Kaelin Ellis",Vignette,2022,Y,Y,N,Y,N,47,Serato - Tidal,
2025-01-28,Jazz (We've Got),A Tribe Called Quest,The Low End Theory,1991,N,N,N,N,N,250,Serato - Tidal,
2025-01-28,Jazz Is Dead,"Adrian Younge, Ali Shaheed Muhammad",Jazz Is Dead 001,2020,Y,N,N,N,N,167,Serato - Tidal,
2025-01-28,the ordinary is ordinary because it ordinarily repeats,"Jonah Yano, Badbadnotgood",the ordinary is ordinary because it ordinarily repeat,2023,Y,Y,N,Y,N,378,Serato - Tidal,
2025-01-28,The Message Continues (Mark de Clive-Lowe Remix),Nubya Garcia,SOURCE ? WE MOVE,2021,Y,Y,N,N,N,370,Serato - Tidal,
2025-01-28,TAKE A CHANCE,"DOMi & JD BECK, Anderson .Paak",NOT TiGHT,2022,Y,N,N,N,N,264,Serato - Tidal,
2025-01-28,Tinto Brass,Afternoons In Stereo,Leaves of Brass,2006,Y,Y,N,Y,N,289,Serato,
2025-01-28,Keep On,Alfa Mist,Antiphon,2017,Y,Y,N,N,N,647,Serato - Tidal,
2025-01-28,C'mon Now,Jeff Parker,Suite for Max Brown,2020,Y,N,N,N,N,25,Serato - Tidal,
2025-01-28,Slim's Return,Madlib,Shades Of Blue: Madlib Invades Blue Note,2003,N,N,N,N,N,236,Serato - Tidal,
2025-01-28,Clin D'oeil,Jazz Liberatorz,Clin D'oeil,2008,N,N,N,N,N,424,Serato - Tidal,
2025-01-28,MF BLOOM,"ZIMBA, Dr. MaD",SUPER 8,2023,N,N,N,Y,N,144,Serato - Tidal,
2025-01-28,Luv(sic.) pt3,"Nujabes, Shing02",Modal Soul,2005,Y,N,N,N,N,336,Serato - Tidal,
2025-01-28,Rebirth Of Slick (Cool Like Dat),Digable Planets,Reachin' (A New Refutation Of Time And Space),1993,N,N,N,N,N,261,Serato - Tidal,Beat match and slowly speed up to match next
2025-01-28,Loungin',"Guru, Donald Byrd",Jazzmatazz Volume 1,1993,N,N,N,N,N,279,Serato - Tidal,
2025-01-28,Remembrance,Yussef Kamaal,Black Focus,2016,Y,Y,N,N,N,540,Serato - Tidal,
2025-01-28,Lalo Caught Me Dancin',Llorca,Newcomer,2001,Y,Y,N,N,N,382,Serato - Tidal,
2025-01-28,Bucharest,"David Lavoie, Carson Tworow",Urban Repurpose,2024,Y,Y,N,Y,Y,155,Serato - Tidal,
2025-01-28,Who's on the Playlist (feat. Judi Jackson),Kassa Overall,Go Get Ice Cream and Listen to Jazz,2019,Y,N,N,N,N,230,Serato - Tidal,
2025-02-04,No Need to Wait,"Alfa Mist, Emmavie",Epoch,2020,N,N,N,N,N,259,Serato - Tidal,
2025-02-04,Abrazos,Anzola,Caracas,2020,N,Y,N,Y,N,164,Serato - Tidal,
2025-02-04,Gotta Be There,Atamone,Nitespliffs,2017,N,N,N,Y,N,176,Serato - Tidal,
2025-02-04,We Good at Leather Tht Leather This,"B. Cool-Aid feat. Fousheé, Butcher Brown, Ladybug Mecca & Nita Darling",Leather Blvd.,2023,N,N,N,N,N,540,Serato - Tidal,
2025-02-04,Soviet Zodiak,"Badge Époque Ensemble, Lammping",Clouds of Joy: Chance of Reign,2022,N,N,N,Y,N,133,Serato - Tidal,
2025-02-04,Film '68,Datsunn,Familiar Faces,2019,N,Y,N,Y,N,128,Serato - Tidal,
2025-02-04,"Pacifics (Sdtrk ""N.Y. Is Red Hot"")",Digable Planets,Reachin' (A New Refutation Of Time And Space),1993,N,N,N,N,N,271,Serato - Tidal,Loop intro and mic
2025-02-04,Lil Birdie,DJ Harrison,Lil Birdie,2023,N,N,N,N,N,235,Serato - Tidal,
2025-02-04,Jazzy Tonight,Dominant,Springtime,2020,N,Y,N,Y,N,181,Serato - Tidal,
2025-02-04,Yes We Can (Instrumental),Damu The Fudgemunk,Public Assembly,2014,N,Y,N,N,N,396,Serato - Tidal,
2025-02-04,Katsudon,Karavelo,"The Cookbook, Vol. 1",2019,N,Y,N,Y,N,95,Serato - Tidal,
2025-02-04,Ready To Ball,Kassa Overall,ANIMALS,2023,Y,N,N,N,N,207,Serato - Tidal,
2025-02-04,In All the Wrong Places,Kero One,Windmills of the Soul,2006,N,N,N,N,N,467,Serato - Tidal,Loop intro and mic
2025-02-04,Love and Happiness,Monty Alexander,Rass!,1974,Y,Y,N,N,N,321,Serato - Tidal,
2025-02-04,Feather,"Nujabes, Cise Starr, Akin",Modal Soul,2005,N,N,N,N,N,175,Serato - Tidal,
2025-02-04,Pete's Jazz,Pete Rock,Petestrumentals,2011,N,Y,N,N,N,315,Serato - Tidal,
2025-02-04,Motion Sixness,re.Verse,beat tape 1,2021,N,Y,N,Y,N,115,Serato - Tidal,
2025-02-04,Tell Me,"Slum Village, D'Angelo","Fan-Tas-Tic, Vol. 2",2000,N,N,N,N,N,277,Serato - Tidal,
2025-02-04,Whussup?,"Tarik Robinson, Janessa J",Rotations,2021,N,N,N,Y,Y,208,Serato - Tidal,
2025-02-04,Inner Game,Nubya Garcia,SOURCE,2020,Y,Y,N,N,N,464,Serato - Booth,
2025-02-11,Southwood,Harrison,Southwood,2025,Y,Y,N,Y,N,98,Serato - Tidal,
2025-02-11,Manila Paper,DeKobe,Oceanside,2023,N,Y,N,Y,N,135,Serato - Tidal,
2025-02-11,Breakfast,Gabb.,Entourage,2021,N,Y,N,Y,N,128,Serato - Tidal,
2025-02-11,Avibe,Howiewonder,Avibe,2024,N,Y,N,Y,N,258,Serato - Tidal,
2025-02-11,Feelin' Alright (Instrumental),Nick Wisdom,Intimate Strangers,2017,N,Y,N,Y,N,316,Serato - Tidal,
2025-02-11,Feathers,Puar,Feathers,2024,N,Y,N,Y,N,128,Serato - Tidal,
2025-02-11,Super Fresh,"vbnd, Connor Newton",Daughter of the Sun,2023,N,Y,N,Y,N,132,Serato - Tidal,
2025-02-11,Undercurrents,Atlantis Jazz Ensemble,Oceanic Suite,2016,Y,Y,N,Y,N,431,Serato - Tidal,
2025-02-11,Spider Perched On An Illusion,Badge Époque Ensemble,"Air, Light & Harmony",2023,Y,Y,N,Y,N,206,Serato - Tidal,
2025-02-11,Nightcap,Potatohead People,"Nick & Astro's Instrumentals, Remixes & B-Sides",2019,N,Y,N,Y,N,303,Serato - Tidal,Loop intro and mic
2025-02-11,Be Free part II,Trog'low,Lazy Cuts,2018,N,Y,N,Y,N,117,Serato - Tidal,
2025-02-11,Sorry But Not Sorry,"xander., Blue Wednesday",Sorry But Not Sorry,2021,N,Y,N,Y,N,156,Serato - Tidal,
2025-02-11,The Remedy (feat. Edda Magnason),"Beatchild, The Slakadeliqs",Heavy Rockin' Steady,2018,N,N,N,Y,N,215,Serato - Tidal,
2025-02-11,Rotten Decay,BADBADNOTGOOD,BBNG2,2012,Y,Y,N,Y,N,391,Serato,
2025-02-11,Mutual Beat,chill evans,Chill Evans Beat Tape Vol. 1,2015,N,Y,N,Y,Y,109,Serato,
2025-02-11,Coltranes of the Movement (Instrumental),DK,Soul Expressions: Instrumentals,2020,N,Y,N,Y,N,98,Serato,Loop mid and fade out
2025-02-11,LIFE,kawfee,GRATEFUL,2023,N,Y,N,Y,N,87,Serato,
2025-02-11,Quarantini (Feat. BRAINiac),The Dough Boys,The Dough Boys,2021,N,N,N,Y,N,142,Serato,
2025-02-11,The Great Aerial Ocean,Afternoons In Stereo,Leaves of Brass,2006,Y,Y,N,Y,N,386,Serato,
2025-02-11,SMILE,Justice Der,COVERS 9,2020,Y,Y,N,Y,N,284,Serato,
2025-02-11,time out,kawfee,winter again,2023,N,Y,N,Y,N,120,Serato,
2025-02-11,How Ya Doin'?,Dragon Fli Empire,Banff Avenue,2020,N,N,N,Y,Y,201,Serato,
2025-02-11,?????,Monodrone,Self Titled,2020,N,Y,N,Y,Y,309,Serato,
2025-02-11,Stark's Reality,BADBADNOTGOOD,Sour Soul Instrumentals,2015,Y,Y,N,Y,N,132,Serato,
2025-02-11,Hello Eyes,Eric Chenaux,Delights Of My Life,2024,N,N,N,Y,N,393,Serato - Booth,
2025-02-18,re.verse plays Dilla at It's OK,re.verse,re.verse plays Dilla at It's OK,2025,Y,Y,N,Y,N,1408,Serato,
2025-02-18,"So Far to Go (feat. common, D'Angelo)",J Dilla,The Shining,2006,N,N,N,N,N,336,Serato - Tidal,
2025-02-18,Hud Dreems - Side A,Knxwledge,Hud Dreems,2015,N,Y,N,N,N,714,Vinyl,
2025-02-18,Manha De Carnaval,Dexter Gordon,Gettin' Around,1965,Y,Y,N,N,N,502,Serato - Tidal,
2025-02-18,Flambéed Bananas,David Lavoie Quartet,Juno,2020,Y,Y,N,Y,Y,266,Serato,
2025-02-18,Fried Bananas (Album Version),Dexter Gordon,The Complete Prestige Recordings,2004,Y,Y,N,N,N,366,Serato - Tidal,
2025-02-18,Manifest,Gang Starr,No More Mr. Nice Guy,1989,N,N,N,N,N,296,Serato - Tidal,
2025-02-18,A Night In Tunisia,Dexter Gordon,Our Man In Paris (Rudy Van Gelder Edition),1963,Y,Y,N,N,N,495,Serato - Tidal,
2025-02-18,Fire Sky,John Henderson,John Henderson,2025,Y,Y,N,N,N,502,Serato - Tidal,
2025-02-18,Aquaself,Nightmares On Wax,Smoker's Delight (25th Anniversary Edition),1995,N,N,N,N,N,377,Serato - Booth,
2025-02-25,Street Scene,St Germain,Boulevard (The Complete Series),1995,Y,Y,N,N,N,946,Serato - Tidal,
2025-02-25,Non Stop Action (feat. Al Agami),Ki!,Yong-Gwanglo Part Two,2024,Y,Y,Y,N,N,321,Serato,
2025-02-25,Brother Of Mine,"Nathan Haines, Vanessa Freeman",Notes,2024,N,N,N,N,N,346,Serato - Tidal,
2025-02-25,Bokura no Date,Koji Kobayashi,Tokyo Bliss,2025,Y,N,Y,N,N,188,Serato,
2025-02-25,Lucky (Song 7),Busty and the Bass,I'm Not Here,2025,N,N,N,Y,N,231,Serato - Tidal,Loop intro and mic
2025-02-25,Mid Tide,Patrick Holland,Mid Tide,2024,Y,Y,N,Y,N,172,Serato - Tidal,
2025-02-25,JEANS (fall on my knees),Katie Tupper,JEANS (fall on my knees),2025,N,N,N,Y,N,178,Serato - Tidal,
2025-02-25,I Pass Time Hours Wide,Laizlo,Frog,2018,N,N,N,Y,N,63,Serato - Tidal,
2025-02-25,Esoilisie,John Henderson,John Henderson,2025,Y,Y,N,N,N,369,Serato - Tidal,
2025-02-25,Celebrate Some Time,Zeitgeist Freedom Energy Exchange,Celebrate Some Time,2025,N,N,N,N,N,390,Serato - Tidal,Loop intro and mic
2025-02-25,Loving At First Sight (Vocal Mix),"Fouk, Debórah Bond",Loving At First Sight,2024,N,N,N,N,N,333,Serato - Tidal,
2025-02-25,Up To Speed (feat. Tha God Fahim),"Ol' Burger Beats, Tha God Fahim",74: Out of Time (Reimagined),2025,N,N,N,N,N,80,Serato - Tidal,
2025-02-25,Coppin' The Haven,Makaya McCraven,Deciphering The Message,2021,Y,Y,N,N,N,155,Serato - Tidal,
2025-02-25,Ti?lia,"Bardino, AZAR AZAR",Memória da Pedra Mãe,2024,Y,N,N,N,N,388,Serato - Tidal,
2025-02-25,It’s Okay (feat. Kassa Overall),"Emma-Jean Thackray, Kassa Overall",It’s Okay (feat. Kassa Overall),2025,Y,N,N,N,N,211,Serato - Tidal,Loop intro and mic
2025-02-25,365 P (Tre Posti),"Bluestaeb, Melodiesinfonie, S. Fidelity",365 P,2025,Y,N,N,N,N,252,Serato - Tidal,
2025-02-25,Montes,Montuno West,RAICES,2024,Y,Y,Y,Y,Y,446,Serato - Booth,
2025-03-11,Lakebridge,OkoNski,Entrance Music,2025,Y,Y,N,N,N,268,Serato - Tidal,
2025-03-11,"Those Who Know (feat. Jeff Parker, Damion Reid & Devin Daniels)",Billy Mohler,The Eternal,2025,Y,Y,N,N,N,258,Serato - Tidal,
2025-03-11,Curiosity,Takuya Kuroda,EVERYDAY,2024,Y,Y,Y,N,N,399,Serato,
2025-03-11,Garasumado,Buzz,Tokyo Bliss,2025,Y,N,Y,N,N,155,Serato,
2025-03-11,Interlude - Estatico,Montuno West,RAICES,2024,Y,Y,Y,Y,Y,60,Serato,
2025-03-11,Chill Evening,Atamone,Chill Evening,2024,Y,Y,N,Y,N,125,Serato - Tidal,
2025-03-11,Late Night,J. Rawls,Late Night,2025,Y,Y,N,N,N,136,Serato - Tidal,
2025-03-11,SUMMIT,"SCULLY, Jus'",DJANGO&SCHULTZ,2024,N,N,N,Y,N,107,Serato - Tidal,
2025-03-11,a long walk,Medhane,Steady / A Long Walk,2025,N,N,N,N,N,110,Serato - Tidal,
2025-03-11,Best For Us,Lady Wray,Best For Us,2025,N,N,N,N,N,220,Serato - Tidal,
2025-03-11,Come Alive,Harrison,Come Alive,2025,N,N,N,Y,N,171,Serato - Tidal,Loop intro and mic
2025-03-11,Beat & A Bassline,"Godfather Don, Jazz Spastiks",Beat & A Bassline,2025,N,N,N,N,N,200,Serato - Tidal,
2025-03-11,Ibiza,Butcher Brown,Ibiza,2025,Y,Y,N,N,N,256,Serato - Tidal,
2025-03-11,Hurry Up & Wait,Joe Armon-Jones,Hurry Up & Wait,2025,Y,Y,N,N,N,432,Serato - Tidal,
2025-03-11,Socorro & Jüpiter,Felipe Gordon,Socorro & Jüpiter,2020,Y,Y,N,N,N,415,Serato - Tidal,Loop intro and mic
2025-03-11,Dusty Jazz,Sameed,Testify / Can't U,2017,Y,Y,N,N,N,353,Serato - Tidal,Loop outro and fade out
2025-03-11,Tropicololo,Melodiesinfonie,A Journey to You,2019,Y,Y,N,N,N,332,Serato - Tidal,
2025-03-11,Actually,Dan Kye,Small Moments,2020,Y,N,N,N,N,227,Serato - Tidal,
2025-03-11,Gabriel,"Mr President, Hawa",One Night,2020,Y,N,N,N,N,361,Serato - Tidal,
2025-03-11,Africa Boogie,Manu Dibango,Dibango '82,1982,Y,N,Y,N,N,664,Serato - Booth,
2025-03-18,Vibes4,Potelin,Mood,2025,N,Y,N,Y,N,203,Serato,
2025-03-18,Different Light,"44th Move, Alfa Mist, Richard Spaven",Anthem,2025,Y,Y,N,N,N,85,Serato - Tidal,
2025-03-18,2nd September,"44th Move, Alfa Mist, Richard Spaven",Anthem,2025,Y,Y,N,N,N,351,Serato - Tidal,
2025-03-18,Flight,Howiewonder,Flight,2025,Y,Y,N,Y,N,98,Serato - Tidal,
2025-03-18,Feels Like Yesterday,"HARRISON, Jaleel Shaw",Feels Like Yesterday,2024,Y,Y,N,Y,N,129,Serato - Tidal,
2025-03-18,Lonely,Makaya McCraven,In The Moment (IA11 Edition),2015,Y,Y,N,N,N,727,Serato - Tidal,
2025-03-18,moon rocks,JD. Reid,sometimes i wonder,2025,Y,Y,N,N,N,203,Serato - Tidal,
2025-03-18,Interlude - Conversacion,Montuno West,RAICES,2024,Y,Y,Y,Y,Y,46,Serato,Loop outro and mic
2025-03-18,Timepieces (feat. Billy Woods),Shabaka,Possessions EP,2024,Y,N,Y,N,N,142,Serato,
2025-03-18,Discretion,Apollo Brown,Elevator Music,2025,Y,Y,N,N,N,192,Serato - Tidal,
2025-03-18,Dahlia,OkoNski,Entrance Music,2025,Y,Y,Y,N,N,186,Serato,
2025-03-18,Oncle Jazz,Men I Trust,Oncle Jazz,2019,N,Y,N,Y,N,57,Serato - Tidal,
2025-03-18,Beauty & Essex (Instrumental),Free Nationals,Free Nationals (Instrumentals),2020,Y,Y,N,N,N,308,Serato - Tidal,
2025-03-18,Vertigo,"Hemai, Wallace",Strange Beauty,2021,Y,N,N,N,N,269,Serato - Tidal,
2025-03-18,Bound,Ponderosa Twins Plus One,2+2+1 = Ponderosa Twins Plus One,1971,N,N,N,N,N,191,Serato - Tidal,Loop intro and mic
2025-03-18,Second Wave,Roland Haynes,2nd Wave,1975,Y,Y,N,N,N,366,Serato - Tidal,
2025-03-18,Resting Rate,"Ol' Burger Beats, Awon",74: Out of Time (Reimagined),2025,N,N,N,N,N,183,Serato - Tidal,
2025-03-18,Symphonie Pacifique,Greg Foat,Symphonie Pacifique,2020,Y,Y,N,N,N,294,Serato - Tidal,Loop intro and mic
2025-03-18,Duhrenger,Ebi Soda,Bedroom Tapes,2019,Y,Y,N,N,N,281,Serato - Tidal,
2025-03-18,The Memory,Roy Ayers,Vibrations,1976,Y,N,N,N,N,272,Serato - Tidal,
2025-03-18,Judge Judy,"Tyler, The Creator",CHROMAKOPIA,2024,N,N,N,N,N,269,Serato - Tidal,
2025-03-18,Free As The Sea,Sho Nuff,Body Pressure,1983,N,N,Y,N,N,349,Serato - Booth,
2025-03-25,Paris Roulette (Long Mix),"Spiral Deluxe, Jeff Mills, Gerald Mitchell, Yumiko Ohno, Kenji Hino",The Love Pretender,2025,N,Y,N,N,N,652,Serato - Tidal,
2025-03-25,The Remedy,Karen Nyame KG,The Remedy,2024,N,N,N,N,N,193,Serato - Tidal,
2025-03-25,See so (I Can Hear Your Heart),??? Park Hye Jin,See so (I Can Hear Your Heart),2025,N,N,N,N,N,158,Serato - Tidal,
2025-03-25,Feel Alright,"Bruk Rogers, JSWISS, ONJ",Feel Alright / Murder Sound,2024,N,N,N,N,N,278,Serato - Tidal,
2025-03-25,Butterflies (Live Version),"Reel People, Vanessa Freeman",Butterflies (2021 Remastered Edition),2021,N,N,N,N,N,330,Serato - Tidal,
2025-03-25,Oyster Jam,"dublon, Levi Hayes",Oyster Jam,2024,N,N,N,N,N,157,Serato - Tidal,
2025-03-25,Kodak,El Michels Affair,Kodak,2025,Y,Y,N,N,N,176,Serato - Tidal,Loop intro and mic
2025-03-25,Always Lone (live),Men I Trust,"Forever Live Sessions, Vol. 2",2025,N,N,N,Y,N,301,Serato - Tidal,
2025-03-25,Anthem,"44th Move, Alfa Mist, Richard Spaven",Anthem,2025,Y,Y,N,N,N,363,Serato - Tidal,
2025-03-25,Parc Mercier,"Racasse, Gabb.",Wine Tasting,2025,N,Y,N,Y,N,133,Serato - Tidal,
2025-03-25,October,Okonski,Entrance Music,2025,Y,Y,Y,N,N,219,Serato - Tidal,
2025-03-25,Interlude - Pellejo Duro,Montuno West,RAICES,2024,Y,Y,Y,Y,Y,56,Serato - Tidal,
2025-03-25,Jungle Boogie-in',Ghost-Note,Fortified,2015,Y,Y,N,N,N,120,Serato - Tidal,
2025-03-25,FOMO,Kiefer,Happysad,2018,Y,Y,N,N,N,233,Serato - Tidal,Loop intro and mic
2025-03-25,First Thing First,Makaya McCraven,In The Moment (IA11 Edition),2015,Y,Y,N,N,N,727,Serato - Tidal,
2025-03-25,Cloud Circles,"Lou Piensa, Dr. MaD, the Loop Pilots",And Then...The Sea,2015,Y,Y,N,Y,N,197,Serato - Tidal,
2025-03-25,Cest La Vie,Beatox,Been A Long Time,2024,N,N,N,Y,N,199,Serato,
2025-03-25,Realisations,Ashley Henry,Beautiful Vinyl Hunter,2020,Y,Y,N,N,N,369,Serato,
2025-03-25,The Rain,Johnny Yoshinaga,Tokyo Bliss,2025,Y,N,Y,N,N,347,Serato - Booth,
2025-04-01,Action Line,Dorothy Ashby,Afro-Harping,1968,Y,Y,N,N,N,221,Serato - Tidal,
2025-04-01,Second Wave,"44th Move, Alfa Mist, Richard Spaven",Anthem,2025,Y,Y,N,N,N,310,Serato - Tidal,
2025-04-01,Coolin,Stlndrms,BLESS Vol. 2,2018,N,Y,N,N,N,173,Serato - Tidal,
2025-04-01,Along the Coast,Howiewonder,Along the Coast,2023,N,N,N,Y,N,143,Serato - Tidal,
2025-04-01,Gambit,Blue Wednesday,Gambit,2023,N,Y,N,Y,N,192,Serato - Tidal,Beat match at 82 BPM
2025-04-01,Shampoo and Conditioner,Eno x Dirty,Shampoo and Conditioner,2017,N,N,N,N,N,197,Serato - Tidal,
2025-04-01,Goyo,DeKobe,Outtakes,2020,N,N,N,N,N,163,Serato - Tidal,
2025-04-01,Oh Yeah!,SPARKLE DIVISION,Oh Yeah!,2023,Y,Y,N,N,N,184,Serato - Tidal,
2025-04-01,Satellite Fantastic,Karavelo,Vacations,2018,N,Y,N,Y,N,170,Serato - Tidal,
2025-04-01,Bluntscraps,"Jetson, [bsd.u]",bluntscraps,2019,N,Y,N,Y,N,115,Serato - Tidal,
2025-04-01,Cool Ensemble,Lord Finesse,The SP1200 Project: A Re-Awakening,2015,N,N,N,N,N,180,Serato - Tidal,Loop intro and mic
2025-04-01,Little Brother,Black Star,The Hurricane (Music From And Inspired By The Motion Picture),2000,N,N,N,N,N,241,Serato - Tidal,
2025-04-01,Mellow My Man,The Roots,From The Ground Up,1994,N,N,N,N,N,288,Serato - Tidal,
2025-04-01,U Already Know,"Kiefer, Braxton Cook",U Already Know,2022,Y,Y,N,N,N,252,Serato - Tidal,
2025-04-01,Just Stay Right There,Makaya McCraven,In The Moment (IA11 Edition),2015,Y,Y,N,N,N,162,Serato - Tidal,
2025-04-01,Esperar Pra Ver,Evinha,"Beach Diggin’, Vol. 1",2013,Y,N,N,N,N,128,Serato - Tidal,Loop intro and mic
2025-04-01,Gimme Some More of That,Plus,Funky Chicken: Belgian Grooves From The 70's,2014,Y,N,N,N,N,269,Serato - Tidal,
2025-04-01,Every Way But Loose,"Oneness of Juju, Plunky",Make a Change,2021,Y,Y,N,N,N,401,Serato - Tidal,
2025-04-01,Unwind,"Butcher Brown, Melanie Charles",Letters From The Atlantic,2025,Y,N,N,N,N,238,Serato - Tidal,Loop intro and mic
2025-04-01,Heads Talking (Outro),Busty and the Bass,The Mannequin,2025,Y,Y,N,Y,N,124,Serato - Tidal,
2025-04-01,Higher,KOKOROKO,Get the Message,2024,Y,Y,Y,N,N,233,Serato - Tidal,
2025-04-01,La cité engloutie,Cinephonic,Refuge,2025,Y,Y,N,Y,N,308,Serato - Tidal,
2025-04-01,Spring,Kassian,Channels,2025,Y,Y,N,N,N,200,Serato - Tidal,
2025-04-01,Summer Storm,OkoNski,Entrance Music,2025,Y,Y,Y,N,N,246,Serato - Booth,
2025-04-08,dreams of 2MOrrow,Laizlo,2MOrrow,2020,N,Y,N,Y,N,90,Serato - Tidal,
2025-04-08,Spirit,Melodiesinfonie,Fragments,2020,N,N,N,N,N,188,Serato - Tidal,
2025-04-08,Suite for Ogbuefi - II,Sly5thAve,Sly5thAve Presents: Akuma,2014,Y,Y,N,N,N,406,Serato - Tidal,
2025-04-08,Suite for Ogbefi - III,Sly5thAve,Sly5thAve Presents: Akuma,2014,Y,Y,N,N,N,127,Serato - Tidal,
2025-04-08,Hip Know Cypher,Visioneers,Marc Mac presents Visioneers - Dirty Old Hip Hop,2006,N,N,N,N,N,240,Serato - Tidal,
2025-04-08,Yams,"Jackie McLean, Herbie Hancock",Vertigo,1963,Y,Y,N,N,N,480,Serato - Tidal,
2025-04-08,Blunotte,"Koralle, FloFilz",Insomnia,2023,N,Y,N,N,N,142,Serato - Tidal,
2025-04-08,DOOM,"Cap Kendricks, Dj Access",DOOM,2021,N,Y,N,N,N,136,Serato - Tidal,
2025-04-08,Pensando,Kawfee,Mabuhay,2019,N,Y,N,Y,N,92,Serato - Tidal,
2025-04-08,We've Only Just Begun,Grant Green,Visions,1971,Y,Y,N,N,N,310,Serato - Tidal,
2025-04-08,Soule,Okvsho,A place between us,2024,Y,Y,N,N,N,191,Serato - Tidal,
2025-04-08,Spring in Basel,Devra,Devra,2023,Y,Y,N,N,N,325,Serato - Tidal,
2025-04-08,Real World,drkmnd,Days Bleed,2019,Y,Y,N,N,N,158,Serato - Tidal,
2025-04-08,Mellow,mvnitou,Curtains,2022,N,Y,N,N,N,154,Serato - Tidal,
2025-04-08,Dumb!,Jazz Spastiks,The Product,2014,N,N,N,N,N,177,Serato - Tidal,
2025-04-08,Impediment,Joomanji,Manj,2013,Y,Y,N,N,N,147,Serato - Tidal,
2025-04-08,Keep Moving,Tom Misch,Beat Tape 1,2014,N,Y,N,N,N,230,Serato - Tidal,
2025-04-08,Higher,"DHANYA, Bluestaeb, Ray Goren",Higher,2022,N,Y,N,N,N,161,Serato - Tidal,
2025-04-08,Soothsayer (feat. Theo Croker),STR4TA,STR4TASFEAR,2022,Y,Y,N,N,N,172,Serato - Tidal,
2025-04-08,Ebb and Flow,Horatio Luna,Doof Stick Super Powers,2024,Y,Y,N,N,N,626,Serato - Tidal,
2025-04-08,Baby Doll,Roy Ayers,Baby Doll,2003,N,N,N,N,N,338,Serato - Tidal,
2025-04-08,Fecundity,The JuJu Exchange,JazzRx,2022,Y,Y,N,N,N,158,Serato - Tidal,
2025-04-08,Monster Monster,Sho Nuff,Body Pressure,1983,N,N,Y,N,N,389,Serato - Booth,
2025-04-15,Backline,Butcher Brown,Letters From the Atlantic,2025,Y,Y,N,N,N,189,Serato - Tidal,
2025-04-15,CLOSE YOUR EYES,"Da Flyy Hooligan, Wun Two",LO&B,2025,N,N,N,N,N,219,Serato - Tidal,
2025-04-15,NIGHTS LIKE THIS,Planet Giza,"The Sky Is Recording Me: 100 Years Later, Vol. 2",2024,N,N,Y,Y,N,127,Serato,
2025-04-15,Iron Chamber feat. Ogun,Jayden Arbuckle & Lopez Milano,Iron Darts 5,2025,N,N,Y,Y,Y,181,Serato,
2025-04-15,"Nuthin' but a ""G"" Thang","Sly5thave, Brad Allen Williams",The Invisible Man: An Orchestral Tribute to Dr. Dre,2017,Y,Y,N,N,N,199,Serato - Tidal,
2025-04-15,Billy,Howiewonder,Billy,2025,N,Y,N,Y,N,147,Serato - Tidal,
2025-04-15,Soar When I'm Alone,Amy Gadiaga,All Black Everything,2024,Y,N,N,N,N,296,Serato - Tidal,
2025-04-15,Straight From The Gutter,"Godfather Don, Jazz Spastiks",Writer's Delight,2025,N,N,N,N,N,225,Serato - Tidal,
2025-04-15,Blazing a 55,Funky DL,Magic In the Rain,2024,N,Y,N,N,N,192,Serato - Tidal,
2025-04-15,Make Your Mind Up (Rock On Mix),Souls of Mischief,93 'Til Infinity (The Remixes),2015,N,N,N,N,N,307,Serato - Tidal,Loop intro and mic
2025-04-15,Penny,Okonski,Entrance Music,2025,Y,Y,Y,N,N,177,Serato,
2025-04-15,Find a Way (Bossa Edit),Metropolitan Jazz Affair,Find a Way,2007,Y,Y,N,N,N,352,Serato - Tidal,
2025-04-15,Fantasy,"Miles Davis, Easy Mo Bee",Doo-Bop,1992,Y,N,N,N,N,278,Serato - Tidal,
2025-04-15,Pawnshop,Yoni Mayraz,Dybbuk Tse!,2023,Y,Y,N,N,N,284,Serato - Tidal,
2025-04-15,Hitman,Puar,Hitman,2025,N,Y,N,Y,N,118,Serato - Tidal,Loop outro and mic over everything
2025-04-15,Kabaluere,Antônio Carlos & Jocafi,Mudei de Ideia,1971,Y,N,N,N,N,141,Serato - Tidal,
2025-04-15,The Shadow Do,"Selah, Edith Hill, The Children",Symposium,1972,Y,Y,N,N,N,333,Serato - Tidal,
2025-04-15,In the Air,Henkel,In the Air,2022,Y,Y,N,Y,N,166,Serato - Tidal,
2025-04-15,Dream Gypsy,"Bill Evans, Jim Hall",Undercurrent,1963,Y,Y,N,N,N,274,Serato - Tidal,
2025-04-15,Promised Me Love,"Hidden Spheres, Allysha Joy, Finn Rees, Joy Spheres Rees",Promised Me Love,2025,N,N,N,N,N,268,Serato - Tidal,Loop intro and mic
2025-04-15,Dat's Cool,DJ unknown face,Conversions -  A K&D Selection,1996,Y,Y,N,N,N,371,Serato - Tidal,
2025-04-15,Petrichor,ARTEMIS,ARBORESQUE,2025,Y,Y,Y,Y,N,339,Serato - Booth,
2025-04-22,Ad Libitum,Potelin,Ad Libitum,2025,Y,Y,N,Y,N,234,Serato,
2025-04-22,Fade In,Keiko Toda,Tokyo Bliss,2025,Y,N,Y,N,N,256,Serato,
2025-04-22,Distrust the Magician,Unessential Oils,Unessential Oils,2024,Y,N,N,N,N,337,Serato - Tidal,
2025-04-22,Sommerset,"Zoot Sims, Bucky Pizzarelli, Buddy Rich",Somebody Loves Me,1974,Y,Y,N,N,N,253,Serato - Tidal,
2025-04-22,Libra,Johnny Lytle,People & Love,1972,Y,Y,N,N,N,544,Serato - Tidal,
2025-04-22,Awake,Gotts Street Park,Volume Two,2020,Y,Y,N,N,N,93,Serato - Tidal,
2025-04-22,Don't Be Afraid,Koralle,Insomnia,2023,Y,Y,N,N,N,150,Serato - Tidal,Loop outro and mic over all
2025-04-22,Morning Matters,Yazmin Lacey,Morning Matters,2020,N,N,N,N,N,246,Serato - Tidal,
2025-04-22,Limit To Your Love,BADBADNOTGOOD,BBNG2,2012,Y,Y,N,Y,N,270,Serato,
2025-04-22,"Baby, What's Your Name ?",Grand Puba,Reel to Reel,1992,N,N,N,N,N,175,Serato - Tidal,
2025-04-22,What's Going On (Live),Donny Hathaway,Live,1972,N,N,N,N,N,317,Serato - Tidal,
2025-04-22,High John,MF DOOM,"Metal Fingers Presents: Special Herbs, Vol. 7 and 8",2004,N,Y,N,N,N,271,Serato - Tidal,Bed music - loop outro
2025-04-22,Modaji Suite,Darkhouse Family,The Offering,2017,Y,Y,N,N,N,237,Serato - Tidal,
2025-04-22,You Gotta Wait Your Turn (feat. Steffen Westmark),Ki!,Yong-Gwanglo Part Two,2024,N,N,Y,N,N,245,Serato,
2025-04-22,"Come Home (feat. Abstract Rude, T3 & Kapok)",Potatohead People,Eat Your Heart Out,2024,N,N,N,Y,N,256,Serato,
2025-04-22,Refuge,Cinephonic,Refuge,2025,Y,Y,N,Y,N,244,Serato - Tidal,
2025-04-22,Original Thoughts,Katie Tupper,Original Thoughts,2025,N,N,N,Y,N,167,Serato - Tidal,
2025-04-22,Cia,Karriem Riggins,Headnod Suite,2017,N,Y,N,N,N,193,Serato - Tidal,Bed music - loop outro
2025-04-22,Lotus 72 D (Fast),Zé Roberto,"Mr Bongo Record Club, Vol. 4 (Compiled by Mr Bongo)",2020,Y,N,N,N,N,180,Serato - Tidal,
2025-04-22,Andaraí,Azymuth,Andaraí,2025,Y,Y,N,N,N,393,Serato - Tidal,
2025-04-22,Love Notes,Kelela,In The Blue Light ,2025,Y,N,Y,N,N,497,Serato - Booth,
2025-04-29,31. Bleep (01),corto.alto,31. Bleep (01),2025,Y,Y,N,N,N,296,Serato - Tidal,
2025-04-29,Dayum,Potelin,Mood,2025,Y,Y,N,Y,N,493,Serato,
2025-04-29,Reflect,"Howiewonder, Erwin Do",Reflect,2025,N,Y,N,Y,N,173,Serato - Tidal,
2025-04-29,Smoothin,"Gabb., LOCK, ahao",Smoothin,2025,N,Y,N,Y,N,116,Serato - Tidal,
2025-04-29,Until The Morning,"August Charles, Blue Lab Beats",Until The Morning,2025,Y,N,N,N,N,195,Serato - Tidal,
2025-04-29,Virginio,Gianni Brezzo,Sprechiamo!,2025,Y,Y,N,N,N,223,Serato - Tidal,
2025-04-29,Pigeon Park '25,Trog'low,Pigeon Park '25,2025,Y,Y,N,Y,N,234,Serato - Tidal,
2025-04-29,Tomorrow,"[bsd.u], Bob Le Head",Yesterday,2024,N,Y,N,Y,N,94,Serato - Tidal,
2025-04-29,Treasure,Hypnotic Brass Ensemble,"Hypnotic Joints, Vol. II",2024,Y,Y,N,N,N,244,Serato - Tidal,Mic over all
2025-04-29,I Want You,Avila Brothers,The Mood: Soundsational,2005,N,N,N,N,N,291,Serato - Tidal,
2025-04-29,Free,Little Simz,Free,2025,N,N,N,N,N,215,Serato - Tidal,
2025-04-29,"Coyote, You're My Star",Dana and Alden,"Coyote, You're My Star",2024,N,N,N,N,N,125,Serato - Tidal,
2025-04-29,Hot Commodity,David Lavoie & Carson Tworow,Teardown,2024,Y,Y,N,Y,Y,166,Serato,
2025-04-29,Thank You For the Day,Emma-Jean Thackray,Weirdo,2025,Y,N,N,N,N,269,Serato - Tidal,
2025-04-29,Obeah Woman ((DJ Logic Remix)),Nina Simone,Remixed & Reimagined,2006,N,N,N,N,N,297,Serato - Tidal,Loop intro and mic
2025-04-29,No Need (Edit),"Oscar Jerome, Ben Hauke",No Need,2025,Y,N,N,N,N,206,Serato - Tidal,
2025-04-29,Fonda,Rudolph Johnson,Time And Space,1976,Y,Y,N,N,N,445,Serato - Tidal,
2025-04-29,Run Tell That,"The Lewis Express, Chip Wickham",Run Tell That,2025,Y,Y,N,N,N,337,Serato - Tidal,
2025-04-29,Waka Juju,Manu Dibango,Dibango 82,1982,Y,N,Y,N,N,897,Serato - Booth,
2025-05-13,Found A Light (Beale Street),"Badbadnotgood, V.C.R",Found A Light (Beale Street),2025,Y,N,N,Y,N,436,Serato - Tidal,
2025-05-13,Grow Up,"Gabb., ahao",Grow Up,2025,N,Y,N,Y,N,91,Serato - Tidal,
2025-05-13,Meditation Ribbon Dance ft Ylenia Tilli,Sheldon Agwu,Kintsugi,2025,Y,N,Y,N,N,265,Serato,
2025-05-13,Transmutator,"FloFilz, Leif Maine, Jackson Mathod",Transmutator,2025,N,N,N,N,N,203,Serato - Tidal,
2025-05-13,"If Not Now, When?",Elaquent,"If Not Now, When?",2025,N,Y,N,Y,N,126,Serato - Tidal,
2025-05-13,bennie,"Howiewonder, Dani Desh",bennie,2025,N,Y,N,Y,N,181,Serato - Tidal,
2025-05-13,Um Lugar Legal,Hyldon & Adrian Younge ,Hyldon JID023,2025,Y,N,Y,N,N,161,Serato,
2025-05-13,Hot Club,"Awon, J Brom, Skippy Black",Learn To Love EP,2025,N,N,N,N,N,181,Serato - Tidal,
2025-05-13,nights without u (i cry so hard),WTCHDCTR,NTTLD,2016,N,N,N,Y,Y,200,Serato,Loop intro and mic
2025-05-13,Kumomi,Nujabes,Metaphorical Music,2011,N,Y,N,N,N,234,Serato - Tidal,
2025-05-13,Music makes the world go round (feat. Declaime),Jazz Liberatorz,Fruit of the Past,2008,N,N,N,N,N,280,Serato - Tidal,
2025-05-13,EOH (Live in Tokyo),Kamaal Williams,Solo Piano (Live in Tokyo),2025,Y,Y,N,N,N,294,Serato - Tidal,
2025-05-13,Suppy for Demand Intro (Instrumental),Damu The Fudgemunk,Public Assembly,2014,N,Y,N,N,N,130,Serato - Tidal,Mic over loop
2025-05-13,Degi - Degi,"Kahil El'Zabar, Ethnic Heritage Ensemble, Dwight Trible, David Ornette Cherry",Spirit Gatherer: Tribute to Don Cherry,2023,Y,Y,N,N,N,487,Serato - Tidal,
2025-05-13,Fat Mama,Herbie Hancock,Fat Albert Rotunda,1970,Y,Y,N,N,N,229,Serato - Tidal,
2025-05-13,Good Pizza,BENTLEY,Lazybones,2022,Y,Y,N,N,N,253,Serato - Tidal,
2025-05-13,Love Sunshine (Instrumental),Funky DL,For the Love of Jazz and Thursdays (Instrumentals),2016,N,Y,N,N,N,291,Serato - Tidal,Mic over loop
2025-05-13,we still wanna dance,"Theo Croker, D'leau",we still wanna dance,2025,Y,Y,N,N,N,457,Serato - Tidal,
2025-05-13,Vapeurs,Cinephonic,Refuge,2025,Y,Y,N,Y,N,144,Serato - Tidal,
2025-05-13,Jour d'avril,Marco Polo,La releve,2025,N,N,N,Y,N,169,Serato - Tidal,
2025-05-13,Wind Or Vertigo,Okonski,Entrance Music,2025,Y,Y,Y,N,N,216,Serato,
2025-05-13,Hung Up On My Baby,Takuya Kuroda,EVERYDAY,2024,Y,Y,Y,N,N,387,Serato - Booth,
2025-05-20,Nutte N Honey (Original Mix),Jacques Renault,Don't Need To Know,2016,N,N,N,N,N,432,Serato,
2025-05-20,Straight From The Heart (Joey Negro Straight To The Groove Mix),Loose Change,Z Records Presents Ibiza 2016,2016,N,N,N,N,N,352,Serato,
2025-05-20,Strandbar (Disko),Todd Terje,Strandbar,2015,N,Y,N,N,N,472,Serato,
2025-05-20,Special (HNNY Edit),Chesus,HNNY Edits,2015,N,N,N,N,N,346,Serato,
2025-05-20,Just One (Original Mix),Body Music,Just One EP,2017,N,N,N,N,N,362,Serato,Loop mid and mic
2025-05-20,Love for Days Feat. Karen Harding (Extended Mix),"Boris Dlugosch, Purple Disco Machine",Love for Days (feat. Karen Harding) [Extended Mix],2017,N,N,N,N,N,268,Serato,
2025-05-20,I Want Your Love (Dimitri From Paris remix) (DJ Dynamite edit),Chic ,Dimitri From Paris Presents Le CHIC Remix,2018,N,N,N,N,N,236,Serato,
2025-05-20,A History (feat. Julian Mitchell),"Nicky Night Time, Dangerous Dan, Rhonda INTL.",A History (feat. Julian Mitchell),2019,N,N,N,N,N,237,Serato - Tidal,
2025-05-20,Higher Love (Original Mix),Jay Vegas,Higher Love,2024,N,N,N,N,N,394,Serato - Tidal,Loop outro and mic
2025-05-20,Zack's Fanfare,MFSB,Love Is The Message,1974,N,Y,N,N,N,26,Serato,
2025-05-20,Sweet Dynamite (Todd Terje Edit),Claudja Barry,Horse Meat Disco III Unmixed,2011,N,N,N,Y,N,372,Serato,
2025-05-20,That Friday Pay (Part 1),"Sonny Jenkins, The New York Potpourri Strings",The Soul Of Disco Volume 3 (Compiled by Joey Negro),2011,N,N,N,N,N,371,Serato,
2025-05-20,Lady Bug (I Just Wanna Be Your),Bumblebee Unlimited,DJ Kicks - Annie,1978,N,N,N,N,N,308,Serato,
2025-05-20,Disco Illusion (Original Mix),Stephen Encinas,Disco Illusion,2014,N,N,N,N,N,404,Serato,
2025-05-20,"Bad Girls (12"" Version)",Donna Summer,Bad Girls,1979,N,N,N,N,N,295,Serato,
2025-05-20,Heaven Must Be Missing An Angel,Tavares,Heaven Must Be Missing An Angel,1976,N,N,N,N,N,394,Serato,
2025-05-27,The World Is A Ghetto,Ahmad Jamal,Ahmad Jamal '73,1973,Y,Y,N,N,N,585,Serato,
2025-05-27,Favela de Rio de Janeiro,Hyldon & Adrian Younge ,Hyldon JID023,2025,Y,N,Y,N,N,207,Serato,
2025-05-27,Vista,Okonski,Entrance Music,2025,Y,Y,Y,N,N,220,Serato,
2025-05-27,Some Love,Potelin,Artifice,2025,Y,Y,N,Y,N,308,Serato,
2025-05-27,whatsthat,"Howiewonder, Dani Desh",Countdown,2025,N,N,N,Y,N,196,Serato - Tidal,
2025-05-27,Outta Reach,Kawfee,Memento,2019,N,N,N,Y,N,89,Serato - Tidal,
2025-05-27,Red Moon,Tom Misch,Red Moon,2025,N,N,N,N,N,212,Serato - Tidal,Loop outro and mic
2025-05-27,trails,re.verse,trails,2025,Y,Y,N,Y,N,220,Serato - Tidal,
2025-05-27,Ya Know How It Goes,Grand Puba,Reel to Reel,1991,N,N,N,N,N,261,Serato - Tidal,
2025-05-27,LAUNDRY,R.A.P. Ferreira,Purple Moonlight Pages,2020,N,N,N,N,N,163,Serato - Tidal,
2025-05-27,Mr. Gutterman (Reprise),Greg Osby,3-D Lifestyles,1993,Y,N,N,N,N,246,Serato - Tidal,
2025-05-27,Betray My Heart,"D'Angelo, The Vanguard",Black Messiah,2014,N,N,N,N,N,355,Serato - Tidal,
2025-05-27,No Worries,Robert Glasper Trio,Double Booked,2009,Y,Y,N,N,N,426,Serato - Tidal,
2025-05-27,Yutaka Hirasaka - Sun Shower,Various Artists,FUTURES Vol. 7,2021,Y,Y,N,Y,Y,131,Serato,Loop outro and mic over all
2025-05-27,Homo Sapiens,"L'éclair, The Mauskovic Dance Band",Homo Sapiens / Take the Money (Octopus Version),2019,Y,N,N,N,N,293,Serato - Tidal,
2025-05-27,Second Chances,Henkel,In the Air,2022,Y,Y,N,Y,N,146,Serato - Tidal,
2025-05-27,In the Evenings (Hidden Spheres Remix),Loure,Westside Movements,2017,N,Y,N,N,N,344,Serato - Tidal,
2025-05-27,Moisturizer,O'Donel Levy,Windows,1976,N,N,N,N,N,386,Serato - Tidal,
2025-05-27,Iron Giraffe,Takuya Kuroda,EVERYDAY,2024,Y,Y,Y,N,N,386,Serato - Booth,
2025-06-03,Dirtmouth,"High Pulp, James Brandon Lewis",Days In The Desert,2023,Y,Y,N,N,N,282,Serato - Tidal,
2025-06-03,Built in a Day (feat. Fox & Sparkz),The Mouse Outfit,Escape Music,2013,N,N,N,N,N,162,Serato - Tidal,
2025-06-03,Whatcha See Is Whatcha Get,The Dramatics,Whatcha See Is Whatcha Get [Stax Remasters],1972,N,N,N,N,N,240,Serato - Tidal,
2025-06-03,Never Can Say Goodbye,Pretty Purdie and the Playboys,Stand by Me (Whatcha See is Whatcha Get),1971,Y,Y,N,N,N,185,Serato - Tidal,
2025-06-03,Chance,Racasse,Wine Tasting,2025,N,Y,N,Y,N,141,Serato - Tidal,
2025-06-03,IWantYou2HaveThis,Moka Only,IWantYou2HaveThis,2025,N,N,N,Y,N,122,Serato - Tidal,
2025-06-03,Doape,Howiewonder,doape,2025,Y,Y,N,Y,N,117,Serato - Tidal,
2025-06-03,Transformer,"Leif Maine, Jackson Mathod",Transformer,2024,N,Y,N,N,N,189,Serato - Tidal,
2025-06-03,I Am Here,"Idepen, Gabb., ØNEMOR3",I Am Here,2025,N,Y,N,Y,N,181,Serato - Tidal,
2025-06-03,Love Here Now,The Dirty Sample,Love Always Wins If You Let It,2025,N,N,Y,Y,Y,117,Serato,
2025-06-03,Wes,Felipe Gordon,A Landscape Onomatopeya,2021,N,Y,N,N,N,146,Serato - Tidal,Loop outro and mic
2025-06-03,Where Did the Night Go,"Gil Scott-Heron, Makaya McCraven",We're New Again - A Reimagining by Makaya McCraven,2020,Y,N,N,N,N,157,Serato - Tidal,
2025-06-03,finewine,"Howiewonder, Dani Desh",Countdown,2025,N,N,N,Y,N,196,Serato - Tidal,
2025-06-03,Coffee (Better Wake Up),Jazz Spastiks,Scratch & Sniff,2017,N,N,N,N,N,156,Serato - Tidal,
2025-06-03,Jazz and Coffee,Kid Abstrakt,Jazz and Coffee,2017,N,N,N,N,N,225,Serato - Tidal,
2025-06-03,Nereci,"Djavan, Marizinha",2 Em 1,2003,Y,N,N,N,N,198,Serato - Tidal,
2025-06-03,Chasing Places,Metropolitan Jazz Affair,Mja,2003,N,N,N,N,N,302,Serato - Tidal,Loop outro and mic
2025-06-03,the get up,re.verse,float,2025,Y,Y,N,Y,N,353,Serato - Tidal,
2025-06-03,UMI Says,Mos Def,Black On Both Sides,1999,N,N,N,N,N,305,Serato - Tidal,
2025-06-03,Rosa Mae,Mary Lou Williams,Zoning,1974,Y,Y,N,N,N,280,Serato - Tidal,
2025-06-03,Samba De Flora,Airto,Samba De Flora,2010,Y,N,N,N,N,376,Serato - Tidal,
2025-06-03,Kimo,Joe McDuphrey Experience,Madlib Medicine Show #7: High Jazz,2010,Y,N,N,N,N,186,Serato - Tidal,
2025-06-03,Step Into Light,Admin,"Mr Bongo Record Club, Vol. 5",2022,Y,Y,N,N,N,279,Serato - Tidal,
2025-06-03,One Way Traffic (feat. Yazmin Lacey),Joe Armon-Jones,One Way Traffic (feat. Yazmin Lacey),2025,Y,N,N,N,N,421,Serato - Tidal,
2025-06-10,Levels,Bentley,Lazybones,2022,Y,Y,N,N,N,118,Serato - Tidal,
2025-06-10,Red Clay,Freddie Hubbard,Red Clay,1970,Y,Y,N,N,N,731,Serato - Tidal,
2025-06-10,Peace (feat. Yungmorpheus),Ol' Burger Beats,74: Out of Time,2024,N,N,N,N,N,186,Serato - Tidal,
2025-06-10,What a Day,Melodiesinfonie,Fragments,2020,N,N,N,N,N,196,Serato - Tidal,
2025-06-10,smoke signals,re.verse,float,2025,Y,Y,N,Y,N,234,Serato - Tidal,
2025-06-10,Spinnin These Blocks,"Nascent, BJ The Chicago Kid, Maxo Kream, Paul Wall",DON'T GROW UP TOO SOON,2024,N,N,N,N,N,233,Serato - Tidal,
2025-06-10,Brewin',"Erwin Do, Howiewonder",Brewin',2025,N,Y,N,Y,N,111,Serato - Tidal,Loop outro and mic
2025-06-10,"soundgood feat. Liv.e, Jimetta Rose & V.C.R",B. Cool-Aid,Leather Blvd.,2023,N,N,N,N,N,163,Serato - Tidal,
2025-06-10,Lakers in 7,Elaquent,"If Not Now, When?",2025,N,Y,N,Y,N,185,Serato - Tidal,
2025-06-10,Back in the day,Marco Polo,La relève,2025,N,N,N,Y,N,158,Serato - Tidal,
2025-06-10,The Feeling,Summers Sons,The Feeling,2018,N,N,N,N,N,179,Serato - Tidal,
2025-06-10,Butterfly Inside My House,Kiefer,Kickinit Alone,2017,Y,Y,N,N,N,194,Serato - Tidal,
2025-06-10,Nightbird,"Potatohead People, Slippery Elm, Kendra Dias",Emerald Tablet,2025,N,N,N,Y,N,228,Serato - Tidal,
2025-06-10,A Love That's Worth Having,Willie Hutch,Soul Portrait,1969,N,N,N,N,N,171,Serato - Tidal,Loop intro and mic
2025-06-10,Gengis,Chico Hamilton,The Master,1973,N,N,N,N,N,250,Serato - Tidal,
2025-06-10,Averses in wonderland,"Misc, Jérôme Beaulieu, William Côté, Jérémi Roy",Beat Bouquet,2025,Y,Y,N,Y,N,193,Serato - Tidal,
2025-06-10,More (Instrumental),Flying Lotus,Flamagra (Deluxe Edition),2020,N,Y,N,N,N,257,Serato - Tidal,
2025-06-10,Check It Out,"Pete Rock, C.L. Smooth",The Main Ingredient,1994,N,N,N,N,N,237,Serato - Tidal,Loop outro and mic
2025-06-10,Decay,"Alfa Mist, Amika Quartet",Recurring (Live At King's Place),2024,Y,Y,N,N,N,320,Serato - Tidal,
2025-06-10,When Will They Learn (feat. Carmen Lundy) (Remix),Kassa Overall,Go Get Ice Cream and Listen to Jazz,2019,Y,N,N,N,N,251,Serato - Tidal,
2025-06-10,A Private Cosmos,Greg Foat,The Rituals of Infinity,2024,Y,Y,N,N,N,452,Serato - Tidal,
2025-06-17,9 Months,Alfa Mist,Avoid The Drones & 9 Months,2025,Y,N,N,N,N,214,Serato - Tidal,
2025-06-17,"The Ocean (She's a Winner, Baby)",vnbd,Scum Funk,2021,N,N,N,Y,N,255,Serato - Tidal,
2025-06-17,Avenue B,Venna,VENOLOGY,2021,N,Y,N,N,N,243,Serato - Tidal,
2025-06-17,Hero Of Your Own Story,Elaquent,"If Not Now, When?",2025,N,N,N,Y,N,179,Serato - Tidal,
2025-06-17,Safe!,Vienna,Milestones,2020,N,N,N,Y,N,147,Serato - Tidal,
2025-06-17,Anchi Bale Game,Admas,Late Night Tales: BADBADNOTGOOD,2017,Y,N,N,N,N,315,Serato - Tidal,
2025-06-17,Falika,TWO-BIT,Smoke N' Mirrorz,2022,N,N,N,Y,N,192,Serato - Tidal,
2025-06-17,Swept Away,The Roots,Do You Want More?!!!??!,1995,N,N,N,N,N,227,Serato - Tidal,
2025-06-17,Only,Little Simz,Lotus,2025,N,N,N,N,N,216,Serato - Tidal,Loop intro and mic
2025-06-17,Hopscotch,Charlie Rouse,Strata-East: The Legacy Begins,2025,N,N,N,N,N,442,Serato - Tidal,
2025-06-17,Acknowledgement is Key,Joe Armon-Jones,All The Quiet (Part II),2025,Y,Y,N,N,N,426,Serato - Tidal,
2025-06-17,Summertime,Kahil El'Zabar,A Time for Healing,2021,Y,Y,N,N,N,267,Serato - Tidal,
2025-06-17,A Go Go,John Scofield,A Go Go,1998,Y,Y,N,N,N,396,Serato - Tidal,Loop intro and mic
2025-06-17,Gabo's Last Resort,The South Hill Experiment,MOONSHOTS,2023,Y,N,N,N,N,229,Serato - Tidal,
2025-06-17,Coconut Jam,Tom Jarmey,"1000 Thanks, Vol. 2",2018,Y,Y,N,N,N,308,Serato - Tidal,
2025-06-17,Ghostown!,"Yoni Mayraz, Tenderlonious",Ghostown!,2025,Y,Y,N,N,N,267,Serato - Tidal,
2025-06-17,Future (Knox Fortune Remix),Resavoir,Future (Knox Fortune Remix),2024,Y,N,N,N,N,263,Serato - Tidal,Loop middle and mic
2025-06-17,Passing Through,Okonski,Entrance Music,2025,Y,Y,Y,N,N,249,Serato - Tidal,
2025-06-17,again,re.verse,float,2025,Y,Y,N,Y,N,473,Serato - Tidal,
2025-07-01,New Amsterdam,Elaquent,"If Not Now, When?",2025,N,Y,N,Y,N,179,Serato - Tidal,
2025-07-01,Finances,Makaya McCraven,In The Moment (IA11 Edition),2015,Y,Y,N,N,N,367,Serato - Tidal,
2025-07-01,east nashville,R.A.P. Ferreira,the Light Emitting Diamond Cutter Scriptures,2021,N,N,N,N,N,132,Serato - Tidal,
2025-07-01,3 Hours Ago,Apollo Brown,Elevator Music,2025,N,Y,N,N,N,180,Serato - Tidal,
2025-07-01,Giochi Di Luce,"Koralle, Francesco Giampaoli",Bassona,2024,N,Y,N,N,N,115,Serato - Tidal,
2025-07-01,GOOD DAY (feat. Ego Ella May & D'LEAU),Theo Croker,BY THE WAY,2023,N,N,N,N,N,244,Serato - Tidal,
2025-07-01,different,"Howiewonder, Dani Desh",Countdown,2025,N,Y,N,Y,N,156,Serato - Tidal,
2025-07-01,Mrs C,Loyle Carner,Yesterday's Gone,2017,N,N,N,N,N,202,Serato - Tidal,
2025-07-01,Another Day,Madwreck,EMUXII,2022,N,Y,N,N,N,127,Serato - Tidal,
2025-07-01,Sweet Tooth,Makaya McCraven,In The Moment (IA11 Edition),2015,Y,Y,N,N,N,217,Serato - Tidal,
2025-07-01,Punk Funk,McNeal & Niles,Thrust,1979,Y,Y,N,N,N,334,Serato - Tidal,
2025-07-01,Melody,DJ Mitsu The Beats,CELEBRATION OF JAY 3,2023,N,Y,N,N,N,160,Serato - Tidal,
2025-07-01,The E.N.D.,The Pharcyde,Labcabincalifornia,1995,N,N,N,N,N,280,Serato - Tidal,
2025-07-01,I Hear A Rhapsody,"Bill Evans, Jim Hall",Undercurrent,1963,Y,Y,N,N,N,280,Serato - Tidal,
2025-07-01,La cité engloutie,Cinephonic,Refuge,2025,Y,Y,Y,Y,N,308,Serato - Tidal,
2025-07-01,Piña Colada,"Blue Lab Beats, Nubya Garcia, Richie Seivwright",Xover,2018,Y,Y,N,N,N,239,Serato - Tidal,
2025-07-01,River (feat. Wakefield Brewster) (Wakefield Mix),Sargeant X Comrade,"Power, Vol. 1",2025,N,N,N,Y,Y,238,Serato - Tidal,
2025-07-01,Alone (Tall Black Guy's Limit Being Alone Remix),J. Rawls,Alone (Tall Black Guy's Limit Being Alone Remix),2024,N,N,N,N,N,215,Serato - Tidal,
2025-07-01,Cleaning My Spot (Interlude),Larry June,Doing It For Me,2024,N,N,N,N,N,171,Serato - Tidal,
2025-07-01,SEGUES OR SEGWAYS?,SPECTACULAR DIAGNOSTICS,Appetites,2024,N,Y,N,N,N,120,Serato - Tidal,
2025-07-01,fajas,Sparklmami,fajas,2024,N,N,N,N,N,184,Serato - Tidal,
2025-07-01,deluge,re.Verse,float,2025,Y,Y,N,Y,N,318,Serato - Tidal,
2025-07-01,Dawn Lit Metropolis,Ill Considered,Band Selects,2020,Y,Y,N,N,N,269,Serato - Tidal,
2025-07-01,The Citadel,Joe Armon-Jones,All The Quiet (Part I),2025,Y,Y,N,N,N,451,Serato - Tidal,
2025-07-08,In All My Wildest Dreams,Joe Sample,Rainbow Seeker,1978,Y,Y,N,N,N,248,Serato - Tidal,
2025-07-08,WeMaj,"Terrace Martin, Kenyon Dixon, Rapsody",Come As You Are,2025,Y,N,N,N,N,141,Serato - Tidal,
2025-07-08,Prime Audio,"Shing02, Uyama Hiroto",Prime Audio,2025,Y,N,N,N,N,243,Serato - Tidal,
2025-07-08,You,The Dirty Sample,Love Always Wins If You Let It,2025,N,N,Y,Y,Y,145,Serato,
2025-07-08,Fall In Love (Alternate Take),OMA,J DILLA Live Instrumentals (Live at barouche 2025),2025,Y,Y,N,N,N,192,Serato - Tidal,
2025-07-08,Atélier,"FloFilz, Matt Wilde, Toshiki Soejima",Atélier,2025,Y,Y,N,N,N,181,Serato - Tidal,
2025-07-08,incense,re.verse,float,2025,Y,Y,N,Y,N,389,Serato - Tidal,
2025-07-08,Mariposa,The Jazzual Suspects,Curvlinear,2023,Y,Y,N,N,N,190,Serato - Tidal,
2025-07-08,On The Rhodes Again,Ivana Santilli,Brown,1999,Y,Y,N,Y,N,26,Serato - Tidal,
2025-07-08,Salute,"Daniel Villarreal, Jeff Parker, Anna Butterss",Lados B,2023,Y,Y,N,N,N,204,Serato - Tidal,
2025-07-08,Black Ninjas (feat. Ninja Star),Sargeant X Comrade,"Power, Vol. 1",2025,N,N,N,Y,Y,124,Serato - Tidal,
2025-07-08,Mistério da raça,Luiz Melodia,Nós,1980,Y,N,N,N,N,187,Serato - Tidal,
2025-07-08,Refuge,Cinephonic,Refuge,2025,Y,Y,Y,Y,N,244,Serato - Tidal,
2025-07-08,PSR Orchestra,Joe Armon-Jones,All The Quiet (Part II),2025,Y,Y,N,N,N,226,Serato - Tidal,
2025-07-08,My Man (with J Sw!ft),The Pharcyde,My Man (with J Sw!ft),2025,N,N,N,N,N,175,Serato - Tidal,
2025-07-08,Fire,"Joe Henderson, Alice Coltrane",The Elements,1973,Y,Y,N,N,N,667,Serato - Tidal,
2025-07-08,I'm New Here,"Gil Scott-Heron, Makaya McCraven",We're New Again - A Reimagining by Makaya McCraven,2020,Y,N,N,N,N,253,Serato - Tidal,
2025-07-08,Cloaks,Kinkajous,Being Waves,2021,Y,Y,N,N,N,426,Serato - Tidal,
2025-07-08,Dusk,Okonski,Entrance Music,2025,Y,Y,N,N,N,191,Serato - Tidal,
2025-07-08,Sometimes I Cry,Les McCann,Layers,1974,Y,Y,N,N,N,322,Serato - Tidal,
2025-07-08,Film,GODTET,III,2020,Y,Y,N,N,N,215,Serato - Tidal,
2025-07-08,I'll Stay,"The RH Factor, D'Angelo",Hard Groove,2003,Y,N,N,N,N,470,Serato - Tidal,
2025-07-15,Iron (Live in Tokyo),Kamaal Williams,Solo Piano (Live In Tokyo),2025,Y,N,N,N,N,308,Serato - Tidal,
2025-07-15,Open Mind,Robert Glasper,Double Booked,2009,Y,N,N,N,N,514,Serato - Tidal,
2025-07-15,64 joints,"Theo Croker, Tyreek McDole",Dream Manifest,2025,Y,N,N,N,N,381,Serato - Tidal,
2025-07-15,If Ever I Fall (Part 2) (The Heavy Handed Mix),Ivana Santilli,Brown,1999,Y,N,N,Y,N,422,Serato - Tidal,
2025-07-15,Vapeurs,Cinephonic,Refuge,2025,Y,Y,Y,Y,N,144,Serato - Tidal,
2025-07-15,The Encore,Makaya McCraven,In The Moment (IA11 Edition),2015,Y,Y,N,N,N,337,Serato - Tidal,
2025-07-15,Forgiveness,Joe Armon-Jones,All The Quiet (Part I),2025,Y,Y,N,N,N,428,Serato - Tidal,
2025-07-15,Places and Spaces,Donald Byrd,Places And Spaces,1975,Y,N,N,N,N,379,Serato - Tidal,
2025-07-15,ten thirty,re.verse,float,2025,Y,Y,N,Y,N,334,Serato - Tidal,
2025-07-15,The Ticking Clock,Greg Foat,The Rituals of Infinity,2024,Y,Y,N,N,N,401,Serato - Tidal,
2025-07-15,Think Twice (Instrumental),J Dilla,Welcome 2 Detroit Instrumental,2005,N,Y,N,N,N,216,Serato - Tidal,
2025-07-15,Homerun 2021,Jonah Yano,Homerun 2021,2025,Y,N,N,Y,N,201,Serato - Tidal,
2025-07-15,All Seeds,Don Glori,Don't Forget to Have Fun,2024,Y,Y,N,N,N,372,Serato - Tidal,
2025-07-15,African Rumble,Timo Lassy,The Soul & Jazz of Timo Lassy,2007,Y,Y,N,N,N,360,Serato - Tidal,
2025-07-15,This is New,John Henderson,John Henderson,2025,Y,Y,N,N,N,340,Serato - Tidal,
2025-07-15,Today,Visioneers,DEF RADIO,2024,N,Y,N,N,N,259,Serato - Tidal,
2025-07-22,float,re.verse,float,2025,Y,Y,N,Y,N,282,Serato - Tidal,
2025-07-22,C.R.E.A.M. (Live Instrumental) (Cover),OMA,Bread 'n' Butter,2024,Y,Y,N,N,N,176,Serato - Tidal,
2025-07-22,All Time,"Alfa Mist, Tawiah",All Time,2025,Y,N,N,N,N,228,Serato - Tidal,
2025-07-22,Chandeliers,"Potatohead People, Slippery Elm",Emerald Tablet,2025,N,N,N,Y,N,229,Serato - Tidal,
2025-07-22,Little Ghetto Boy,Charles Kynard,Woga,1972,Y,Y,Y,N,N,186,Serato,
2025-07-22,The Positive and the Negative (Mr Bongo Edit),Minoru Muraoka,The Positive and the Negative,2022,Y,Y,N,N,N,301,Serato - Tidal,
2025-07-22,North Philly's Finest,The Heavyweights Brass Band,Knockout,2025,Y,Y,Y,Y,N,168,Serato,
2025-07-22,Lovely Day,"Beatchild, Jay Prince",Lovely Day,2025,N,N,N,Y,N,205,Serato - Tidal,
2025-07-22,Part I,I Am An Instrument,"IAAI, Vol. 1",2019,Y,Y,N,N,N,773,Serato - Tidal,
2025-07-22,Part II,I Am An Instrument,"IAAI, Vol. 1",2019,Y,Y,N,N,N,80,Serato - Tidal,
2025-07-22,Part III,I Am An Instrument,"IAAI, Vol. 1",2019,Y,Y,N,N,N,120,Serato - Tidal,
2025-07-22,Part IV,I Am An Instrument,"IAAI, Vol. 1",2019,Y,Y,N,N,N,379,Serato - Tidal,
2025-07-22,Coin de rue,Cinephonic,Refuge,2025,Y,Y,Y,Y,N,107,Serato,
2025-07-22,Things Are Going To Be All Right,Koralle,Insomnia,2023,N,Y,N,N,N,160,Serato - Tidal,
2025-07-22,Power,Sargeant X Comrade,"Power, Vol. 1",2025,N,N,N,Y,Y,191,Serato - Tidal,
2025-07-22,Step In,Loure,Westside Movements,2017,N,Y,N,N,N,349,Serato - Tidal,
2025-07-22,A Madrugada,Franky Selector,Odeon,2025,Y,Y,N,Y,N,229,Serato - Tidal,
2025-07-22,As the Sun,John Beltran,Back To Bahia,2020,N,Y,N,N,N,312,Serato - Tidal,
2025-07-22,Rent Free,Cody Currie,Fade To Black EP,2025,N,N,N,N,N,241,Serato - Tidal,BPM down to 126
2025-07-22,Jenipapo Robot,Hyldon & Adrian Younge ,Hyldon JID023,2025,Y,N,Y,N,N,177,Serato,
2025-07-22,Dollar (feat. J Dilla),Steve Spacek,Spaceshift,2005,N,N,N,N,N,216,Serato - Tidal,
2025-07-22,REBIRTH OF SLICK (COOL LIKE DAT),Kassa Overall,REBIRTH OF SLICK (COOL LIKE DAT),2025,Y,Y,N,N,N,185,Serato - Tidal,
2025-08-05,Valle De Rodalquilar,Bluestaeb,Rodalquilar,2015,Y,Y,N,N,N,129,Serato - Tidal,
2025-08-05,Ahhh,"Resavoir, Matt Gold",Horizon,2025,Y,Y,N,N,N,112,Serato - Tidal,
2025-08-05,Mister Man,Sargeant X Comrade,"Power, Vol. 1",2025,N,N,N,Y,Y,244,Serato - Tidal,
2025-08-05,Sade Like A Tattoo (Skep's Jungle Edit),Skep,Sade Like A Tattoo (Skep's Jungle Edit),2023,N,N,N,N,N,420,Serato - Tidal,
2025-08-05,Sun + Moon = Tomorrow,Ivana Santilli,Brown,1999,N,N,N,Y,N,361,Serato - Tidal,
2025-08-05,Airplane Mode,"Emapea, Kid Abstrakt",Airplane Mode,2020,N,N,N,N,N,208,Serato - Tidal,
2025-08-05,TRUE,"Potatohead People, Slippery Elm",Emerald Tablet,2025,N,N,Y,Y,N,297,Serato - Tidal,
2025-08-05,Leave Me Behind (Instrumental),Funky DL,For the Love of Jazz and Thursdays (Instrumentals),2016,N,Y,N,N,N,216,Serato - Tidal,
2025-08-05,Dillalude #2,Robert Glasper Experiment,Black Radio Recovered: The Remix EP,2012,Y,N,N,N,N,550,Serato - Tidal,
2025-08-05,reach,re.verse,float,2025,Y,Y,N,Y,N,242,Serato - Tidal,
2025-08-05,It's Your World,"Brian Jackson, Masters At Work, Raheem DeVaughn, J. Ivy",The Revolution Will Not Be Televised,2025,Y,N,N,N,N,683,Serato - Tidal,
2025-08-05,In My Defence,Alfa Mist,DJ-Kicks: Quantic,2025,Y,N,N,N,N,259,Serato - Tidal,
2025-08-05,The Semi Modular Bird of Jazz (Feat. Paula Pera),Felipe Gordon,The Semi Modular Bird Of Jazz,2025,Y,N,N,N,N,288,Serato - Tidal,
2025-08-05,Day by Day (Close Counters Remix),"Mark de Clive-Lowe, Cherie Mathieson",Day By Day (Close Counters Remix),2025,Y,N,N,N,N,381,Serato - Tidal,
2025-08-05,The Jazz Republic,Mike Huckaby,The Jazz Republic,2009,Y,N,N,N,N,422,Serato - Tidal,"Match BPM, loop intro and fade in"
2025-08-05,Slop Jar,Charles Kynard,Woga,1972,Y,Y,Y,N,N,558,Serato,
2025-08-12,Someone to Love You,Sault,Acts of Faith,2025,N,N,N,N,N,181,Serato - Tidal,
2025-08-12,The Fast Flowing River,Work Money Death,People of the Fast Flowing River,2024,Y,Y,N,N,N,529,Serato - Tidal,
2025-08-12,Relax Your Mind,Secret Night Gang,Relax Your Mind,2025,Y,N,N,N,N,368,Serato - Tidal,
2025-08-12,Just Can't Wait,Kokoroko,Tuff Times Never Last,2025,Y,Y,N,N,N,382,Serato - Tidal,
2025-08-12,Kick It With You (Papers),Sargeant X Comrade,"Power, Vol. 1",2025,N,N,N,Y,Y,243,Serato - Tidal,
2025-08-12,The Chocolate Conquistadors,"Badbadnotgood, MF DOOM",The Chocolate Conquistadors,2020,Y,N,N,N,N,420,Serato - Tidal,Loop intro and mic
2025-08-12,Eyes On Me,Badbadnotgood,Mid Spiral,2024,Y,Y,N,Y,N,282,Serato - Tidal,
2025-08-12,Speaking Gently,BADBADNOTGOOD,IV,2016,Y,Y,N,Y,N,247,Serato - Tidal,
2025-08-12,Take Me With You,Badbadnotgood,Mid Spiral,2024,Y,Y,N,Y,N,198,Serato - Tidal,Loop intro and mic
2025-08-12,Weird & Wonderful,Badbadnotgood,Mid Spiral,2024,Y,Y,N,Y,N,286,Serato - Tidal,
2025-08-12,Confessions,Badbadnotgood,III,2014,Y,Y,N,Y,N,301,Serato - Tidal,
2025-08-12,Sétima Regra,Badbadnotgood,Mid Spiral,2024,Y,Y,N,Y,N,331,Serato - Tidal,Loop intro and mic
2025-08-12,Last Laugh,Badbadnotgood,Mid Spiral,2024,Y,Y,N,N,N,188,Serato - Tidal,
2025-08-12,Everybody Loves The Sunshine,Roy Ayers,Everybody Loves The Sunshine,1976,N,N,N,N,N,240,Serato - Tidal,
2025-08-12,Time Moves Slow (feat. Sam Herring),BADBADNOTGOOD,IV,2016,Y,N,N,Y,N,273,Serato - Tidal,Loop intro and mic
2025-08-12,Lavender (feat. Kaytranada),BADBADNOTGOOD,IV,2016,Y,Y,N,Y,N,200,Serato - Tidal,Loop outro and mic
2025-08-12,DOOM,BADBADNOTGOOD,DOOM,2011,Y,Y,N,Y,N,523,Serato - Tidal,
2025-08-26,Free Hit,44th Move,Anthem,2025,Y,N,N,N,N,290,Serato - Tidal,
2025-08-26,Insomnia,"FloFilz, Nao Yoshioka",Insomnia,2025,Y,Y,N,N,N,179,Serato - Tidal,
2025-08-26,Potelin Soul Orchestra,Potelin,Silk,2025,N,Y,N,Y,N,277,Serato,
2025-08-26,Fast Lane,"[bsd.u], Bob Le Head",Yesterday,2024,N,Y,N,Y,N,86,Serato - Tidal,
2025-08-26,Lost Souls,Chip Wickham,The Eternal Now,2025,Y,Y,N,N,N,282,Serato - Tidal,
2025-08-26,Skin to Skin,"vbnd, Katie Tupper, The Soulmate Collective",Scum Funk,2021,Y,N,N,Y,N,231,Serato - Tidal,
2025-08-26,"Feelings, mutual",Ljones,Soul Below,2012,N,Y,N,Y,N,214,Serato,
2025-08-26,Conant Gardens,"Slum Village, Abstract Orchestra","Fantastic 2020, Vol. 1",2019,N,N,N,N,N,177,Serato - Tidal,
2025-08-26,Choo Choo,Makaya McCraven,The People's Mixtape,2025,Y,Y,N,N,N,235,Serato - Tidal,
2025-08-26,Technology,Makaya McCraven,Techno Logic,2025,Y,Y,N,N,N,228,Serato - Tidal,
2025-08-26,Away,Makaya McCraven,Hidden Out!,2025,Y,Y,N,N,N,199,Serato - Tidal,
2025-08-26,Imafan,Makaya McCraven,PopUp Shop,2025,Y,Y,N,N,N,414,Serato - Tidal,Loop outro and fade out
2025-08-26,Lujon,Badge Époque Ensemble,"Air, Light & Harmony",2023,Y,Y,N,Y,N,160,Serato - Tidal,Loop intro and mic
2025-08-26,Portal,Orbital Ensemble,Orbital,2025,Y,Y,N,Y,N,200,Serato - Tidal,
2025-08-26,Verdadeiro Sentimento,"Carlos Dafé, Adrian Younge",Verdadeiro Sentimento,2025,Y,Y,N,N,N,211,Serato - Tidal,
2025-08-26,Plain Sailing,Gold Panda,Plain Sailing,2025,N,Y,N,N,N,245,Serato - Tidal,
2025-08-26,FEELING TAKES OVER ME,"Close Counters, Lyric Jones",LOVERS DANCE ACADEMY,2025,N,N,N,N,N,265,Serato - Tidal,Loop outro and fade out
2025-08-26,Teeth,The Circling Sun,Orbits,2025,Y,N,N,N,N,442,Serato - Tidal,
2025-08-26,Earth 1,Unknown Mortal Orchestra,IC-02 Bogotá,2025,Y,Y,N,N,N,671,Serato - Tidal,
2025-08-26,Ballumbrosio (feat. Miguel Ballumbrosio),Sofia Kourtesis,Volver EP,2025,Y,N,Y,N,N,343,Serato - Booth,
2025-09-02,Wrapped in the Weight - A COLORS SHOW,Theo Croker,Wrapped in the Weight - A COLORS SHOW,2025,Y,Y,N,N,N,259,Serato - Tidal,
2025-09-02,Quando Sol Chegar,Samantha Schmütz & Adrian Younge,Samantha Schmütz & Adrian Young,2025,Y,N,Y,N,N,322,Serato,
2025-09-02,In My Room,Justice Der,Favorites 4,2020,Y,Y,N,Y,N,299,Serato - Tidal,
2025-09-02,JUKE JOINT,"Nate Smith, Jermaine Holmes, Charlie Hunter, DJ Harrison",JUKE JOINT,2025,Y,N,N,N,N,199,Serato - Tidal,
2025-09-02,Mantranada,Kawfee,Big chillin’,2019,N,N,N,Y,N,72,Serato - Tidal,
2025-09-02,Daybreak,"Katalyst, Adrian Younge, Ali Shaheed Muhammad",Katalyst JID013,2022,Y,Y,N,N,N,356,Serato - Tidal,
2025-09-02,Runaway,"Blue Wednesday, Magnus Klausen",Runaway,2021,N,Y,N,Y,N,134,Serato - Tidal,
2025-09-02,Mágica,"El Michels Affair, Rogê",Mágica,2025,Y,N,N,N,N,155,Serato - Tidal,
2025-09-02,Montara,Naman Cale,Silhouette,2020,Y,Y,N,Y,N,491,Serato - Tidal,"Loop intro and mic, fade out the end"
2025-09-02,Coffee Cold,Galt MacDermot,Shapes of Rhythm/Woman Is Sweeter,2001,Y,Y,N,N,N,205,Serato - Tidal,
2025-09-02,Never Lost,Kokoroko,Tuff Times Never Last,2025,Y,Y,Y,N,N,264,Serato,
2025-09-02,RINGS,Otis McDonald,RINGS,2024,Y,Y,N,N,N,169,Serato - Tidal,
2025-09-02,Cheney Lane,Nostalgia 77,The Garden,2005,Y,Y,N,N,N,280,Serato - Tidal,
2025-09-02,C.R.E.A.M. (CASH RULES EVERYTHING AROUND ME),Kassa Overall,C.R.E.A.M. (CASH RULES EVERYTHING AROUND ME),2025,Y,Y,N,N,N,330,Serato - Tidal,
2025-09-02,Smiling Faces Sometimes,Charles Kynard,Woga,1972,Y,Y,Y,N,N,178,Serato,
2025-09-02,River (feat. Wakefield Brewster) (Mo Gravy Mix),Sargeant X Comrade,"Power, Vol. 1",2025,N,N,N,Y,Y,229,Serato - Tidal,
2025-09-02,a l'exterieur,_BY.ALEXANDER,000 CHANNEL BLACK,2020,Y,Y,N,N,N,188,Serato - Tidal,
2025-09-02,Constellation,The Circling Sun,Orbits,2025,Y,Y,N,N,N,451,Serato - Tidal,
2025-09-02,Vertigo,"Hemai, Wallace",Strange Beauty,2021,N,N,N,N,N,269,Serato - Tidal,
2025-09-02,Today (Interlude),Ashley Henry,Who We Are,2024,Y,N,N,N,N,178,Serato - Tidal,
2025-09-02,Pinky Ring,Dave Guy,Ruby,2024,Y,Y,N,N,N,196,Serato - Tidal,
2025-09-02,Talk To You (Lil' Darlin'),"Talib Kweli, Bilal",Quality,2002,N,N,N,N,N,300,Serato - Tidal,
2025-09-09,Another Happy Customer,Step'In Out,Another Happy Customer,1982,Y,N,N,N,N,271,Serato - Tidal,
2025-09-09,AO Longo Do Rio,Melodiesinfonie,A Journey to You,2019,Y,Y,N,N,N,274,Serato - Tidal,
2025-09-09,Shallow Breaths,Apollo Brown,Elevator Music,2025,N,Y,N,N,N,192,Serato - Tidal,
2025-09-09,24 Hr Sports Theme No. 1,El Michels Affair,24 Hr Sports,2025,N,N,N,N,N,27,Serato - Tidal,
2025-09-09,Say Goodbye,El Michels Affair,24 Hr Sports,2025,N,N,N,N,N,202,Serato - Tidal,
2025-09-09,AMIRA KITCHEN,Westside Gunn,HEELS HAVE EYES 2,2025,N,N,N,N,N,356,Serato - Tidal,
2025-09-09,Bitsu-Bitsu,DeKobe,Appreciation,2016,N,Y,N,Y,N,220,Serato - Tidal,
2025-09-09,Verses From the Abstract,A Tribe Called Quest,The Low End Theory,1991,N,N,N,N,N,238,Serato - Tidal,
2025-09-09,Feel Like Making Love,Ana Mazzotti,Ninguém Vai Me Segurar,1974,N,N,N,N,N,234,Serato - Tidal,
2025-09-09,Coffee and A Cigarette,Karavelo,The Cookbook Vol. 1,2019,N,Y,N,Y,N,45,Serato - Tidal,
2025-09-09,?????????,Trog'low,??????????????,2022,N,Y,N,Y,N,164,Serato - Tidal,
2025-09-09,Summer Boy,Ljones,Summer Bumps Vol 01,2018,N,Y,N,Y,N,136,Serato - Tidal,Fade out
2025-09-09,Over / Reprise,Kokoroko,Tuff Times Never Last,2025,Y,Y,Y,N,N,405,Serato - Tidal,
2025-09-09,Yves Klein Blue,Sweatson Klank,Yves Klein Blue,2021,N,Y,N,N,N,174,Serato - Tidal,
2025-09-09,Coquimbo,Tarik Robinson,Unión Latinoamericana (Beat Tape),2019,N,Y,N,Y,Y,239,Serato - Tidal,
2025-09-09,Impeach the President,The Honey Drippers,Impeach the President,1973,N,N,N,N,N,238,Serato - Tidal,
2025-09-09,Cidade Vazia,Milton Banana Trio,Balançando Com Milton Banana Trio,1966,Y,Y,N,N,N,169,Serato - Tidal,
2025-09-09,Acquamarina,Erobique,No. 2,2023,N,N,N,N,N,256,Serato - Tidal,
2025-09-09,Rude Movements (Moodymann Remix),SunPalace,Rude Movements (Moodymann Remix / Kenny Dope Dancefloor Powder Remix),2020,Y,Y,N,N,N,220,Serato - Tidal,
2025-09-09,Makes You Fly,Dumbo Gets Mad,Makes You Fly,2019,Y,Y,N,N,N,368,Serato - Tidal,
2025-09-09,Aesop Thought,Tenderlonious,Hard Rain,2019,Y,Y,N,N,N,232,Serato - Tidal,
2025-09-09,Behave !,"Ouri, Charlotte Day Wilson",Behave !,2025,N,N,N,Y,N,163,Serato - Tidal,
2025-09-09,Turning Onto You (HNNY Remix),First Aid Kit,Turning Onto You (HNNY Remix),2023,N,N,N,N,N,210,Serato - Tidal,
2025-09-09,Dersen Cafe,Alfa Mist,Dersen Cafe & Give Nothing,2025,Y,Y,N,N,N,124,Serato - Tidal,
2025-09-09,Be Thankful for What You Got,LOVE,Reel to Real,1974,N,N,N,N,N,273,Serato - Tidal,
2025-09-09,jingle,monk,1931-12-21,2021,N,Y,N,Y,N,66,Serato,
2025-09-16,Galaxy,"Sampology, Charlie Hill",Galaxy,2023,Y,Y,N,N,N,548,Serato - Tidal,
2025-09-16,Just Can’t Wait ,Kokoroko,Tuff Times Never Last,2025,Y,Y,Y,N,N,382,Serato - Tidal,
2025-09-16,Shout,Charles Kynard,Woga,1972,Y,Y,Y,N,N,385,Serato,
2025-09-16,Feitic?o,Samantha Schmütz & Adrian Younge,Samantha Schmütz & Adrian Younge,2025,Y,N,Y,N,N,194,Serato,
2025-09-16,Taxis jaunes,Cinephonic,Refuge,2025,Y,Y,Y,Y,N,212,Serato,
2025-09-16,The Method,Karavelo,Puddle Kush,2021,N,N,N,Y,N,35,Serato - Tidal,
2025-09-16,BACK THAT AZZ UP,Kassa Overall,CREAM,2025,Y,Y,N,N,N,361,Serato - Tidal,
2025-09-16,New York New York,DJ Cam Quartet,Rebirth of Cool,2012,Y,Y,N,N,N,258,Serato - Tidal,
2025-09-16,Eastside,El Michels Affair,24 Hr Sports,2025,Y,N,N,N,N,189,Serato - Tidal,
2025-09-16,ANYTHING,kawfee,ALL.I.DO,2024,N,N,N,Y,N,59,Serato,
2025-09-16,Love On the Line (Original Mix),"Ed Longo, The Applied Arts Ensemble",The Other Fantasy,2019,N,N,N,N,N,381,Serato - Tidal,
2025-09-16,Groove On,"Borrowed Identity, Mechanical Soul Brother",Caps and Chords EP,2015,N,N,N,N,N,455,Serato - Tidal,
2025-09-16,Miracles,"Potatohead People, Slippery Elm",Emerald Tablet,2025,N,N,Y,Y,N,264,Serato,
2025-09-16,Awake To You,R+R=NOW,Collagically Speaking,2018,Y,N,N,N,N,494,Serato - Tidal,
2025-09-16,Flyin' Away,Mo' Horizons,Come Touch The Sun,1999,Y,N,N,N,N,521,Serato - Tidal,
2025-09-16,Do You Dig U? (feat. Gary Thomas & Kirk Rosenwinkel),"Q-Tip, Gary Thomas, Kirk Rosenwinkel",Kamaal The Abstract,2009,N,N,N,N,N,438,Serato - Tidal,
2025-09-16,Coltrane,Tutankhamun,Tutankhamun,2022,Y,Y,N,N,N,252,Serato - Tidal,
2025-09-23,Daydreamer,Blue Wednesday,The Bigger Picture,2023,N,N,N,Y,N,120,Serato - Tidal,
2025-09-23,Watcha,Howiewonder,Watcha,2025,N,N,N,Y,N,109,Serato - Tidal,
2025-09-23,Saudade,Trog'low,Saudade,2020,N,N,N,Y,N,141,Serato - Tidal,
2025-09-23,TIMES,ZIMBA,222,2022,N,N,N,Y,N,127,Serato - Tidal,
2025-09-23,All Of Me,Katie Tupper,Where To Find Me,2023,N,N,N,Y,N,145,Serato - Tidal,
2025-09-23,Meadows,"[bsd.u], Bob Le Head",Yesterday,2024,N,N,N,Y,N,101,Serato - Tidal,
2025-09-23,Awake,"Howiewonder, Mugensoul",Beat Street,2024,N,N,N,Y,N,98,Serato - Tidal,
2025-09-23,Pleinelune,Atamone,Autumn in Montreal,2017,N,N,N,Y,N,68,Serato - Tidal,
2025-09-23,thanks,blackmagic.,after the Future,2023,N,N,N,Y,N,120,Serato - Tidal,
2025-09-23,Baby Please,Kawfee,Eden,2016,N,N,N,Y,N,57,Serato - Tidal,
2025-09-23,Team Warp,"Misc, Jérôme Beaulieu, William Côté, Jérémi Roy",Beat Bouquet,2025,N,N,N,Y,N,170,Serato - Tidal,
2025-09-23,Jimmyrigged,Puar,Moontape 15,2022,N,N,N,Y,N,114,Serato - Tidal,
2025-09-23,Virer nos vies,Rau_Ze,Virer nos vies,2024,N,N,N,Y,N,290,Serato - Tidal,
2025-09-23,Night Drive,DeKobe,Interlude,2018,N,N,N,Y,N,225,Serato - Tidal,
2025-09-23,Ambon,DeKobe,Left Behind,2017,N,N,N,Y,N,152,Serato - Tidal,
2025-09-23,The Voodoo You Do,Lou Piensa,Beats and Shapes,2019,N,N,N,Y,N,91,Serato - Tidal,
2025-09-23,Pre Moon Shooter,Moka Only,Arbutus Canyon,2024,N,N,N,Y,N,27,Serato - Tidal,
2025-09-23,Stupid,"vbnd, The Soulmate Collective",Scum Funk,2021,N,N,N,Y,N,186,Serato - Tidal,
2025-09-23,Jazz in the Rain,"Potatohead People, Slippery Elm",Emerald Tablet,2025,N,N,Y,Y,N,209,Serato - Tidal,
2025-09-23,Michelada,Carsten Rubeling,Volk // People,2019,Y,Y,N,Y,Y,293,Serato - Tidal,
2025-09-23,More,Dr. MaD,Shaplau,2018,N,N,N,Y,N,89,Serato - Tidal,
2025-09-23,Watercolors,Karavelo,Ghost Lover,2018,N,N,N,Y,N,90,Serato - Tidal,
2025-09-23,Skateboarding,Vienna,Thanks for (Nothing) Everything,2021,N,N,N,Y,N,60,Serato - Tidal,
2025-09-23,Pulse,Nick Wisdom,Big Shiny House,2013,N,N,N,Y,N,122,Serato - Tidal,
2025-09-23,SAUCED,"The Kount, Kaelin Ellis",Vignette,2022,N,N,N,Y,N,55,Serato - Tidal,
2025-09-23,Victrola Vibes,Haf N' Haf,Jive Talk,2020,N,N,N,Y,N,183,Serato - Tidal,
2025-09-23,Elemental,Blackbird Belle,Love The Bomb,2022,N,N,N,Y,N,136,Serato - Tidal,
2025-09-23,Days Go By,Men I Trust,Oncle Jazz,2019,N,N,N,Y,N,197,Serato - Tidal,
2025-09-23,Filthy,Potelin,2023,2023,N,N,N,Y,N,290,Serato - Tidal,
2025-09-23,LastPartridge! (feat. naiyo),SCULLY,THEMUMMERS,2023,N,N,N,Y,N,70,Serato - Tidal,
2025-09-23,trynna jam over,tkdwn.,soul restoration,2017,N,N,N,Y,N,157,Serato - Tidal,
2025-09-23,Harana,Elaquent,Long Drives To Nowhere,2022,N,N,N,Y,N,190,Serato - Tidal,
2025-09-23,Overtime,"Dijahsb, Chris Castello",Overtime,2021,N,N,N,Y,N,209,Serato - Tidal,
2025-09-23,Dancing Elephants,Rochelle Jordan,Play With The Changes,2021,N,N,N,Y,N,318,Serato - Tidal,
2025-09-23,Mare?,Orbital Ensemble,Orbital,2025,Y,Y,N,Y,N,177,Serato - Tidal,
2025-09-23,Keep On Going,Kutcorners,Keep On Going,2023,N,N,N,Y,N,245,Serato - Tidal,
2025-10-07,People Make The World Go 'Round,Johnny Lytle,People & Love,1972,Y,Y,N,N,N,720,Serato - Tidal,
2025-10-07,Happy 'Cause I'm Goin' Home,Charles Earland,Intensity,1972,Y,Y,N,N,N,675,Serato - Tidal,
2025-10-07,Kickin' Back,Azar Lawrence,People Moving,1976,Y,Y,N,N,N,404,Serato - Tidal,
2025-10-07,A Street in Bombay,Amancio D'Silva,Konkan Dance,1974,Y,Y,N,N,N,666,Serato - Tidal,
2025-10-07,Chicago to Texas,Irreversible Entanglements,Irreversible Entanglements,2017,Y,N,N,N,N,651,Serato - Tidal,
2025-10-07,Freedom Jazz Dance,Eddie Harris,The In Sound,1965,Y,Y,N,N,N,588,Serato - Tidal,
2025-10-07,Maiden Voyage,Maulawi,Orotunds,2014,Y,Y,N,N,N,583,Serato - Tidal,
2025-10-07,Fly Free,Nubya Garcia,Nubya's 5ive,2017,Y,Y,N,N,N,582,Serato - Tidal,
2025-10-07,Gibraltar,Stanley Turrentine,Sugar,1970,Y,Y,N,N,N,576,Serato - Tidal,
2025-10-21,Up To Speed (feat. Tha God Fahim),Ol' Burger Beats,74: Out of Time (Reimagined),2025,N,N,N,N,N,80,Serato,
2025-10-21,WeMaj,"Terrace Martin, Kenyon Dixon, Rapsody",Come As You Are,2025,Y,N,N,N,N,141,Serato,
2025-10-21,9 Months,Alfa Mist,Avoid The Drones & 9 Months,2025,Y,N,N,N,N,214,Serato,
2025-10-21,Best For Us,Lady Wray,Best For Us,2025,N,N,N,N,N,220,Serato,
2025-10-21,Free Hit,"44th Move, Alfa Mist, Richard Spaven",Free Hit,2025,Y,N,N,N,N,289,Serato,
2025-10-21,Iron Chamber (feat. Lopez Milano & OGUN),Jayden Arbuckle,Iron Darts 5,2025,N,N,N,N,N,181,Serato,
2025-10-21,Atélier,"FloFilz, Matt Wilde, Toshiki Soejima",Atélier,2025,N,N,N,N,N,181,Serato,
2025-10-21,Virginio,Gianni Brezzo,Sprechiamo!,2025,N,N,N,N,N,223,Serato,
2025-10-21,Fall In Love (Alternate Take),OMA,J DILLA Live Instrumentals (Live at barouche 2025),2025,Y,N,N,N,N,192,Serato,
2025-10-21,Only,"Little Simz, Lydia Kitto",Lotus,2025,N,N,N,N,N,215,Serato,
2025-10-21,Hot Club,"Awon, J Brom, Skippy Black",Learn To Love EP,2025,N,N,N,N,N,181,Serato,
2025-10-21,It’s Okay (feat. Kassa Overall),"Emma-Jean Thackray, Kassa Overall",It’s Okay (feat. Kassa Overall),2025,Y,N,N,N,N,211,Serato,
2025-10-21,My Man,"The Pharcyde, J Sw!ft",My Man,2025,N,N,N,N,N,175,Serato,
2025-10-21,No Need (Edit),"Oscar Jerome, Ben Hauke",No Need,2025,N,N,N,N,N,206,Serato,
2025-10-21,Southwood,Harrison,Southwood,2025,N,N,N,Y,N,98,Serato,
2025-10-21,Ghostown!,"Yoni Mayraz, Tenderlonious",Ghostown!,2025,N,N,N,N,N,267,Serato,
2025-10-21,REBIRTH OF SLICK (COOL LIKE DAT),Kassa Overall,REBIRTH OF SLICK (COOL LIKE DAT),2025,Y,N,N,N,N,185,Serato,
2025-10-21,365 P (Tre Posti),"Bluestaeb, Melodiesinfonie, S. Fidelity",365 P,2025,N,N,N,N,N,252,Serato,
2025-10-21,Unwind,"Butcher Brown, Melanie Charles",Letters From The Atlantic,2025,Y,N,N,N,N,238,Serato,
2025-10-21,Andaraí,Azymuth,Andaraí,2025,Y,N,N,N,N,393,Serato,
2025-10-21,Found A Light (Beale Street),"Badbadnotgood, V.C.R",Found A Light (Beale Street),2025,Y,N,N,Y,N,436,Serato,
2025-10-28,live session 1,re.verse,live session 1,2020,Y,Y,N,Y,N,920,Serato,
2025-10-28,THE GYM DEMOS,CGSW,THE GYM DEMOS,2024,Y,Y,N,Y,Y,903,Serato,
2025-10-28,Shhh / Peaceful (LP Mix),Miles Davis,In A Silent Way,1969,Y,Y,N,N,N,1094,Serato - Tidal,
2025-10-28,I Know You See Me (Live),Kassa Overall,Live at Third Man Records,2024,Y,N,N,N,N,676,Serato - Tidal,
2025-10-28,Medley: Don't You Worry Bout A Thing (Live At Spear for Moondog),Yesterday's New Quintet,Madlib Medicine Show #7: High Jazz,2010,Y,N,N,N,N,879,Serato - Tidal,
2025-10-28,Tomita,Jaga Jazzist,Pyramid,2020,Y,Y,Y,N,N,827,Serato - Booth,
2025-11-04,Strawberry Blossoms,ZIMBA & Dr. MaD,SUPER 8,2023,N,N,N,Y,N,170,Serato,
2025-11-04,Tranquil,"Melodiesinfonie, Al Hug",Tranquil,2022,Y,Y,N,N,N,166,Serato - Tidal,
2025-11-04,Just Wrong,"Pino Palladino, Blake Mills",Notes With Attachments,2021,Y,Y,N,N,N,284,Serato - Tidal,
2025-11-04,Love For Life,"Talib Kweli, J. Rawls, Georgia Anne Muldrow, Jimetta Rose",The Confidence Of Knowing,2024,N,N,N,N,N,257,Serato - Tidal,
2025-11-04,Badabeeboo,"Puar, Inversion",Maneki-neko,2023,N,Y,N,Y,N,96,Serato - Tidal,
2025-11-04,prior st theme,Laizlo,2MOrrow,2020,Y,Y,N,Y,N,118,Serato,
2025-11-04,Down The Backstreets,"Guru, Lonnie Liston Smith",Jazzmatazz Volume 1,1993,N,N,N,N,N,288,Serato - Tidal,
2025-11-04,Watercolours,Allysha Joy,Light It Again,2020,N,N,N,N,N,268,Serato - Tidal,
2025-11-04,Thank You feat. Amir Bresler,Karolina,All Rivers,2022,N,N,N,N,N,167,Serato,Loop outro and mic
2025-11-04,"Cnt Go Back ( Tell Me ) feat. Liv.e, Butcher Brown, Jimetta Rose, V.C.R & Maurice II",B. Cool-Aid,Leather Blvd.,2023,Y,N,N,N,N,154,Serato - Tidal,Loop mid and fade out
2025-11-04,Phasing Through,Dominant,Prismatic,2019,N,Y,N,Y,N,177,Serato,
2025-11-04,Ice In My Wine,Beatchild,THIS (remastered),2023,N,Y,N,Y,N,231,Serato,Loop outro and mic
2025-11-04,Boys with Toys,Gap Mangione,The National Gallery,1968,Y,Y,N,N,N,166,Serato - Tidal,
2025-11-04,Take You Back,Tarik Robinson,Rotations,2021,N,N,N,Y,Y,191,Serato,
2025-11-04,Akinuba / The Heart (feat. Yusef Lateef),Web Web x Max Herre,WEB MAX,2021,Y,Y,N,N,N,284,Serato,
2025-11-04,Fall Afternoon,"Azymuth, Ali Shaheed Muhammad and Adrian Younge ",Azymuth JID004,2020,Y,Y,N,N,N,257,Serato,
2025-11-04,Blueslides,ScHoolboy Q,BLUE LIPS,2024,N,N,N,N,N,235,Serato - Tidal,Loop intro and mic
2025-11-04,Peace,Butcher Brown,Butcher Brown Presents Triple Trey (Deluxe Edition),2023,Y,N,N,N,N,369,Serato - Tidal,
2025-11-04,Violeiro,Prequel,Love Or (I Heard You Like Heartbreak),2021,N,N,N,N,N,311,Serato,Loop intro and mic
2025-11-04,The Deal,St. Panther,The Deal,2025,N,N,N,N,N,302,Serato - Tidal,
2025-11-04,Quiet Afternoon,Buddy Terry,Mainstream Funk,2022,Y,Y,N,N,N,613,Serato - Booth,
2025-11-11,Beside April (Reprise) (feat. Arthur Verocai),BADBADNOTGOOD,Talk Memory,2021,Y,Y,N,Y,N,100,Serato,
2025-11-11,White Sedan,Fazer,Mara,2018,Y,Y,N,N,N,420,Serato - Tidal,
2025-11-11,Old Familiar Feelin',Sargeant X Comrade,"Power, Vol. 1",2025,N,N,Y,Y,Y,175,Serato - Tidal,
2025-11-11,Float On,Trog'low,Lazy Cuts,2018,N,Y,N,Y,N,98,Serato - Tidal,
2025-11-11,Whoever Said Silence is Peace,St. Panther,Strange World,2025,N,N,N,N,N,171,Serato - Tidal,
2025-11-11,BC,Alfa Mist,Variables,2023,Y,Y,N,N,N,450,Serato - Tidal,
2025-11-11,Nightrider (feat. Freddie Gibbs),Tom Misch & Yussef Dayes,What Kinda Music,2020,Y,N,N,N,N,301,Serato - Tidal,
2025-11-11,Skipping Rocks,Oddisee,Rock Creek Park,2011,N,Y,N,N,N,250,Serato - Tidal,Loop intro and mic
2025-11-11,Enlightenment,Atlantis Jazz Ensemble,Celestial Suite,2023,Y,Y,N,Y,N,265,Serato,
2025-11-11,Rain Down,"Daniel Caesar, Sampha",Son Of Spergy,2025,N,N,N,Y,N,188,Serato - Tidal,
2025-11-11,Last Nite,"Potatohead People, Redman, Kapok",Eat Your Heart Out,2024,N,N,N,Y,N,221,Serato - Tidal,
2025-11-11,Talent Stick,Surprise Chef,Friendship EP,2023,Y,Y,N,N,N,240,Serato - Tidal,
2025-11-11,Space,"Hypnotic Brass Ensemble, Yasiin Bey",Space,2023,Y,N,N,N,N,238,Serato - Tidal,
2025-11-11,93 'Til Infinity,Souls Of Mischief,93 'til Infinity,1993,N,N,N,N,N,286,Serato - Tidal,
2025-11-11,Seemingly,Kaytranada,Timeless,2024,N,Y,N,Y,N,197,Serato,Loop intro and mic
2025-11-11,Two Hearts In 3/4 Time,The Avalanches,Since I Left You (20th Anniversary Deluxe),2021,N,N,N,N,N,204,Serato,
2025-11-11,You Shall Know the Truth,Prequel,Freedom Jazz Dance,2020,Y,Y,N,N,N,428,Serato - Tidal,Loop intro and mic
2025-11-11,Caló,"Garrett Saracho, Adrian Younge, Ali Shaheed Muhammad",Garrett Saracho JID015,2022,Y,Y,N,N,N,374,Serato - Tidal,
2025-11-11,Rejoice In Righteousness,The Bukkeyleo Quintet,Rejoice In Righteousness,1988,Y,Y,N,N,N,577,Serato - Tidal,
2025-11-18,SPOTTIEOTTIEDOPALISCIOUS,Kassa Overall,CREAM,2025,Y,Y,N,N,N,325,Serato - Tidal,
2025-11-18,Walk On By,Isaac Hayes,Hot Buttered Soul,1969,N,N,N,N,N,720,Serato - Tidal,
2025-11-18,Early Summer,Ryo Fukui,Scenery,1976,Y,Y,N,N,N,644,Serato - Tidal,
2025-11-18,Oakley's Car Wash,"El Michels Affair, Dave Guy",24 Hr Sports,2025,Y,Y,N,N,N,120,Serato - Tidal,Loop outro and mic
2025-11-18,Madvillainy Tribute,DOMi & JD Beck,Madvillainy Tribute,2020,Y,Y,N,N,N,261,Serato,
2025-11-18,Running Out the Clock,"Kiefer, The Kount",Between Days,2021,Y,Y,N,Y,N,232,Serato - Tidal,
2025-11-18,Jagger the Dagger,Eugene McDaniels,Headless Heroes of the Apocalypse,1971,Y,N,N,N,N,363,Serato - Tidal,
2025-11-18,Hydra,"Grover Washington, Jr.",Feels So Good,1975,Y,Y,N,N,N,549,Serato - Tidal,
2025-11-18,Yada Yada,Anderson .Paak,Ventura,2019,N,N,N,N,N,207,Serato - Tidal,
2025-11-18,Root of all Evil,Daniel Caesar,Son Of Spergy,2025,N,N,N,Y,N,265,Serato - Tidal,
2025-11-18,Hardcopy,Greg Osby,3-D Lifestyles,1993,N,N,N,N,N,279,Serato - Tidal,
2025-11-18,It's Good To Be Here,Digable Planets,Reachin' (A New Refutation Of Time And Space),1993,N,N,N,N,N,306,Serato - Tidal,
2025-11-18,Glasses,Sargeant X Comrade,"Power, Vol. 1",2025,N,N,Y,Y,Y,223,Serato - Tidal,
2025-11-18,California Games (feat. Earl Sweatshirt),"Armand Hammer, The Alchemist, Earl Sweatshirt",Mercy,2025,N,N,N,N,N,194,Serato - Tidal,
2025-11-18,Moonlite (Duality/Detroit Live Version),Ian Fink,DJ-Kicks: Theo Parrish,2022,Y,Y,N,N,N,499,Serato - Tidal,
2025-11-25,Stepping Into Tomorrow,Donald Byrd,Stepping Into Tomorrow,1974,Y,Y,N,N,N,313,Serato - Tidal,
2025-11-25,"New Phone, Who Dis?",Cyanca,Good Times,2023,N,N,N,N,N,230,Serato - Tidal,
2025-11-25,Jasmim Parte 1,Gabriel da Rosa,Jasmim Parte 1,2022,Y,N,N,N,N,199,Serato - Tidal,
2025-11-25,Cataracts (Instrumental),"Freddie Gibbs, Madlib",Bandana Beats,2020,N,Y,N,N,N,220,Serato - Tidal,
2025-11-25,Run for Cover,Visioneers,Marc Mac Presents Visioneers - Dirty Old Hip Hop,2006,N,N,N,N,N,203,Serato - Tidal,
2025-11-25,Reporting,Damu The Fudgemunk,Conversation Peace,2021,N,N,N,N,N,287,Serato - Tidal,
2025-11-25,Yeah Nah All Good,BENTLEY,MARLY,2023,Y,Y,N,N,N,180,Serato - Tidal,
2025-11-25,Tokyo,DJ Mitsu The Beats,New Awakening,2007,N,N,N,N,N,233,Serato - Tidal,Loop outro and mic
2025-11-25,My Story,Kero One,Windmills of the Soul,2006,N,N,N,N,N,345,Serato - Tidal,
2025-11-25,Dreaming About You,The Blackbyrds,Action,1977,Y,N,N,N,N,352,Serato - Tidal,
2025-11-25,La rue,Cortex,Troupeau bleu,1975,Y,N,N,N,N,267,Serato - Tidal,
2025-11-25,Take Yo' Praise,Camille Yarbrough,The Iron Pot Cooker,1975,N,N,N,N,N,254,Serato - Tidal,
2025-11-25,Field Museum,OkoNski,Magnolia,2023,Y,Y,N,N,N,215,Serato - Tidal,
2025-11-25,"NUTHIN BUT A ""G"" THANG",Kassa Overall,CREAM,2025,Y,Y,N,N,N,298,Serato - Tidal,
2025-11-25,Call,"Harleighblu, Bluestaeb",She,2019,N,N,N,N,N,196,Serato - Tidal,Loop intro and mic
2025-11-25,Erotic Surveillance,Badge Epoque Ensemble,Erotic Surveillance,2025,Y,Y,N,Y,N,176,Serato - Tidal,
2025-11-25,Autumn,"Ashley Henry, Theo Croker",Who We Are,2024,Y,Y,N,N,N,291,Serato - Tidal,
2025-11-25,No Bad Feelings Today,Juando,No Bad Feelings Today,2024,N,Y,N,N,N,213,Serato - Tidal,Loop outro and mic
2025-11-25,Right Hand Man,Katie Tupper,Right Hand Man,2025,N,N,N,Y,N,205,Serato - Tidal,
2025-11-25,Cornerstone,Omasta,Jazz Report from the Hood,2025,Y,Y,N,N,N,192,Serato - Tidal,
2025-11-25,Love is the Message (feat. Mansur Brown),"Yussef Dayes, Alfa Mist",Love is the Message,2018,Y,Y,N,N,N,449,Serato - Booth,
2025-12-02,I Love Music,Ahmad Jamal Trio,The Awakening,1970,Y,Y,N,N,N,442,Serato - Tidal,
2025-12-02,Cry!-Tender,Yusef Lateef,Cry! - Tender,1959,Y,Y,N,N,N,357,Serato - Tidal,
2025-12-02,First Love,Wendell Harrison,It's About Damn Time,2011,N,N,N,N,N,291,Serato - Tidal,
2025-12-02,By the Time I Get to Phoenix,profile,Sands of Time,1973,Y,N,N,N,N,290,Serato - Tidal,
2025-12-02,Stop Your Crying,"vbnd, Katie Tupper, The Soulmate Collective",Scum Funk,2021,Y,N,N,Y,N,273,Serato - Tidal,
2025-12-02,BIG POPPA,Kassa Overall,CREAM,2025,Y,Y,N,N,N,248,Serato - Tidal,Loop intro and mic
2025-12-02,Pale Blue Eyes,Lucy Rose,Pale Blue Eyes,2025,N,N,N,N,N,190,Serato - Tidal,
2025-12-02,Rainfall,Kofi Stone,Rainfall,2025,N,N,N,N,N,135,Serato - Tidal,
2025-12-02,caught in the rain,"[bsd.u], Howiewonder",caught in the rain,2025,N,Y,N,Y,N,82,Serato - Tidal,
2025-12-02,Growing Up In L.A.,"Myka 9, Blu, Mono En Stereo",God Takes Care Of Babies & Fools,2025,N,N,N,N,N,179,Serato - Tidal,
2025-12-02,Njalo Njalo,"Nomisupasta, Rapsody, Madlib",Njalo Njalo,2025,N,N,N,N,N,161,Serato - Tidal,
2025-12-02,Amami (feat. Minami Kizuki),Yussef Dayes,Amami (feat. Minami Kizuki),2025,Y,N,N,N,N,324,Serato - Tidal,
2025-12-02,Electric Relaxation,A Tribe Called Quest,Midnight Marauders,1993,N,N,N,N,N,213,Serato - Tidal,Loop intro and mic
2025-12-02,Three Slims Dynamite,Digable Planets,Beyond The Spectrum - The Creamy Spy Chronicles,2005,N,N,N,N,N,304,Serato - Tidal,
2025-12-02,Meduza,"Jazzbois, Gnork",Meduza,2025,Y,Y,N,N,N,304,Serato - Tidal,
2025-12-02,Bassa Bassa,Jembaa Groove,Bassa Bassa,2021,Y,N,N,N,N,302,Serato - Tidal,
2025-12-02,Welcome My Love,Steve Monite,Only You,1984,N,N,N,N,N,374,Serato - Tidal,
2025-12-02,Ladida - A COLORS SHOW,Rochelle Jordan,Ladida - A COLORS SHOW,2025,N,N,N,Y,N,223,Serato - Tidal,
2025-12-02,Six O'Clock Window Wiper,Way Ahead Trio,Strays EP,2025,Y,Y,Y,Y,Y,363,Serato - Booth,
2025-12-09,Christmas Time Is Here (Instrumental),Vince Guaraldi,A Charlie Brown Christmas,1965,Y,Y,N,N,N,366,Serato - Tidal,
2025-12-09,Mountain Top,John Henderson,John Henderson,2025,Y,Y,N,N,N,264,Serato - Tidal,
2025-12-09,Hold You,"Butcher Brown, Victoria Victoria",Letters From The Atlantic,2025,Y,N,N,N,N,231,Serato - Tidal,
2025-12-09,ALL THINGS...,Jahari Massamba Unit,YHWH is LOVE,2024,Y,Y,N,N,N,223,Serato - Tidal,
2025-12-09,Passage,Howiewonder,Passage,2025,N,Y,N,Y,N,153,Serato - Tidal,
2025-12-09,Sunset Cliffs,"Daniel Villarreal, Jeff Parker, Anna Butterss",Lados B,2023,Y,Y,N,N,N,271,Serato - Tidal,
2025-12-09,No Can Do,Kawfee,Memento,2019,N,Y,N,Y,N,100,Serato - Tidal,
2025-12-09,Winter Songs,Liv.e,CWTTY+,2021,N,N,N,N,N,234,Serato - Tidal,Loop mid and mic
2025-12-09,Dopefully,Duo Brothers,Duo Brothers,2020,Y,Y,N,N,N,324,Serato - Tidal,
2025-12-09,Polyfilla,Loyle Carner,hugo,2022,N,N,N,N,N,193,Serato - Tidal,
2025-12-09,Well Done,Typical Sisters,Grains,2021,Y,Y,N,N,N,219,Serato - Tidal,
2025-12-09,After the Smoke Clears,Orions Belte,Chris Holm,2021,Y,Y,N,N,N,246,Serato - Tidal,
2025-12-09,Kites,Karavelo,Rent Check,2017,N,Y,N,Y,N,187,Serato - Tidal,
2025-12-09,Popping Kerns,The Jazzual Suspects,The Jazzual Suspects,2019,Y,Y,N,N,N,224,Serato - Tidal,
2025-12-09,The Time,Soulstance,Life Size,2003,Y,Y,N,N,N,251,Serato - Tidal,
2025-12-09,Wander With Me,"Tom Misch, Carmody",Beat Tape 2,2017,Y,N,N,N,N,287,Serato - Tidal,
2025-12-09,Let's Stay Together,profile,Sands of Time,1973,N,N,N,N,N,245,Serato - Tidal,
2025-12-09,Heroine,Azamiah,In Phases,2023,Y,Y,N,N,N,302,Serato - Tidal,
2025-12-09,take over the world,Jaimie Branch,Fly or Die Fly or Die Fly or Die ((world war)),2023,Y,N,N,N,N,299,Serato - Tidal,
2025-12-09,Take Your Mask Off,"Tyler, the Creator",CHROMAKOPIA,2024,N,N,N,Y,N,254,Serato - Tidal,
2025-12-09,Effi,Max Roach,Members Don't Get Weary,1968,Y,Y,N,N,N,374,Serato - Tidal,
2025-12-16,Found You,Alfa Mist,Roulette,2025,Y,Y,N,N,N,319,Serato - Tidal,
2025-12-16,You Are The World,Donald Byrd,Stepping Into Tomorrow,1975,Y,Y,N,N,N,271,Serato - Tidal,
2025-12-16,Compared to What (Live at Montreux Jazz Festival),"Les McCann, Eddie Harris",Swiss Movement (Montreux 30th Anniversary),1969,Y,Y,N,N,N,516,Serato - Tidal,
2025-12-16,Searching,Roy Ayers,Vibrations,1976,N,N,N,N,N,250,Serato - Tidal,
2025-12-16,Universal Mother,Don Cherry,Hear & Now,1976,Y,N,N,N,N,405,Serato - Tidal,
2025-12-16,Poe Mans Dreams (His Vice),"Kendrick Lamar, GLC",Section.80,2011,N,N,N,N,N,261,Serato - Tidal,Loop intro and mic
2025-12-16,"Peace Go With You, Brother","Gil Scott-Heron, Brian Jackson",Winter in America,1974,Y,N,N,N,N,331,Serato - Tidal,
2025-12-16,Thelonious,Greg Osby,3-D Lifestyles,1993,Y,N,N,N,N,385,Serato - Tidal,
2025-12-16,Galileo - Galilei,Formace J Q,"Mini jazz klub, Vol. 27",1980,Y,Y,N,N,N,210,Serato - Tidal,
2025-12-16,Black Ego,Digable Planets,Blowout Comb,1994,N,N,N,N,N,422,Serato - Tidal,Loop intro and mic
2025-12-16,The End,Llorca,Newcomer,2001,Y,Y,N,N,N,398,Serato - Tidal,
2025-12-16,Uno Esta,Bobbi Humphrey,Fancy Dancer,1975,Y,Y,N,N,N,403,Serato - Tidal,
2025-12-16,Martian 2025 Intro,Moka Only,Martian XMAS 2025,2025,N,N,N,Y,N,88,Serato - Tidal,Loop intro and mic
2025-12-16,RL Sweater With The Skis,Moka Only,Martian XMAS 2025,2025,N,N,N,Y,N,153,Serato - Tidal,
2025-12-16,They Reminisce Over You (T.R.O.Y.),Pete Rock & C.L. Smooth,Mecca and the Soul Brother,1992,N,N,N,N,N,270,Serato - Tidal,
2025-12-16,Pusherman,Curtis Mayfield,Superfly,1972,N,N,N,N,N,300,Serato - Tidal,
2025-12-16,Peace/Dolphin Dance,"Joe McDuphrey Experience, Madlib",Shades Of Blue: Madlib Invades Blue Note,2003,Y,Y,N,N,N,339,Serato - Tidal,
2025-12-23,Xmas (We’ve Got),Cookin Soul,A TRIBE CALLED XMAS,2023,N,N,N,N,N,225,Serato,
2025-12-23,Butter Cookies,Cookin Soul,A TRIBE CALLED XMAS,2023,N,N,N,N,N,229,Serato,
2025-12-23,Merry Abstract Xmas,Cookin Soul,A TRIBE CALLED XMAS,2023,N,N,N,N,N,188,Serato,
2025-12-23,5 Foot Reindeer,Cookin Soul,A TRIBE CALLED XMAS,2023,N,N,N,N,N,196,Serato,
2025-12-23,Kamaal Xmas Time,Cookin Soul,A TRIBE CALLED XMAS,2023,N,N,N,N,N,132,Serato,
2025-12-23,Holiday Booty,Cookin Soul,A TRIBE CALLED XMAS,2023,N,N,N,N,N,229,Serato,
2025-12-23,Nut Job skit,Cookin Soul,A TRIBE CALLED XMAS,2023,N,N,N,N,N,62,Serato,
2025-12-23,Funky Xmas for Two,Cookin Soul,A TRIBE CALLED XMAS,2023,N,N,N,N,N,279,Serato,
2025-12-23,Soul Holidays,Cookin Soul,A TRIBE CALLED XMAS,2023,N,N,N,N,N,238,Serato,
2025-12-23,Opening Montage,Bird Peterson,The Bird Peterson Holiday Spectacular,2019,N,N,N,N,N,67,Serato,Start at red marker
2025-12-23,Ye Merry Gentlemen,Bird Peterson,The Bird Peterson Holiday Spectacular,2019,N,N,N,N,N,70,Serato,Loop intro and mic
2025-12-23,Happy Birthday (So Frosty),Bird Peterson,The Bird Peterson Holiday Spectacular,2019,N,N,N,N,N,125,Serato,
2025-12-23,Blue Christmas Loo Loo,Bird Peterson,The Bird Peterson Holiday Spectacular,2019,N,N,N,N,N,117,Serato,
2025-12-23,Christmas Magic,Bird Peterson,The Bird Peterson Holiday Spectacular,2019,N,N,N,N,N,160,Serato,
2025-12-23,Jingle Bells,Bird Peterson,The Bird Peterson Holiday Spectacular,2019,N,N,N,N,N,106,Serato,
2025-12-23,Trees,Bird Peterson,The Bird Peterson Holiday Spectacular,2019,N,N,N,N,N,127,Serato,Loop outro and mic
2025-12-23,Charlie Pt 1 (What A Tree),Bird Peterson,The Bird Peterson Holiday Spectacular,2019,N,N,N,N,N,63,Serato,
2025-12-23,Charlie Pt 2 (Skating),Bird Peterson,The Bird Peterson Holiday Spectacular,2019,N,N,N,N,N,118,Serato,
2025-12-23,One Religious Song (So Grandma Doesn't Give Me What'fer),Bird Peterson,The Bird Peterson Holiday Spectacular,2019,N,N,N,N,N,130,Serato,
2025-12-23,Skitch & I,Bird Peterson,The Bird Peterson Holiday Spectacular,2019,N,N,N,N,N,137,Serato,
2025-12-23,That Christmas,Bird Peterson,The Bird Peterson Holiday Spectacular,2019,N,N,N,N,N,134,Serato,
2025-12-23,Look At Them Presents,Bird Peterson,The Bird Peterson Holiday Spectacular,2019,N,N,N,N,N,107,Serato,
2025-12-23,Holiday Nut Mix,Bird Peterson,The Bird Peterson Holiday Spectacular,2019,N,N,N,N,N,116,Serato,Loop outro and mic
2025-12-23,Without Your Loving Arms,Bird Peterson,The Bird Peterson Holiday Spectacular,2019,N,N,N,N,N,110,Serato,
2025-12-23,The Christmas Waltz,Bird Peterson,The Bird Peterson Holiday Spectacular,2019,N,N,N,N,N,75,Serato,
2025-12-23,Let It Snow 2010,Bird Peterson,The Bird Peterson Holiday Spectacular,2019,N,N,N,N,N,88,Serato,
2025-12-23,The Grinch Pt 1 & 2,Bird Peterson,The Bird Peterson Holiday Spectacular,2019,N,N,N,N,N,244,Serato,
2025-12-23,Blazin Yule Logs,Bird Peterson,The Bird Peterson Holiday Spectacular,2019,N,N,N,N,N,87,Serato,
2025-12-23,It's Here,Bird Peterson,The Bird Peterson Holiday Spectacular,2019,N,N,N,N,N,100,Serato,
2025-12-23,Smoochin,Bird Peterson,The Bird Peterson Holiday Spectacular,2019,N,N,N,N,N,105,Serato,
2025-12-23,"A Wish, The Moon, And Silver Tongue Stewart",Bird Peterson,The Bird Peterson Holiday Spectacular,2019,N,N,N,N,N,139,Serato,Loop outro and mic
2025-12-23,8 Day Oil (featuring Deerflesh),Bird Peterson,The Bird Peterson Holiday Spectacular,2019,N,N,N,N,N,126,Serato,
2025-12-23,I Hope,Bird Peterson,The Bird Peterson Holiday Spectacular,2019,N,N,N,N,N,103,Serato,
2025-12-23,Charlie Pt 3 (Hark),Bird Peterson,The Bird Peterson Holiday Spectacular,2019,N,N,N,N,N,162,Serato,
2025-12-23,Charlie Pt 4 (Jingle Bells),Bird Peterson,The Bird Peterson Holiday Spectacular,2019,N,N,N,N,N,142,Serato,
2025-12-23,Snowfall,Bird Peterson,The Bird Peterson Holiday Spectacular,2019,N,N,N,N,N,78,Serato,
2025-12-23,The Spirit Of 89,Bird Peterson,The Bird Peterson Holiday Spectacular,2019,N,N,N,N,N,112,Serato,Loop outro and mic
2025-12-23,Razzleberry Dressing,Bird Peterson,The Bird Peterson Holiday Spectacular,2019,N,N,N,N,N,248,Serato,
2025-12-30,live session 1,re.verse,live session 1,2020,Y,Y,N,Y,N,920,Booth,
2025-12-30,COLORS,"Ashley Henry, Joshua Idehen",Beautiful Vinyl Hunter,2019,Y,N,N,N,N,269,Serato,Loop intro and mic
2025-12-30,Old Dogs,Avantdale Bowling Club,Avantdale Bowling Club,2018,Y,N,N,N,N,269,Serato - Tidal,Loop intro and mic
2025-12-30,Hey Lover,"Adrian Younge, Ali Shaheed Muhammad, Roy Ayers",Roy Ayers JID002,2020,Y,N,N,N,N,146,Serato,Loop intro and mic
2025-12-30,Great Divide,Carsten Rubeling,Volk // People,2019,Y,Y,N,Y,Y,239,Serato - Tidal,Loop intro and mic
2025-12-30,"Them Changes (feat. Ariana Grande, JD Beck, DOMi)",Thundercat,Adult Swim Festival 2020,2020,Y,N,N,N,N,289,Serato - Tidal,Loop intro and mic
2025-12-30,A Slice Of The Top,Makaya McCraven,Deciphering The Message,2021,Y,Y,N,N,N,192,Serato - Tidal,
2025-12-30,Tidal Wave,Butcher Brown,#KingButch,2020,Y,Y,N,N,N,212,Serato,Loop intro and mic
2025-12-30,My Margaret,_BY.ALEXANDER,000 CHANNEL BLACK,2020,Y,N,N,N,N,242,Serato - Tidal,
2025-12-30,Montara,Kiefer,Why Not? / Montara,2022,Y,Y,N,N,N,323,Serato - Tidal,"Loop outro and mic, FADE OUT"
2025-12-30,Keep On,Alfa Mist,Antiphon,2017,Y,Y,N,N,N,647,Serato - Tidal,
2025-12-30,Who's on the Playlist (feat. Judi Jackson),Kassa Overall,Go Get Ice Cream and Listen to Jazz,2019,Y,N,N,N,N,230,Serato - Tidal,Loop intro and mic
2025-12-30,The Message Continues,Nubya Garcia,Source,2020,Y,Y,N,N,N,404,Serato,
2025-12-30,All I'm Missing Is You,Prequel,Love Or (I Heard You Like Heartbreak),2021,N,N,N,N,N,280,Serato,Loop intro and mic
2025-12-30,The Official Bird Peterson New Years Eve Countdown,Bird Peterson,The Official Bird Peterson New Years Eve Countdown,2021,N,N,N,N,N,362,Serato,
